:020000022000DC
:106000000000042005930300459303004793030019
:10601000499303004B9303004D93030000000000DD
:10602000000000000000000000000000819203005A
:106030005193030000000000A19203005593030058
:10604000CD94030057930300579303005793030025
:106050005793030057930300616C030057930300A9
:10606000579303005793030057930300579303007C
:10607000579303005793030057930300579303006C
:1060800057930300059003005793030057930300B1
:10609000579303005793030057930300579303004C
:1060A000579303005793030057930300579303003C
:1060B0005793030057930300000000000000000006
:1060C000579303005793030057930300B99A0300B3
:1060D000579303005793030057930300ED6C02009E
:1060E00057930300579303005793030000000000E9
:1060F000000000005793030000000000319B0300E4
:10610000000000000000000000000000000000008F
:10611000000000000000000000000000000000007F
:10612000000000000000000000000000000000006F
:10613000000000000000000000000000000000005F
:10614000000000000000000000000000000000004F
:10615000000000000000000000000000000000003F
:10616000000000000000000000000000000000002F
:10617000000000000000000000000000000000001F
:10618000000000000000000000000000000000000F
:1061900000000000000000000000000000000000FF
:1061A00000000000000000000000000000000000EF
:1061B00000000000000000000000000000000000DF
:1061C00000000000000000000000000000000000CF
:1061D00000000000000000000000000000000000BF
:1061E00000000000000000000000000000000000AF
:1061F000000000000000000000000000000000009F
:10620000F1EE103A43F08073E1EE103A704700BFB0
:1062100010B5054C237833B9044B13B10448AFF3E0
:1062200000800123237010BDFC63002000000000EB
:1062300040E3030008B5034B1BB103490348AFF328
:10624000008008BD000000000064002040E303005F
:10625000154B002B08BF134B9D46A3F5803A002138
:106260008B460F461348144A121A15F01FF80F4BAD
:10627000002B00D098470E4B002B00D098470020F1
:10628000002104000D000D48002802D00C48AFF397
:10629000008014F0A1FF2000290013F085F814F00D
:1062A00087FF00BF0000080000000420000000007D
:1062B00000000000FC63002088880020000000002F
:1062C000000000000146014800F08EBA346400204E
:1062D00038B5064B1D783DB100242046013400F04E
:1062E00047FEE0B28542F9D838BD00BF30640020D7
:1062F000407DFF2806D010B500F086FD044618B199
:10630000204610BD0020704713F08EFD204610BDC2
:10631000407DFF280ED000B583B00DF1070100F0DD
:10632000C7FD20B19DF8070003B05DF804FB4FF0F6
:10633000FF30F9E74FF0FF30704700BF407DFF2886
:1063400011D000B583B001220DF1070100F068FD06
:1063500020B94FF0FF3003B05DF804FB9DF8070053
:1063600003B05DF804FB4FF0FF307047407DFF281D
:1063700001D000F0FDBD7047407DFF2801D000F046
:106380003DBE0020704700BFF8B50646407DFF289F
:106390001CD017465AB10D46144600F00FFD294691
:1063A000224680B1707D00F08DFD241A01D138465F
:1063B000F8BD054413F038FD707D00F0FFFC294660
:1063C00022460028EED13F1B3846F1E70020F8BDF9
:1063D0000AB32DE9F043524991F81C6191F81D511F
:1063E00091F81E7193B0994614467B1CAA1C8046F6
:1063F000B01C81F81C0181F81D2181F81E3101A813
:106400004222002114F052FFB9F1410F05D80020BB
:1064100013B0BDE8F083422070478DF806608DF818
:106420000E608DF82660721C40F20126D2B2ADF8E3
:106430001060DFF8F0C08DF81E20242640F6083EDC
:106440006B1C8DF827208DF83120ADF804E08DF815
:1064500016608DF820608DF82460CDF818C00426F1
:106460004FF0060C65F07F0540F209424FF0010E37
:1064700098F81410ADF80C208DF81CE005228DF86A
:106480001F608DF830608DF822C040F207568DF8FD
:1064900025C08DF82A5020464FF0030E63F07F048C
:1064A0004FF0080C02234FF411658DF814108DF88D
:1064B00007308DF808308DF809308DF812308DF8DE
:1064C00021308DF815208DF823208DF82BE08DF8E4
:1064D0002CC04FF00A0EADF82E504FF0400C01A921
:1064E000ADF8286007258DF833308DF840208DF801
:1064F0004140422244F20204ADF838608DF83B304E
:106500008DF83A708DF834E08DF83CC08DF83F502E
:10651000ADF8424014F0A6FE422013B0BDE8F0836F
:106520003464002020010524A0F11000FFF750BFC3
:1065300070B50368184A5B6882B093428DF8071003
:1065400024D10546407DFF281DD000F037FC0DF119
:10655000070601243146224688B1687D00F0B2FC6E
:10656000241A02D1012002B070BD064413F05CFC75
:10657000687D00F023FC314622460028EDD1C4F1AD
:10658000010002B070BD002002B070BD01220DF10B
:106590000701984702B070BD89630200437DFF2B5D
:1065A00000D07047094B1A78002AFAD110B500F1D3
:1065B000100442750649204601221A7000F0E0F9E5
:1065C00021460448BDE8104000F0F0B830640020D7
:1065D000B0D5030034640020407DFF2807D000B50B
:1065E00083B000F0EBFB20B103B05DF804FB0020AA
:1065F0007047019013F018FC019803B05DF804FB9C
:1066000001B900B1704700B583B0694600F0ECFBFA
:10661000009BB3F5966F02D003B05DF804FB00F069
:106620007BFBF9E730B4084B084A4FF47F4102F195
:106630000805002430324FF47A7099821D60C3E956
:1066400001401A6130BC704718640020C0D50300B7
:106650002DE9F0410024484E2546435D4719A3B17A
:1066600003F14002D2B2012A0AD9F42B08D81A0643
:106670000ED44FF0010EA3F55842B2F5006F56D27A
:1066800001354719435D002BEAD12046BDE8F08172
:1066900003F0E002C02A57D003F0F002E02A66D0EF
:1066A00003F0F802F02AEBD103F007024FF0040EDA
:1066B0007B7803F0C00CBCF1800FE1D197F802C0E9
:1066C0000CF0C00803F03F03B8F1800F43EA8213D7
:1066D000D6D10CF03F0CBEF1030F4CEA83132DD042
:1066E000FA7802F0C007802FCAD102F03F0242EAD6
:1066F0008313A3F58032B242C2D8A3F55847B7F549
:10670000006FBDD3B3F5803F05F1040510D31E2CF7
:10671000BBDC6300970A0B44C2F30902A7F52057BC
:10672000A2F5105221F814705A80023495E775448E
:10673000202CAAD021F8143001348EE7A3F5006292
:10674000B2F5784F97D39BE77A7802F0C007802F95
:1067500003F01F0394D102F03F0242EA8313A3F136
:106760008002B2F5F06F8BD24FF0020E83E703F098
:106770000F024FF0030E9BE7FFFF0F0090F8503120
:106780000B2B0CD871B103F1480210B45C1C80F8DB
:10679000504140F822105DF8044B18467047002322
:1067A000184670470B461846704700BF70B5044640
:1067B0000E68B4F81821B4F81A31656936689B1A66
:1067C00008469BB294F81C112A44B04758B1B4F85B
:1067D00018216369104480B2A4F81801588094F815
:1067E0001C211A71012070BD2DE9F043284DDFF8FE
:1067F000B090AC4604468846BCE80F0089B003AFB1
:106800000FC703AE0FCE05F1140E25460FC59EE847
:106810000700DCF800303B806B4636682E8003C3EF
:106820006B4603CB012504F118034FF480766361B6
:10683000A061E16184F8202004F59870C4F81891F3
:106840002022A4F81C61002184F81E5114F02EFDB2
:1068500040F20947042240F2EF230E4E0E48C4F8DE
:1068600028010021C4F82C1184F85021A3804FF492
:10687000E131A571C4F82071C4F824610748FFF71D
:106880008DFE404600F036FA284609B0BDE8F08398
:10689000F4D5030024D603002CD60300186400208E
:1068A000090000010048704734640020014B58691A
:1068B000704700BF346400202DE9F04F89B0F8B173
:1068C000032816D02B4C94F8503183424FD94830CE
:1068D00004F5AA7154F82000FFF7BAFEC0B20130E7
:1068E000400040F44070A4F85201234809B0BDE8CC
:1068F000F08F204CD4F82C0150B104F5AA71EBE7CD
:106900001C4CD4F82031A4F854314FF44170EAE71C
:10691000684600F003FA054610B300F1FF3A0DF1A6
:106920000103164FE94653FA8AFAA64604AE97E8E1
:106930000F0019F801CB86E80F000CF00F080DF1DD
:10694000200BD8440BEB1C1C18F8108C1CF8103CC6
:10695000AEF85681D145AEF854310EF1040EE6D1B1
:106960006800C0B20130400040F44070BBE7002036
:10697000BCE700BF346400208665002014D6030005
:1069800010B504460248FFF7F9FE207110BD00BFA4
:106990003464002030B5144C236883B013B31868F6
:1069A00051B909F0B3FC236893F90400012103B045
:1069B000BDE8304013F06CBC0C4B00930025012364
:1069C0008DF805308DF8045002AB13E9060009F08C
:1069D00039FC236893F90400294603B0BDE8304030
:1069E00013F056BC03B030BDC865002080BA8C01DE
:1069F0000448006828B108B5006809F08DFC012042
:106A000008BD7047C8650020084B1B6843B141B9F9
:106A1000074B4022C3F88020BFF34F8FBFF36F8F27
:106A20007047034B40221A60704700BFC8650020C2
:106A300000E100E0024B53F8200000B1C06870474D
:106A4000CC65002030B4094CBDF8085054F8204003
:106A500044B1246934B10846A44611461A462B466F
:106A600030BC6047002030BC704700BFCC650020C0
:106A700030B4084CBDF8085054F8204044B1646963
:106A800034B10846A44611461A462B4630BC60472E
:106A900030BC7047CC650020024B186808B190F8F4
:106AA00060007047D46500202DE9F843234C256829
:106AB000002D3CD01E462C2303FB00531746D3F871
:106AC000209088460446B9F1000F32D0484615F0B0
:106AD00027F92C2303FB0454D4E90954DFF864C0DC
:106AE000174B08280246494628BF08224046002D79
:106AF00008BF6546002C08BF1C4614F0B3FB2846AF
:106B000015F00EF910280246294628BF10223846F3
:106B100014F0A8FB204615F003F90428024621468C
:106B2000304628BF0422BDE8F84314F09BBBBDE803
:106B3000F883DFF814900820CBE700BFD46500206D
:106B400058D6030048D603003CD6030070B5104E5B
:106B50003368D3B12C2404FB0034054662691AB1B2
:106B60009047336884F832002C2202FB053393F8F7
:106B7000324014B10124204670BD284623463A22F3
:106B8000022101F0E7F8204670BD1C46204670BD8A
:106B9000D4650020074B1B6853B110B42C2404FBB0
:106BA0000030C46A038E0C6013805DF8044B70479C
:106BB000704700BFD465002008B5202200230521BE
:106BC00001F0C8F84FF0FF3008BD00BF30B4094CE9
:106BD00024685CB10D4611462C2202FB0044E46996
:106BE00024B11A462846234630BC1847012030BC41
:106BF000704700BFD465002030B4094C029A246865
:106C000054B10D462C2101FB0044A46824B119465F
:106C10002846234630BC18474FF0FF3030BC704741
:106C2000D465002030B4094C029A246854B10D4652
:106C30002C2101FB0044E46824B119462846234670
:106C400030BC18474FF0FF3030BC7047D46500208F
:106C5000044B1B682BB12C2202FB0030036903B1EB
:106C600018477047D4650020054B1B682BB12C22B8
:106C700002FB0030836903B118470120704700BF51
:106C8000D465002005F0DCBB00B5164B83B0402274
:106C9000002483F8272301A9012320468DF804301E
:106CA0008DF8054002F0DAFE4FF0804302A8D3F8D9
:106CB000385400F8084D12F0C3FB0B4B019301A8A8
:106CC00012F0EAFB12F0FAFBEB0707D400214FF0B9
:106CD000FF3002F04DFFFFF7FBFAF7E7204605F023
:106CE000AFFBF3E700E100E0856C0200002005F057
:106CF0001DB800BF00B5002383B00322CDE90023F7
:106D000003490448C82211F03DF903B05DF804FBC3
:106D10005CD60300896C020013F032BA4FF0805247
:106D2000536E1BBA0360136E1BBA43600820704792
:106D30000048704764D6030070B51E4C2368D3B179
:106D4000012901D0012070BD1578C5F34115012D31
:106D500013D0022D0FD15478012C21D0022CF1D167
:106D60009388072B07D1144C114623892246BDE88E
:106D7000704003F035BE002070BD51782229E1D16A
:106D800011465288003218BF01225A7503F010FED6
:106D90002268D369002BD5D0507D9847284670BD16
:106DA0009C69002CE7D0114623782246BDE870404C
:106DB00003F016BED86500200460002010B504461C
:106DC00002F034FE08B9002010BD02F037FE0028A2
:106DD000F9D1044B4FF4367202FB0434207900F0F1
:106DE000010010BD5C660020064A4FF4367303FBB9
:106DF00000230833186808609A889B798B718A8011
:106E0000704700BF5C66002008B5044A4FF4367333
:106E100003FB0020103002F055FC08BD5C6600202A
:106E20002DE9F8434FF4367404FB00F41E4E4FF680
:106E3000FF73074604F110054FF6FE70824288BFCB
:106E40001A463544284692B202F066FC804602F0AB
:106E5000EDFD10B94046BDE8F88302F0EFFD814634
:106E60000028F7D13444E378002BF3D0284602F011
:106E700041FC3F28EED9E178484603F0E7FC0028C2
:106E8000E8D0284602F036FC3F2804D8E17848468E
:106E900003F0ECFCDEE7054AE178484602EBC71256
:106EA000402303F0F3FCD5E75C660020DC6500209E
:106EB000034A4FF4367303FB0020103002F096BCF7
:106EC0005C6600202DE9F8434FF4367505FB00F5AC
:106ED000244F4FF6FF73064605F124044FF6FE706B
:106EE000824288BF1A463C4492B2204602F0B8FC67
:106EF0008046204602F0E6FB3F2802D84046BDE827
:106F0000F88302F093FD0028F8D002F097FD814647
:106F10000028F3D1204602F0D5FB0028EED03D44F6
:106F20004846A97803F092FC0028E7D00E4B402297
:106F300002EBC6161E442046314602F0EDFB034626
:106F400060B13246A978484603F0A0FC0028D5D1AC
:106F5000064B1B68DB07D1D500BECFE7A97803F04D
:106F600085FCCBE75C660020DC650020F0ED00E0EE
:106F70002DE9F041804602F059FD10B90020BDE82E
:106F8000F08102F05BFD07460028F7D14FF436741C
:106F900004FB08F4164E04F124053544284602F09B
:106FA00091FB0028EAD026443846B17803F04EFC25
:106FB0000028E3D040220F4B02EBC8189844284623
:106FC000414602F0A9FB044660B14246B17838461A
:106FD000234603F05BFC40B9074B1B68DB07CDD5AC
:106FE00000BECCE7B17803F041FC2046C7E700BF04
:106FF0005C660020DC650020F0ED00E008B5044A86
:107000004FF4367303FB0020243002F073FB08BDFD
:107010005C66002070B5204C82B000214FF43672BF
:1070200020460D4614F042F9FF234FF4E1320826C2
:1070300004F138016371A26001234FF4807200955E
:1070400004F11000A67302F001FB144B1B78C3F38C
:107050008003009304F59C7101234FF4807204F1C6
:10706000240002F0F3FA04F50E71012010F0FAF991
:1070700004F522710646012010F0F4F906B130B98A
:10708000074B1B68DB0700D500BE02B070BDC4E92A
:107090000756C4E90C05F8E75C660020B8600020DC
:1070A000F0ED00E038B5094C206A256B20B110F0F6
:1070B000D1FD0023C4E907332DB1284610F0CAFDE5
:1070C0000023C4E90C33012038BD00BF5C660020FA
:1070D00010B50E4C0E482378002202600271DA07C8
:1070E00009D59B070DD521780A48C1F38001BDE879
:1070F000104002F063BC103002F040FC23789B0784
:10710000F1D4044802F03AFCEDE700BFB86000207B
:107110005C660020806600202DE9F0414B79022B4F
:1071200082B004D00025284602B0BDE8F0818B79FA
:10713000022BF7D1364EB3782BB1364B1B68DB07E9
:10714000F0D500BEEEE78B7833700C780C44074620
:107150006378242B4FF009050BD1082A02D822E0CE
:10716000AA4220D323781C441D446378242BADB25B
:10717000F6D0052B38D0042B15D163790A2B12D108
:10718000254A94F800800192022301320092384689
:1071900004EB08011A4603F095FA0028CDD00E350D
:1071A00018FA85F5ADB202F041FC0028BBD002F020
:1071B00045FC04460028B6D1F378002BB3D017481D
:1071C00002F098FA3F28AED9F178204603F03EFB52
:1071D0000028A8D0114802F08DFA3F28F17811D884
:1071E000204603F043FB9EE72146384603F00AFBA6
:1071F0000028A2D0A378737023781C441D44ADB23C
:107200006378B8E7064A2046402303F03FFB8AE74D
:107210005C660020F0ED00E05E6600206C660020F9
:10722000DC65002038B5137803F06003202B01D013
:10723000002038BD294C938825789D42F8D1537899
:10724000203B032BF4D8DFE803F008151E020129C8
:1072500036D0032939D0012038BD01290CD00329AB
:10726000F9D11F4B002BF6D01E490020AFF3008050
:10727000012038BD0129EED111460723194A03F038
:10728000AFFB012038BD01291AD00329E3D1164BE9
:1072900055881B781548257113F004011CBFE9437C
:1072A00001F0010102F08AFB114B002BD3D0C5F392
:1072B000400205F001010020FFF7A2F9012038BDCE
:1072C000114603F075FB012038BD0A4B002BC2D0DC
:1072D00051880020AFF30080BDE700BF5C6600204E
:1072E0000000000064660020B86000208066002076
:1072F00001660200000000002DE9F0475F4CE278D3
:107300008A420D4680461F4659D15D4E9AB231469B
:1073100004F1100002F0A4FA5A4BC3B16379FF2BB9
:1073200015D0A7B106EB070A04F1100902E0564593
:107330000DD0637916F8012B9A42F8D1484602F035
:10734000D1F90028F3D16179AFF30080EFE74E4B1C
:1073500023B14E4802F0C6F9002863D002F066FB64
:10736000002862D1A3789D4202D00120BDE8F087B9
:10737000474B13B10020AFF3008002F057FB002809
:107380002BD1444802F09EF90028EED1002FECD01A
:1073900017F03F07E9D1A178404603F057FA0028DB
:1073A000E3D0A17840463B463A4603F06FFA002806
:1073B000DBD1394B1B68DA070CD500BED6E7A378C2
:1073C0008B42D5D0344B1B68DB0703D500BE0020B1
:1073D000BDE8F0870020BDE8F08702F02FFB0546EE
:1073E0000028CED12B4802F06DF90028C9D0A17831
:1073F000284603F02BFA0028C3D04022274925480D
:1074000002F08AF9034600282CD02846234AA178A6
:1074100003F03CFA0028A8D11F4B1B68D907B0D550
:1074200000BEAEE7AFF3008098E702F007FB064628
:10743000002897D1E378002B94D0144802F05AF931
:107440003F288FD9E178304603F000FA002889D030
:107450000E4802F04FF93F28304607D8E17803F094
:1074600005FA7FE7A17803F001FA8AE74023044A8E
:10747000E17803F00BFAA37875E700BF5C660020A3
:10748000DC65002000000000000000006C660020A9
:107490000000000080660020F0ED00E01C66002087
:1074A000704700BF01207047704700BF704700BFA2
:1074B000044B0022C3E90022C3E90222C3E90422EB
:1074C000704700BFB46A002001207047044B0022BF
:1074D000C3E90022C3E90222C3E90422704700BFC6
:1074E000B46A00202DE9F0434B79032B83B004D01C
:1074F0000024204603B0BDE8F0830B79C3EBC3043E
:107500001234A4B2944205D9254B1B68DA07EFD593
:1075100000BEEDE7234A5578002D3ED0557B002D67
:10752000F2D102F10C054FF4A0770E788A1992F887
:1075300001C0BCF1210FE7D1AA608946895D804670
:107540006E1CA81C1144CDE900061A4640460323D0
:1075500003F0B8F80028D7D099F80630A978012BA5
:1075600004BF99F80730EB700123AB7199F8022042
:10757000AB682A70B3F80730AB800029B9D00A4A4B
:1075800040463A44402303F081F90028B1D1044B2E
:107590001B68DB07ADD500BEABE715468027C4E707
:1075A000F0ED00E0B46A0020346900202DE9F047D6
:1075B000137803F01F06012E82B003D0002002B022
:1075C000BDE8F087DFF80882978898F80040FFB29E
:1075D000BC4200F0B08098F80C40BC42EED1374677
:1075E000B4464FF0C00E4FF0130A4FF0120913F0DB
:1075F00060030C460546164604D1012900F0A4801C
:107600000120DCE7202BD9D15378013B0A2BD5D8B8
:1076100001A252F823F000BFED760200E3760200EB
:10762000CD760200BD750200BD750200BD75020079
:10763000BD750200BD7502008D7602006576020000
:107640004576020001291BD00329D9D173880C2665
:1076500006FB0786DBB260461946B371FFF720FFD1
:107660000120ACE70129CBD173880C2202FB0787EC
:107670001B0A60461946FB71FFF714FF00289DD0D6
:107680003146284603F094F9012098E7012900F0DB
:1076900086800329B4D1F48871884B4B402C4FEA83
:1076A0001122204628BF402011F0FF01734407D06B
:1076B000012C05D91C788C4202D1013880B20133EB
:1076C00000906046FFF7D4F9012078E7012997D1AF
:1076D00008EB090231462846234603F081F920468B
:1076E0006DE701298CD108EB0A02F3E7012987D164
:1076F000F3887188344F402B4FEA1122184628BF77
:10770000402011F0FF01774454D0012B52D90138A9
:1077100080B239707B1C00906046FFF793F90444F7
:10772000A3B2002B49D1294A1268D2077FF546AF90
:1077300000BE184643E74FF0000E7746F4464FF080
:10774000070A4FF0060952E75378062B7FF436AF4D
:1077500053881B0A212B12D0222B7FF42FAF6046B7
:10776000FFF768F97B001F4408EB870802463146A3
:107770002846B8F8043003F033F920461FE77B00B1
:107780001F4408EB8708D8F80820002A3FF416AFFA
:107790001378314602B0BDE8F04703F021B9F38811
:1077A000402B3FF60BAF084A3146724403F018F9FC
:1077B000204604E73B460024ADE73A4631462846DA
:1077C00003F00EF90120FAE634690020F0ED00E044
:1077D000B46A0020F0B52C4CA67865788E4283B050
:1077E000074610D0A9422CD0A07B657B88423FD0B1
:1077F000A94244D0254B1B68DA0702D4002003B00D
:10780000F0BD00BEFAE780264FF0400C0020A942F0
:107810009BB21AD01E4D3544FAB9009311462B463F
:107820000222FFF725F92A46A1783846402303F0C3
:107830002DF80028E3D1154B1B68DB07DED500BE11
:10784000DDE74FF0400C00209BB2114961444AB97A
:107850001A46FFF729FE0120D1E72A460221FFF749
:1078600025FEE0E70A460121FFF720FE0120C6E7DA
:107870000C344FF4A0764FF4807C0120C7E74FF41E
:10788000807C0120E0E700BFB46A0020F0ED00E05A
:107890003469002070B5194C82B000210D464FF4B8
:1078A000EC72204613F002FD04F13801012380221E
:1078B00004F11000009501F0C9FE04F1B8010123A4
:1078C0008022009504F1240001F0C0FE04F59C71B3
:1078D00001200FF0C7FD04F5C471064601200FF02A
:1078E000C1FD30B9064B1B68DB0700D500BE02B0F6
:1078F00070BDC4E90756C4E90C05F8E74C6B0020DD
:10790000F0ED00E038B5094C206A256B20B110F08D
:10791000A1F90023C4E907332DB1284610F09AF9E4
:107920000023C4E90C33012038BD00BF4C6B00209C
:1079300010B5084C002304F11000C4E90033C4E979
:10794000023302F01BF804F12400BDE8104002F0FD
:1079500015B800BF4C6B00202DE9F0434B79012B8B
:1079600083B004D00025284603B0BDE8F0838B79AE
:10797000012B0C46064616D049780429F2D1002581
:10798000032BEFD1E379002BECD1DFF8FC8098F8E2
:10799000013013B998F802700FB3384B1B68DB073E
:1079A000E0D500BEDEE7CB79002BDBD10B781C44A1
:1079B0009DB2617824290BD1954202D9D2E7AA421F
:1079C000D0D323781C442B44617824299DB2F6D06F
:1079D0000429C7D16379012BC4D1A379D0E7A37857
:1079E00088F8003094F8009021794D44ADB2A1445C
:1079F00039B925E099F800308F421D44ADB2994461
:107A00001ED2AA421CD399F80130052BF2D1494667
:107A10003046019202F0F6FE019A0028BDD099F896
:107A20000230D90914BF88F8013088F8023099F87B
:107A30000030217901371D44FFB2ADB29944D9E736
:107A40000F4801F057FE3F288DD998F8021000200A
:107A500002F0FCFE002886D0094801F04BFE3F28CA
:107A600098F8021003D8002002F000FF7BE7054AD7
:107A70004023002002F00AFF75E700BFF0ED00E0B0
:107A80005C6B00200C6B00204C6B002000207047CA
:107A9000F8B53C4DAA788A421F4612D19AB23A49AB
:107AA00005F1100001F0DCFE384B13B10020AFF3FC
:107AB0000080374801F01EFE3F282CD801242046C4
:107AC000F8BD6B788B4208D0324B1C6814F001046F
:107AD000F5D000BE00242046F8BD064605F124007E
:107AE00001F0F0FD40BB2C4801F0ECFD0028E5D191
:107AF000002FE3D017F03F07E0D16978304602F05D
:107B0000A5FE04460028D9D0697830463B463A465F
:107B100002F0BCFED3E7A978002002F097FE0446ED
:107B20000028CBD01A4801F0E5FD3F28A9781ED8DF
:107B3000002002F09BFEC2E76978002002F086FE7A
:107B40000028D0D04022154905F1240001F0E4FDC1
:107B5000034690B1114A6978002002F097FE002890
:107B6000ACD10C4B1B68DB07BDD500BEBBE7064A9A
:107B70004023002002F08AFEA1E7697802F076FE39
:107B8000B1E700BF4C6B00200C6B00200000000030
:107B90005C6B0020F0ED00E0706B0020CC6A0020F0
:107BA00030B4114B9C689A6B93F83C5083F82C10BE
:107BB000A21A022183F830109A6225B942F2050117
:107BC00083F83E50998744B13AB11A7BD20906D165
:107BD00093F82F1030BC02F099BE30BC704793F878
:107BE0002E1030BC02F092BE246F002038B5214B1D
:107BF000214C05461BB1607BFFF736F8A8B1A06B9E
:107C0000A36894F82F101D4A1B1AB3F5007F28BFF4
:107C10004FF4007328469BB202F038FE20B9184B8F
:107C20001B68DB0700D500BE38BDA268A36B84F8D3
:107C30003E0042F20771D31A0120A1870221A362FC
:107C400084F82C0084F83010002AEDD0002BEBD003
:107C5000237BDB0906D194F82F102846BDE8384075
:107C600002F054BE94F82E102846BDE8384002F0C9
:107C70004DBE00BF696C0200246F0020246D0020FF
:107C8000F0ED00E070B5304CE28AA36852BA92B2CF
:107C900086B0054612B1B3FBF2F292B2A66BD4F8ED
:107CA0001110607B9B1BB3F5007F28BF4FF400735E
:107CB00009BA0093B6FBF2F302FB13621944234B9B
:107CC000FEF79AFF031E20DB94F82E200DD01146FC
:107CD0009BB228461D4A02F0D9FDA0B91C4B1B6877
:107CE000DB0710D500BE06B070BD0724194603A8F7
:107CF0008DF80C508DF8102005938DF811308DF80B
:107D00000D4002F0B7FB06B070BDA268A36B43F64E
:107D100002200021D31AA08784F83E1001200221FE
:107D2000A36284F82C0084F83010002AEBD0002BDA
:107D3000E9D0237BDB0914BF94F82E1094F82F10A0
:107D4000284602F0E3FDDEE7246F0020246D0020CA
:107D5000F0ED00E010B4054C012084F83C1084F8EC
:107D60003D2084F83E305DF8044B7047246F0020BE
:107D700040220021014813F099BA00BF246F00206F
:107D800040220021014813F091BA00BF246F002067
:107D90004B79082B01D0002070478B79062BFAD144
:107DA000CB79502BF7D1162A06D81C4B1B68D90764
:107DB000F1D500BE0020704770B5194D8B7885F85D
:107DC0002D300B7882B005F12F0205F12E061944F3
:107DD0000223CDE900261A46044602F073FC48B996
:107DE0000E4B1B68DA0702D500BE02B070BD002042
:107DF00002B070BD204695F82F100A4A00241F23B8
:107E000085F8304002F042FD30B9044B1B68DB07B7
:107E100002D500BE1720E8E71720E6E7F0ED00E006
:107E2000246F0020246D0020012901D0012070471B
:107E3000F0B5137803F07F01022985B0054606D01E
:107E400003F06003202B1AD0002005B0F0BD547859
:107E5000012CF5D15388002BF6D1434E918896F82A
:107E60003030042BC9B279D096F82E408C423DD0E8
:107E700096F82F408C4257D0012005B0F0BD5378C2
:107E8000FE2B16D0FF2BDFD15388002BDCD1D488FA
:107E9000A3B2002BD8D1344E1146284686F8303094
:107EA000C6E90D33B48786F83E3002F081FD01202B
:107EB000CBE75388002BC7D1D388012BC4D12B49E2
:107EC0008DF80F3000294DD00192FEF7E5FD019AA3
:107ED0000028B9D0431EDBB204AC114604F8013DC2
:107EE00028462246012302F07BFDC5E7022BC3D1C1
:107EF000B26BB3681E4F9B1AB36206F120030FCB1F
:107F000007C73A46214602F80C39032428460D23B8
:107F100086F8304002F0BAFC0028ADD1154B1B6842
:107F2000DB0791D500BE90E7002BA5D1214602F0DA
:107F3000DFFC0028A0D12146284602F005FD0028DC
:107F40009AD1002496F82F10094A86F83040284626
:107F50001F2302F09BFC0028E0D08DE702F0D6FC46
:107F6000204672E70B46B7E7246F0020996A0200AB
:107F7000246D0020F0ED00E02DE9F041B44C94F8C0
:107F80003050012D8EB01E46074645D028D3032D14
:107F900005D0022D5FD001200EB0BDE8F08194F82D
:107FA0002E308B42F7D10D2EF5D1E37B282B00F03C
:107FB0001A812A2B40F00D81A64B13B1607BFEF78E
:107FC00047FE002594F82F10A34A84F830501F2351
:107FD000384602F05BFC002861D094F83050D8E7B6
:107FE00094F82F508D42D6D11F2B06D1DFF868822E
:107FF0009A4BD8F800209A4271D0042394F82E109E
:1080000084F83030384602F081FC384694F82F105E
:1080100002F07CFC0020BFE7B3F5007F08D9904B4D
:108020001B68D90700D500BE00200EB0BDE8F08166
:10803000E27BA36B282A00F087802A2A00F08F8039
:10804000217B626B1E44CB09A66336D096422CD3AB
:10805000022384F8303094F82E10384602F074FC75
:10806000002898D1A368A26B94F82E60934202D99D
:10807000217BC9092ED19B1A7A4AA3620FCA764D79
:1080800007C52A46314602F80C39032538460D2328
:1080900084F8305002F0FAFB00287FF47CAF704B7C
:1080A0001B68DB07C0D500BE76E76D4B1B68DA079F
:1080B00093D500BE94F830506BE793B2607B664A6C
:1080C00004F10F01FEF778FD0028C0F29F80A66B37
:1080D000626BBBE73146384602F018FC5BE7C446EA
:1080E000BCE80F0026460FC69CE80F0007C626F81E
:1080F000023B1B0C3370D4E90123E17B5A4E6262D0
:1081000001200022282963632662A26284F82C20C1
:10811000A26384F8300000F0AD802A2900F0DF80EF
:10812000002B00F0EF80227BD20940F0EB80B3F50A
:10813000007F00F26F819BB22946474A384602F021
:10814000A5FB0028ABD048E7626B1E449642A663AD
:10815000BFF47EAFFFF796FD94F8305019E7E28A3E
:1081600052BA92B21AB1A168B1FBF2F292B2D4F84B
:108170001110394DB3FBF2FC09BA02FB1C32607BD3
:10818000009661442B46FEF74DFD0028C0F2FB81AE
:10819000864230D9361A40B1A36B291813FA80F3FE
:1081A00032462846A36313F068F8002394F82F5052
:1081B0008DF818500722194605A88DF814700796F7
:1081C0008DF819308DF8152002F054F994F83050DC
:1081D000DFE6264B002B3FF4F4AE04F10F01607B89
:1081E000AFF30080EDE6224B002B3FF4EAAE607B5C
:1081F000AFF30080E5E6D4E90D231E449642A66362
:10820000BFF426AF3846FFF7F1FCE6E6A368A66B9D
:1082100094F83C1084F82C509A1B0220A26284F837
:10822000300021B942F2050084F83E10A087002BEF
:108230003FF44EAF002A3FF44BAF237BDB0940F005
:10824000E58194F82F10384602F060FB3FE700BF4D
:10825000246F0020516C0200246D002055534243CE
:10826000F0ED00E0446F0020555342530000000041
:1082700000000000E28A52BA92B20BBB002A3FF41F
:10828000E7AE94F83C10A362022284F82C2084F814
:10829000302000297FF4DFAE42F205010022A187E1
:1082A00084F83E20002B3FF4D6AE237BDB0940F060
:1082B0009A812946384602F029FB94F8305068E646
:1082C000207BC00913D0002A00F08081B3FBF2F2BA
:1082D000002A00F0A3812829384694D13AE7E28A9F
:1082E00052BA92B2002BC9D0207BC009EBD094F8CF
:1082F0003C10A362022284F82C2084F8302000294C
:10830000CAD0D2E7667B252900F22B81DFE811F085
:10831000220129012901E500290129012901290159
:1083200029012901290129012901290129012901FD
:1083300029012901BD00290129012901290129015A
:1083400029012901990087002901290171002901CA
:108350002901290129014C0029012600304604AADF
:1083600005A9FEF717FC059B002B00F04481BDF822
:108370001020002A00F03F81013B1BBA12BAC8E965
:1083800000320820A368002B44D0984228BF18462A
:1083900083B26063A64A94F82E10384602F076FA4B
:1083A00000283FF47CAE18E605AD00230DF10E0267
:1083B000304604A96B600593AB60FEF7EBFB049AB3
:1083C000002A00F01881BDF80E30002B00F0138158
:1083D00012BA082106925BBA0222ADF81E308DF85F
:1083E00017108DF81C2095E8070088E807000C207E
:1083F000C8E7904B03B33046227DE17CAFF30080A9
:10840000D0B994F83C302BB943F602220023A2875E
:1084100084F83E3001213846FFF7C2FBDDE5864B8C
:1084200053B1E17C3046C1F3400301F00102090978
:10843000FEF7CCFB0028E4D0A368002B3FF408AE85
:10844000E8E79DF816307D49002203F0800362F3CF
:10845000C7138DF8163003238DF815208DF81720DB
:108460008DF81430002900F0E1803046FEF7FCFB67
:108470009DF8163080F0010060F3C7138DF81630B8
:10848000059BC8F8003004207CE74FF0203302251C
:108490000022CDE90522304607A909AA08934FF02A
:1084A000800C079309930D93CDE90A330C931F2693
:1084B0000DAB8DF816508DF8175005AD8DF818607E
:1084C0008DF815C0FEF7F0FA0FCD594E0FC60FCD3F
:1084D0000FC62B683360242054E794F83C2094F8AE
:1084E0003D0094F83E10DFF848C1DFF858E14FF046
:1084F00000084FF00003CDE90588CDE9078862F355
:1085000003038DF81630F0220A23ADF824808DF88D
:1085100020008DF821108DF814208DF81B3005AD4A
:108520000FCDACE80F002B68ACF80030BEF1000FA7
:1085300076D0ACF1100130464FF40072AFF30080FA
:108540000028A4F83C8084F83E800FDB00283FF42C
:1085500073AF17E73046FEF7F9FA00283FF451AF42
:108560006AE794F83C30002B7FF454AFA38E304A76
:108570003349607BFEF720FB0028FFF64BAF002855
:108580003FF45AAFFEE6A36BA2681E4443F60220F6
:108590000021931BA08784F83E1001200221A663CE
:1085A000A36284F82C0084F83010002A3FF453AD05
:1085B000002B3FF450AD237BDB0914D194F82F102E
:1085C000384602F0A3F994F83050E2E4012294F81E
:1085D0003C1084F82C200222A36284F83020002969
:1085E0003FF45AAE5EE694F82E10384602F08EF94B
:1085F00094F83050CDE494F83C30002B7FF40AAF6F
:1086000043F6022284F83E30A28703E794F82E1046
:10861000384602F07BF9D4E90D2617E50222D6E7A9
:10862000A4F83CE084F83EE01220ABE601201FE70E
:10863000246D002000000000CD6B0200696C020078
:10864000336F00200000000070B5134C134E84B04F
:1086500020464FF4AE72002112F028FE4025002380
:1086600004F58E720092CDE901561A46194604F1BE
:10867000B000039504F068F92E4404F17002002361
:10868000CDE90025CDE90265201D1946012204F03F
:108690005BF904B070BD00BFE46F0020646F002080
:1086A00010B5054C04F1B00004F07AF9201D04F077
:1086B00077F9012010BD00BFE46F002038B5074CEA
:1086C0002046002500F8B85B01F058F904F10C00D1
:1086D00001F054F984F8B150657138BDE46F0020A1
:1086E0004B79FF2B01D0002070472DE9F04FDFF8C8
:1086F00024B19BF8B13083B04BBB9BF8053033BB42
:108700000B788A460AEB02050AEB030489788BF89A
:108710000010A542064614D91AF80320A3189D425A
:108720000FD36278042A0CD00B2A0AD0052A0BF149
:10873000B8080BF1B0070BF10C0917D09D421C468D
:1087400009D8A4EB0A0080B203B0BDE8F08F002086
:1087500003B0BDE8F08F1A7813449D42F1D36278DC
:10876000042AEED00B2AECD0052AE7D12146304668
:1087700002F048F8002843D0A378DB0905D19BF824
:10878000B1301BB32278A318D8E79BF80530002B33
:10879000F8D14846019301F0F1F8A2788BF8052052
:1087A000A2889BF804C0019B1849C2F30A02A2F5F3
:1087B0000072B2FA82F2520962F3410C18468BF849
:1087C00004C004F037F92278A318B7E7404601F057
:1087D000D5F8A3788BF8B130A3889BF8B020C3F309
:1087E0000A03A3F50073B3FA83F35B0963F3410251
:1087F000394630468BF8B02004F064F90028C1D126
:10880000034B1B68DB07A2D500BEA1E7E86F002081
:10881000F0ED00E0E46F002070B51C4C94F8B1203E
:108820008A4205461E460FD1B4F8BC20F2B9184B57
:1088300023B1B2B217490020AFF300802846164991
:1088400004F040F9012070BD63798B4201D0002013
:1088500070BD124B1BB1B1B20020AFF300801049C4
:10886000284604F0E7F848B1012070BDB2B2D4F850
:10887000B41004F1B80000F0F3FFD8E73246284600
:10888000074904F099F8012070BD00BFE46F002093
:1088900000000000646F00209470002000000000C1
:1088A000E86F0020F8B50E688D88B7783544AE4281
:1088B0000BD23B469F42344603D10BE06378042B36
:1088C00005D023781C44A542F8D80020F8BDA37831
:1088D0009F42F6D1E3789A42F3D1A542F5D9237DA0
:1088E000012B06D9144B1B68DA07EED500BE002019
:1088F000ECE723790D46DBB1012BE6D12278E38941
:10890000617A1344114423442144994204D3DCE79F
:108910000A7811448B42D8D94A78052AF8D101F057
:1089200071FF28B9044B1B68DB07CED500BEF8BD2C
:10893000A41BEC800120F8BDF0ED00E0C28832B944
:10894000654B1B68DB0700D500BE00207047F0B404
:108950000378624803EB830403EB4403C058831895
:1089600003D08E781C7BA64207D95B4B1B68D907C6
:1089700000D500BE0020F0BC70472EB9012C01D9F3
:108980000120F8E701268E7001248C60C1F80E40AA
:108990004C7700256FF03F0481F822508C766FF001
:1089A00003056FF06404CD760C774D4DC1F81E5071
:1089B000082481F82340825CB3F80D4014441C4421
:1089C0001344A342D1D2474F9D78102D0CD827FADB
:1089D00005F0C04310F0010006D1DA78964203D1C9
:1089E00007E05A78242AEFD01A7813449C42F8D82A
:1089F000BBE79C42B9D0062D06D0102D04D0042D23
:108A0000B9D1012248730A73CF781A79974218D8DE
:108A10001FB9012AB4D80127CF701A781A44A2428C
:108A20000FD2967806F0FD0CBCF1050F0FD0112E79
:108A300003D10CE05678242EF3D0167832449442B9
:108A4000F8D8254B1B68DA0794D500BE93E7D67893
:108A5000B742F2D19442F4D0D1F812408CB9062D2D
:108A600030D0102D2ED0042D09D1B2F80560B2F807
:108A700007505C7D05FB06F304FB03F4E408C1F832
:108A800012404B6863B9557E012D3FF679AFD2F89D
:108A90001A3025B9D2F81E209A427FF471AF4B608C
:108AA000114AA2FB03235A0BCBD0631E1344B3FB22
:108AB000F2F30233B3F5807F28BF4FF48073C1F81F
:108AC00016305DE7B2F80530B2F8074004FB03F456
:108AD0002401E408D3E700BFF0ED00E0407100207E
:108AE00003010101501001005917B7D12DE9F84FCA
:108AF0000B785D4C03EB83050E4603EB45030989B8
:108B0000E7589146804679B13944CB7803F00303A6
:108B1000012B00F09480738933B13B44DA7802F082
:108B20000302012A00F091807488B58800233C4438
:108B3000B381F38133827382B382F3823D44A2789E
:108B4000AC4238BF134609D29A4203D10CE0637895
:108B5000042B06D023781C44A542F8D80020BDE899
:108B6000F88FA3789A42F5D1E3789945F2D1A542DE
:108B7000F4D994F804A0BAF1020F15D8E31BF380DE
:108B8000B9F1000F16D023781C44BAF1000F4CD075
:108B90004FF0000B06E06378052B28D0042B03D0A0
:108BA00023781C44A542F6D8304B1B68DA07D5D58C
:108BB00000BED3E7737F012B12D006F11E03494696
:108BC00086F81D90A6F81890A6F81A90184630223C
:108BD00012F06CFB01463046FFF7B0FE0028BDD016
:108BE00023781C44BAF1000FD2D10120B7E7E37813
:108BF00003F00303B9F1000F01D0012B18D0022BB1
:108C0000ACD12146404601F0FDFD28B306EB4B03F5
:108C1000E21B1A8122780BF101039A4514444FF0AC
:108C2000010BBFD8B9F1000FDFD002237377DCE767
:108C3000A388B269C3F30A039342E2D28EE700230A
:108C40003381897801F08EFE65E700227281997880
:108C5000404601F087FE67E7044B1B68DB077FF5A2
:108C60007DAF00BE7BE700BF40710020F0ED00E06B
:108C700010B4064C06480023C4E900331946C4F872
:108C800007304E225DF8044B12F010BB40710020FB
:108C90004C7200200120704710B4064C0648002397
:108CA000C4E900331946C4F807304E225DF8044B7E
:108CB00012F0FCBA407100204C7200202DE9F04106
:108CC0004B790E2B04D04FF000084046BDE8F081F0
:108CD0008B79012BF7D1CB79012BF4D13E4E336840
:108CE0002BB13E4B1B68DB07EDD500BEEBE714460E
:108CF0000F461A46314605463760B480FFF7D2FD6D
:108D00000028E0D0F2883368B97813443C44A74285
:108D100093F814C03B4605D308E05A78042A4DD096
:108D20000B2A4BD01A7813449C42F6D8BCF1000FA2
:108D30004ED02B494A88002AD3D1D81B1FFA80F87D
:108D40003272A1F802809C4293F802E00A8098BF38
:108D5000034605D80BE05A78042A2BD00B2A29D0D9
:108D60001A7813449C42F6D8DB1B1FFA83F80022C2
:108D7000BCF1010FA1F804804A77B2D117FA80F054
:108D800017FA83F3984281780AD282788A4203D113
:108D900018E04278042AF8D0027810448342F8D8C8
:108DA000284600220E49FFF7A1FE00288BD0A6F826
:108DB00004808AE79A787245D2D0D5E79A788A42B9
:108DC000B0D0B3E7C278012AE6D18342EFD1E7E71A
:108DD000DB1B1FFA83F8EAE740710020F0ED00E0AA
:108DE0004C7200202DE9F047167806F01F04012C84
:108DF0008CB004D0002420460CB0BDE8F087DFF82A
:108E0000F892B2F804C0D9F80070804615465FFAAF
:108E10008CF317B1BA789A422CD0B44F7C88002CCE
:108E2000E9D03A7802EB820002EB400259F802E006
:108E30007444A2789A42DDD1C6F34116F3B2002BF6
:108E400000F09C80012B12D15FEA1C2C0FD16B88A3
:108E50001B0A022B00F02E81062B00F01781012B3C
:108E600000F0F580A24B1B68DB0700D500BE07238E
:108E70003B77BFE7C6F34116F4B2002C47D0012C74
:108E800025D15FEA1C2C26D0B9F80620BB18B95CA6
:108E9000DA89114419448B420ED29A78023A052A93
:108EA00006D8DA78624503D107E05A78242AF4D04C
:108EB0001A7813449942F8D849B1002389F8093047
:108EC000012498E78A4B1B68D90700D500BE072309
:108ED00089F809308EE76B881B0A012B00F095801A
:108EE000022BEFD16B78812B00F04781862BE9D1E3
:108EF0000129E2D10B46404629467E4A01F070FD29
:108F00000028DAD1FF2389F80930002473E76B7851
:108F10000A2B4AD00B2B3ED10129CED1EB88002B56
:108F2000F0D1B9F80630FA181179A9B1F85CD189F5
:108F3000537A0144034413440A44934205D395E110
:108F400019780B449A4240F2918159780529F7D15A
:108F50009978404601F006FD0026A9F806606A8867
:108F600065494046FFF79EFC04460028CAD02946C2
:108F7000404601F01DFD89F809603CE76B780A2B3B
:108F800027D00B2B7FF46EAF012900F0BD800023AA
:108F90003B7701242FE7564B1B6813F001032FD1B9
:108FA00007221C4689F8092025E7012985D1EB888D
:108FB000012BA7D1B9F80620BF18A3D00CAAF978C5
:108FC00002F8301D294601F00BFD04460028D2D1DD
:108FD00098E70129DBD1EB88012B35D1FB889BB3C6
:108FE0001EEB030330D00CAADB7802F8303D40467C
:108FF0000B46294601F0F4FC044628B33E77FAE616
:1090000000BE072389F80930F5E66B78812B00F064
:10901000D180862B00F0BE80012B7FF453AF012955
:1090200000F0CB8002297FF448AF344B002B3FF493
:1090300044AF99F80A100020AFF30080B0FA80F432
:1090400089F809006409D6E6FF233B77D2E67B7FE7
:109050000BB187F81DC06C78842C61D8822C65D246
:10906000012C00F00A81812C7FF4FCAE01298ED105
:10907000EB883BB1294640463023214A01F0B0FC41
:10908000002884D1FF233B770024B4E66B78812B42
:1090900000F0A180862B7FF4E5AE01297FF477AF45
:1090A000294640460123134A01F09AFC00287FF428
:1090B0006EAFE7E76B78812BD8D040F2B080852B7C
:1090C00000F09780862B7FF4CDAE01297FF45FAF4F
:1090D000EB88012BD6D10B4640462946094A01F0C0
:1090E0007FFC00287FF453AFCCE700BF4C72002018
:1090F000F0ED00E09DD6030040710020000000006C
:109100006A7200209ED603006A8839464046FFF7FF
:10911000EDFC002898D02946404601F049FC36E78E
:10912000862CD2D065D3872C7FF49CAE01297FF4A6
:109130002EAFEB88002BA5D0B64EE94606F1300ADB
:1091400030687168B268F368CC46ACE80F0010363E
:109150005645E146F4D19DF80210002940F09F8069
:10916000832C00F08381872C00F06481822C00F036
:10917000618108233B7700243DE601297FF49DAE01
:10918000294640460123A44A01F02AFC00287FF426
:1091900094AEB7E601297FF490AEEB88012B7FF403
:1091A000B1AE294640469D4A01F01AFC00287FF4E2
:1091B00084AEA7E601297FF480AEEB88012B7FF413
:1091C000A1AE294640460123954A01F009FC00283A
:1091D0007FF473AE96E601297FF4D9AE0B46404684
:1091E000294607F11C0201F0FBFB00287FF4CFAEFB
:1091F00048E701297FF4CBAEEB88022B7FF442AF26
:109200000CAA302122F8301D4046294601F0E8FB27
:10921000044600283FF436AF00233B77EBE5012BF3
:109220007FF420AE01293FF425AF02297FF4AFAED1
:109230007849A1F11E00FFF781FB044660B3794B2A
:109240007A6BBA613BB1734A79783878AFF30080B2
:1092500000287FF49CAE7449002302204FF48072F2
:109260000880C7E903337B61BA83C4E56F4B1B6891
:10927000D8077FF547AE00BE44E601293FF4FAAEB9
:1092800002297FF484AE6349A1F11E00FFF756FB6B
:10929000044600287FF47BAE08233B77ABE59DF8BE
:1092A000030000287FD1FA88002A3AD01EEB02037F
:1092B00037D01EF80220B3F80D005D4E104418445C
:1092C000134498420FD99A78102A04D826FA02F249
:1092D000D20700F1D5801A7813449842F1D95A7810
:1092E000242AF8D1EDE70346832C5AD0872C4CD0A2
:1092F000822C7FF43EAF01218DF803101A781A44B6
:10930000904237D9947804F0FD06052E10D0112C28
:109310000ED0147822449042F2D95478242CF8D1FB
:10932000EEE7424B1B68D9077FF523AF00BE20E76D
:10933000D478A142EDD1997806291DD010291BD0EF
:1093400004297FF416AFB2F80510B2F807205B7D50
:1093500002FB01F203FB02F3DB08CDF812306A4690
:1093600029464046302301F03BFB044600283FF4E9
:1093700089AE51E70246DEE7B2F80510B2F80730D1
:1093800003FB01F31B01DB08E7E79A78062A06D006
:10939000102A02D0042A7FF4ECAE997DACE79979CB
:1093A000AAE71979A8E7019B002BD8D1FA88002AEF
:1093B000B7D01EEB0203B4D01EF802E0B3F80D20C4
:1093C000DFF86CC072449E1873449E420ED99A789E
:1093D000102A03D82CFA02F2D20756D41A78134472
:1093E0009E42F2D95A78242AF8D1EEE733461A7809
:1093F00013449E4264D99A7802F0FD01052948D0B1
:10940000112A46D01A7813449E42F2D95A78242A57
:10941000F8D1EEE76A720020497100209ED6030061
:109420004A710020000000004C710020F0ED00E0C7
:109430005010010001238DF8023001234FF001127A
:10944000029300230392ADF810304FF6C0428DF81E
:10945000223040F29B13ADF81A20ADF81C30404A80
:10946000CDF81E2008238DF8233078E7FB88002BE9
:10947000E3D01EEB0303E0D01B7B8DF80230DCE76A
:10948000DA7891427FF427AF2EE7DA789142A5D1BE
:10949000ADE7DA789042B5D1823C052C3FF669AE53
:1094A00001A252F824F000BF299502000D95020098
:1094B000EF9402007391020073910200C5940200C0
:1094C0003346E9E7D3F8151042F21073B1FBF3F31A
:1094D000019100293ED0DDF812208BB9931CB3F521
:1094E000807F28BF4FF48073CDF8163037E75A7E5F
:1094F00072BBD3F8221042F21073B1FBF3F3E7E72B
:10950000013A1A44B2FBF3F30233E8E75A7ECAB1D8
:10951000053203EB8202D2F80210D3F81A3042F27D
:109520001072B3FBF2F3D3E75A7E72B1053203EB4C
:109530008202D2F80220D3F81A1042F21073B2FB62
:10954000F3F3C5E7D3F81E10E7E7D3F81E20F2E7E0
:10955000002301930023ADF81630ADF81830FEE675
:10956000030101012DE9F84F334C238953B12278CF
:10957000324F02EB820502EB45057D592B449F7863
:109580008F420AD02E4B1B68DB0703D500BE00209C
:10959000BDE8F88F0020BDE8F88FD4E904369E427C
:1095A00005460BD327490023C4E90333636119B18E
:1095B00061781046AFF300800120E9E701F046F939
:1095C0000028E7D0DFF88090A36999F80000D4E97B
:1095D000042BA2EB0B0808EB00069E4228BF1E4698
:1095E000B04213D9164B1B6813F0010301D000BE23
:1095F000002339462846144A01F048F90028DBD1F7
:109600000F4B1B68DA07C5D500BEC1E7E168A6EBC2
:10961000000A59444844524611F024FE0BEB0A0359
:10962000D0456361B3B2E4D199F8012042F002025F
:1096300089F80120DDE700BF4C7200204071002056
:10964000F0ED00E0000000004C7100202DE9F04139
:10965000B2F5004F9DF8188030D80446C0681E4609
:109660000F46154618B14FF0FF310EF03DF9206955
:1096700018B14FF0FF310EF037F9E288E06827604B
:1096800066F30E02C2F30721002368F3C711E280DC
:109690006381A580E171238118B11A4619460DF046
:1096A00007FD206938B100231A4619460DF000FD68
:1096B0000120BDE8F0810120BDE8F0810020BDE877
:1096C000F08100BF03894289808892B29BB29342A5
:1096D00036BFC2EB40029B1A9B189BB2984228BF30
:1096E00018467047028943899BB2981AB0FA80F0F5
:1096F0004009704703894289808892B29BB29342A5
:1097000036BFC2EB40029B1A9B189BB2984286BFA1
:10971000C01A80B2002070472DE9F8430546006961
:109720000E46174618B14FF0FF310EF0DDF82B89C9
:109730006989A8889BB289B28B4236BFC1EB4004CD
:109740005C1AE418A4B2002C4AD0A04206D283428C
:109750002CBF191A191889B269810446BC4228BF66
:109760003C468842A4B203D8091A89B28842FBD980
:10977000EA882B68401AC2F30E0887B21FFA88F2F3
:10978000BC4202FB013125D917FB08F91FFA89F900
:109790004A46304611F066FDE21B12FB08F206EB6A
:1097A000090092B2296811F05DFD6A89A88892B219
:1097B00011198BB29A4215D940001B1A9BB2286925
:1097C0006B8120B100231A4619460DF071FC20462A
:1097D000BDE8F88302FB04F2304611F043FDE4E7F4
:1097E00069898BB240008342E9DBE6E738B505467C
:1097F00000690C4618B14FF0FF310EF075F8298959
:109800006B89AA8889B29BB2994236BFC3EB4200EA
:10981000C81A401880B200B3824209D291422CBFCC
:109820008B1A8B189BB29A426B8103D89B1A9BB2FE
:109830009A42FBD9EA882968C2F30E02204602FB4D
:10984000031111F00FFD0124286920B100231A46ED
:1098500019460DF02DFC204638BD0446F4E700BF44
:109860002DE9F0471446002A4FD00546C0680F4640
:1098700018B14FF0FF310EF037F8EA792E89698977
:10988000AB88D209B6B289B242D18E4236BFC1EBA3
:109890004301711A891989B2994252D2591A89B26F
:1098A0008C42E88828BF0C46C0F30E08B34230460D
:1098B00003D8C01A80B29842FBD21B1A2A681FFA3A
:1098C00083F9A14508FB002047D219FB08FA1FFACB
:1098D0008AFA5246394611F0C5FCA4EB090212FB84
:1098E00008F207EB0A0192B2286811F0BBFCA31939
:1098F0009BB2AA88B3424FEA420201D3934201DBF2
:109900009B1A9BB2E8682B81F8B92046BDE8F08726
:10991000E8889C42C0F30E080FD28E4223D3721AFD
:1099200092B2580022448242C0DBCE18361BB6B237
:10993000B14220D9361AB6B2B8E7E41A08FB047768
:10994000B3B9E86800240028DFD000231A4619467E
:109950000DF0AEFB2046BDE8F08708FB04F2394667
:1099600011F080FCC3E75800421A324492B2D9E7A2
:109970000E461C4698E7B04298DCDBE710B504467B
:10998000C06818B14FF0FF310DF0AEFF206918B17B
:109990004FF0FF310DF0A8FFE068002363812381C1
:1099A00018B11A4619460DF083FB206920B1002337
:1099B0001A4619460DF07CFB012010BD38B5C3795D
:1099C000B1EBD31F1FD00446C0680D4618B14FF04D
:1099D000FF310DF089FF206918B14FF0FF310DF014
:1099E00083FFE379E06865F3C713E37120B10023D7
:1099F0001A4619460DF05CFB206920B100231A4677
:109A000019460DF055FB012038BD00BF704700BF5F
:109A1000704700BF0020704700207047704700BFAC
:109A2000704700BF704700BF704700BF024B5878B7
:109A3000003018BF01207047F4720020024B1878E4
:109A4000C0F38000704700BFF4720020024B18780A
:109A5000FF3818BF01207047186100202DE9F0473A
:109A6000374E3378FF2B82B004D00125284602B050
:109A7000BDE8F087002946D03822884607460021F5
:109A8000304811F013FC304B3049002501201D7087
:109A90000DF0E8FC2E4B1860002834D02D4C2346E6
:109AA000626833F80C0B618800950DF08FFAA1689D
:109AB00005460EF0F3F8284B1D6075B3274B23B114
:109AC0002748AFF30080274B1860254CDFF89CA097
:109AD0002278DFF8909000252B460EE0D9F8003070
:109AE00013EB45130FD05B686BB1984722780135B3
:109AF000EDB2511DA9422B4615DBAA42EED89B1AA6
:109B00000AEB4313EFE7184B1B68DA0700D500BEDA
:109B10000025284602B0BDE8F087134B1B68DB0721
:109B2000F6D500BEA2E741463846377001F050FE38
:109B300005460028F1D0384601F04CFE96E700BFFC
:109B400018610020F4720020F4730020A472002039
:109B50002C730020BC600020307300200000000047
:109B6000A07200209C720020F0ED00E0A0D603005F
:109B7000B94B1B78FF2B00F0A1812DE9F04F044673
:109B80008BB04FF47A7200238002A10D11F07CF9A2
:109B9000B24DDFF8E4B2B24E8246671C286800F08E
:109BA0002481002C00F02181BAF1000F14BF52462D
:109BB000012207A90DF006FDC0B19DF81D30013B43
:109BC000072B00F21481DFE813F0F200D300CA0083
:109BD000BF00B700410014000800089B0BB10998B2
:109BE000984728680EF02CF80028D6D10BB0BDE8B5
:109BF000F08F9DF820109B4B01F07F0703EB47038C
:109C000003EBD11393F826006FF3000083F82600CE
:109C100093F826006FF3820083F82600002F00F0EF
:109C20004581914A1B7D12789342C0F03381501DCB
:109C30009842C0F234819B1A0BEB43139F699DF845
:109C40002120099B9DF81C00B847CAE7874A137872
:109C5000002B00F024811378013BDBB213701378E2
:109C600003F0FF00002BBCD1DFF8F8919DF81C80B9
:109C700099F8003043F0010389F8003099F8263054
:109C800060F3000389F8263099F8263060F38203E8
:109C900089F8263099F8273060F3000389F82730D7
:109CA00099F8273060F3820389F8273000F002FF2B
:109CB0009DF8203003F06002602A00F00681402AFF
:109CC00000F00A8103F01F03012B00F0D581C0F0E2
:109CD0001281022B40F0F9809DF8241001F07F07DB
:109CE000082F00F2F2807B00C80901934B44034423
:109CF00000905D481F7D03789F4280F00F8233689B
:109D000003EB4717002A00F0108257B1786900F082
:109D1000D1FE7B69404608AA0121984700287FF4BC
:109D200060AF9DF81C00002101F0BEFF80219DF86E
:109D30001C0001F0B9FF54E74A4B1B78D8077FF5A8
:109D400050AFFFF771FE4CE7464B1A78D7077FF507
:109D500048AF1878C0F3C000FFF764FE41E7414BFD
:109D6000DB78D9077FF53DAF0898FFF751FE38E75C
:109D70003D4F9DF81C903A780023984610E03368D8
:109D800013EB481300F08080DB68484698473A7828
:109D900008F101085FFA88F8511D8845434645DC03
:109DA0009045A3EB0203EAD30BEB4313ECE72E4FF2
:109DB0009DF81C903A78002398460FE0336813EB27
:109DC00048135BD0DB68484698473A7808F10108A9
:109DD0005FFA88F8511D884543460FDC9045A3EB98
:109DE0000203EBD30BEB4313ECE72246E1E6204BF7
:109DF0001B68DA077FF5F5AE00BEF2E638220021D7
:109E0000184811F053FA1B4A4FF0FF33C2E90533EB
:109E1000C2E90033C2E90233D3611384136100F055
:109E20003FFE104B9DF820209A70DAE63822002180
:109E30000C4811F03BFA0F4A4FF0FF33C2E90533EB
:109E4000C2E90033C2E90233D3611384136100F025
:109E500027FEFFF7E5FDC4E61861002030730020FF
:109E60009C720020F4720020A0720020F473002085
:109E7000F0ED00E0F8720020A0D60300A44B1B68B0
:109E8000D907CCD500BECAE7A14B1B68DA07DED5DF
:109E900000BEDCE7326812EB43137FF4CFAE9C4B7D
:109EA0001B68DB077FF5A2AE00BE9FE6099B9DF80D
:109EB00021209DF81C0000F013FE92E67047FCF78D
:109EC000F5FC0246002840F0E981914B1B68DA0757
:109ED0007FF527AF00BE24E78E4800283FF421AF6E
:109EE00000F0E8FD404608AA0121FCF725FF002804
:109EF0007FF477AE15E7202A00F0F180002AE4D144
:109F00009DF82130092BE0D801A252F823F000BFC0
:109F100037A0020017A00200CB9E020059A0020049
:109F2000CB9E0200F99F0200A59F0200CB9E02007B
:109F30008F9F0200399F02009DF8223001931A463C
:109F400099F801309A4200F0548199F80130002BC1
:109F500040F05481019B89F80130002B00F04781CB
:109F6000581EC0B2FCF7A2FC18B14378022B00F0D7
:109F7000C181674B1B68DB0700D500BE644B1B68C3
:109F8000D80700D500BE002389F80130C9E60AAA27
:109F900099F8013002F80E3D4046012308A900F06F
:109FA0001FFD1EE6BDF82200030A5A1EC0B20E2A8B
:109FB0003FF6B7AE01A151F822F000BFAFA20200F8
:109FC0008BA202007BA20200239D0200239D0200BF
:109FD0005DA202008BA20200239D0200239D0200CD
:109FE000239D0200239D0200239D0200239D020069
:109FF000239D0200DFA2020008A800F061FD404698
:10A000009DF8221001F0ECFB99F8003043F00203B8
:10A0100089F80030E5E5BDF82230012B7FF481AEF0
:10A0200099F8003040466FF3C30308A989F800305F
:10A0300000F0BEFCD5E599F80030990801F0020166
:10A04000C3F340130AAA0B4322F80E3D40460223F5
:10A0500008A900F0C5FCC4E5BDF82230012B7FF44F
:10A0600060AE99F80030404643F0080308A989F82B
:10A07000003000F09DFCB4E59DF824300F2B3FF636
:10A0800050AE4B44244A1B791778BB4238D237680C
:10A0900017EB43173FF445AE786900F00BFD7B6981
:10A0A00008AA01214046984700287FF49AAD9DF800
:10A0B000203013F060077FF434AE9DF821300A3B66
:10A0C000012B3FF62EAE00F0F5FC9DF821300A2B57
:10A0D00000F0FC8008A9404600F06AFC81E59DF88C
:10A0E00024300F2B3FF61DAE4B440B4A1B791778DB
:10A0F000BB4260D2376817EB43173FF412AE05E658
:10A100007A1D9A42FFF60DAEDB1B0BEB4317C3E73C
:10A11000F0ED00E0396D0200A0720020581DB84239
:10A1200039DA002A7FF4FDAD17469DF82130012B66
:10A1300003D036D3032B7FF4C8AEBDF822200292A1
:10A14000AAB9B84A012B10783DD001F0ADFD019BB2
:10A15000009A4B44134493F8262042F0020283F8FD
:10A16000262093F8262042F0010283F82620002FB3
:10A170003FF437AD786900F09DFC7B69012108AAA6
:10A1800040469847002000F095FC99F82730D90701
:10A190003FF527AD9EE7FB1A0BEB4317002AC4D00F
:10A1A000B4E5019B009A4B44134420330AAA9B79DF
:10A1B000C3F3400348E77A1D9A42FFF6B2ADDB1BBA
:10A1C0000BEB4317A2E501F097FD019B009A029962
:10A1D0004B44134493F8262061F3410283F8262070
:10A1E00093F8262061F3000283F82620BFE7FFF7EB
:10A1F00017FC404608A900F0DBFBF2E400214046D2
:10A2000001F000FB404601F09FFB874F99F80230B8
:10A210000293002300943A781C460CE00BEB4313A6
:10A22000DB68404698473A780134E4B2501D8442D6
:10A23000234600F3CE809442A3EB0203EED23368B0
:10A2400013EB4413ECD1794B009C1B68DB0700D562
:10A2500000BE9DF8083089F802307BE6FFF7DAFB94
:10A26000024600283FF45DAD4046137808A900F08F
:10A27000B7FB00287FF4B5AC53E5BDF82410FCF71C
:10A280001BFB02460028EFD14BE5022B3FF417AE33
:10A29000FFF7C2FB024600283FF443AD4046538817
:10A2A00008A900F09DFB00287FF49BAC39E5FCF782
:10A2B000F9FA024600283FF408AE4046122308A9E6
:10A2C00000F08EFB00287FF48CAC2AE50AAA08A9CE
:10A2D00002F80E7D4046012300F082FB81E4544BDE
:10A2E000002B3FF41EADFCF723FD024600283FF48F
:10A2F00018ADD3E7C27999F80030511161F3041316
:10A30000921162F3451389F800304388CDF810802C
:10A31000CDE900A4C318039300F10907039BBB42D6
:10A3200037D97B780B2B03BF3B7897F803A0FF1836
:10A330004FF0010A7B78042B43D1039B3A4ACDF8B6
:10A3400014A0DB1B00219BB20291127888469A462A
:10A3500017E0346814EB481433D052463946049859
:10A3600023699847082808F1010201D9824543D2A0
:10A370002D4B5FFA82F81A78CDF80880511D884578
:10A380001CDC029B9045A3EB0202E2D30BEB4214D0
:10A39000E3E7DDF81080DDE900A4FFF73FFB28E7E5
:10A3A0000246434604463946224802F0B1FA1E4BA3
:10A3B000029A1B78053393422744AFDADDE900A403
:10A3C000D7E51A4B1B68DF07DDE900A47FF5D6ADA2
:10A3D000D3E5382200211848009C10F067FF174A87
:10A3E0004FF0FF33C2E90533D3611384C2E9003370
:10A3F000C2E9023313612CE7DDF814A0BAF1010FB2
:10A400001ED00021CBB2534501F10101C8D2BA7868
:10A41000134459FA83F31A79FF2AD2D183F80480BE
:10A42000F0E700BF18610020A0720020F0ED00E00E
:10A43000316D020008730020F4720020F8720020D1
:10A4400023690A4A0A498B4208BF4FF0020A934225
:10A45000D7D17B79012BD4D1BB79012BD1D1FB7919
:10A46000002B08BF4FF0020ACBE700BF597902006A
:10A47000197102002DE9F0434378023B85B005468F
:10A480000E46042B0CD8DFE803F0495D037E3F0045
:10A49000844B1A78D70715D51A7842F004021A703F
:10A4A000814B18688EB933464FF0FF3229460CF0C5
:10A4B000FFFD003018BF0120F0B97C4B1B68DB07A3
:10A4C00000D500BE05B0BDE8F08304AA002342F821
:10A4D0000C3D29460CF0FCFF019B43B1744B4FF03F
:10A4E00080525A6040BFBFF34F8FBFF36F8F003071
:10A4F00018BF01200028E0D0324669782878FFF79D
:10A5000085FA05B0BDE8F0836A4A13780133DBB2FF
:10A510001370654B1868002ED7D1C4E7614B1A78C9
:10A520006FF300021A701A7800216FF341021A705B
:10A5300059701A7861F382021A705B4B1868002E0A
:10A54000C3D1B0E75C4FDFF874913978DFF87081E0
:10A55000002423460AE0D8F8003013EB44130AD154
:10A560000134E4B24A1DA242234615DB8C42F2D3E9
:10A570005B1A09EB4313DB69002BF1D0696828787B
:10A5800098473978ECE7474B1A78D4079AD51A7868
:10A590006FF382021A7083E7424C237858072FD555
:10A5A000237841496FF3820323702B788DF80430B0
:10A5B00005220023CDF80A30CDF80630ADF80E3074
:10A5C00008688DF80520002E59D004AA01A942F888
:10A5D000103D0CF07DFF009B43B1354B4FF0805296
:10A5E0005A6040BFBFF34F8FBFF36F8F003018BF6B
:10A5F000012000284DD12D4B1B68D90700D500BE86
:10A60000E378DA077FF55EAF274A2B786968106830
:10A610008DF8043003220023CDF80A30CDF806303F
:10A62000ADF80E3002918DF80520F6B104AA01A90B
:10A6300042F8103D0CF04CFF009B43B11C4B4FF017
:10A6400080525A6040BFBFF34F8FBFF36F8F00300F
:10A6500018BF012000283FF430AF32469DF80510A6
:10A660009DF80400FFF7D2F92CE733464FF0FF3294
:10A6700001A90CF01DFD003018BF0120EAE73346A8
:10A680004FF0FF3201A90CF013FD003018BF01207C
:10A69000AFE732469DF805109DF80400FFF7B6F9C4
:10A6A000AEE700BFF472002030730020F0ED00E050
:10A6B00000ED00E0F4730020A0720020A0D603009B
:10A6C0009C7200202DE9F84F0A9F002A4CD090463A
:10A6D0004A78052A0C460ED1CE7806F00306B3421E
:10A6E00009D18A7802F07F02082A0DD9204B1B6815
:10A6F000DA0700D500BE1E4B1B68DB0702D4002022
:10A70000BDE8F88F00BEFAE7DFF868B0DFF868A0B0
:10A710009BF8009000250EE06278052AEBD1E278E4
:10A7200002F00302B242E6D1A27802F07F02082AC8
:10A73000DCD89BF800909AF802100022204602F024
:10A7400095F80028D2D04846214601F06FF800283D
:10A75000D1D0A278D30916BF0B9B3A701A70227819
:10A76000013545451444D7D10120BDE8F88F00BF1D
:10A77000F0ED00E018610020F472002030B51E4DAD
:10A7800085B0082400230290019303918DF80540C1
:10A790002868144682B9134601A94FF0FF320CF025
:10A7A00087FC003018BF0120E0B9144B1B68DB07A1
:10A7B00000D500BE05B030BD04AA01A942F8103D85
:10A7C0000CF086FE009B43B10D4B4FF080525A6057
:10A7D00040BFBFF34F8FBFF36F8F003018BF012012
:10A7E0000028E2D022469DF805109DF80400FFF7EE
:10A7F0000DF905B030BD00BF30730020F0ED00E072
:10A8000000ED00E038B58B7803F07F03082B06D904
:10A810000B4B1B68DB0700D500BE002038BD094A82
:10A82000094B0C46204691781D78002202F01EF854
:10A830000028EDD021462846BDE8384000F0F6BF9C
:10A84000F0ED00E0F472002018610020CB092633FF
:10A8500001F07F010348044A03EB410108441168F9
:10A8600001F0BABFF47200202C730020CB0926330C
:10A8700001F07F010348044A03EB410108441168D9
:10A8800001F0D6BFF47200202C73002038B5154CAF
:10A8900001F07F0504EB450404EBD1142034A079CA
:10A8A000C00706D5104B1B68DA0700D500BE002094
:10A8B00038BDA5790D4845F001050078A57101F076
:10A8C000F1F80028F4D1A379074A60F30003A371DB
:10A8D000A37960F38203A3711368DB07E7D500BE99
:10A8E00038BD00BFF4720020F0ED00E018610020D8
:10A8F000054B01F07F0203EB420303EBD11191F80A
:10A90000260000F001007047F472002010B50C4BD7
:10A9100018780C4601F0C8F90A4904F07F0301EBEE
:10A92000430101EBD41191F8263043F0020381F882
:10A93000263091F8263043F0010381F8263010BD0F
:10A9400018610020F4720020054B01F07F0203EB38
:10A95000420303EBD11191F82600C0F34000704789
:10A96000F472002010B50F4B18780C4601F036F841
:10A970000D4904F07F0301EB430101EBD41191F881
:10A9800026306FF3410381F8263091F826306FF3BB
:10A99000000381F8263091F826306FF3820381F8A6
:10A9A000263010BD18610020F4720020704700BFEF
:10A9B0000A4630B4094C496805461068234603C36B
:10A9C0000023C4E9023392F900209A422846ACBF22
:10A9D000802119461A4630BCFFF758BF3874002052
:10A9E000F0B50E462B4C496807463068A2602546F4
:10A9F00003C50021E181F588AB4228BF2B4683B017
:10AA0000A381ADB13BB3002A3DD094F90000402BA7
:10AA100028BF402300282CDB1F4A3846FFF736FFAB
:10AA200098B91E4B1B68DB0712D500BE03B0F0BD02
:10AA300096F90030002BACBF8021002138462B4610
:10AA40002A46FFF723FF0028EBD0012003B0F0BD1A
:10AA5000002003B0F0BD94F90020002AACBF1946D5
:10AA600080211A463846FFF711FF0028D9D001206F
:10AA7000ECE71146084801931A4610F0F3FB064A2A
:10AA8000019B8021EEE7054B1B68D907E0D500BE8E
:10AA90001046CBE738740020F8730020F0ED00E09A
:10AAA000034B0022C3E90022C3E902221A61704766
:10AAB00038740020014B1861704700BF38740020C3
:10AAC0000346064A5968006810B41346002403C3BD
:10AAD000C2E902445DF8044B704700BF387400209F
:10AAE00070B5404C2278C909B1EBD21F82B006463E
:10AAF00015D03BB13C4B1B68DA0700D500BE0020E7
:10AB000002B070BD2146FFF751FF2369002B40D0F2
:10AB10002246304603219847012002B070BD94F9C7
:10AB20000020A068002A08DB0028E8D01A462F4938
:10AB3000019310F097FBA068019BE589E2881D4412
:10AB4000ADB21844AA42A060E58101D03F2B23D8C2
:10AB5000236923B1234A02213046984788B194F9EA
:10AB6000002000239A42ACBF8021194630461A4685
:10AB7000FFF78CFE68B91C4B1B68DB07BFD500BE16
:10AB8000BEE70146304601F08FF83046802101F0E3
:10AB90008BF8012002B070BDA28994F90010531BFC
:10ABA0009BB2402B28BF402300290ADB95424FF07F
:10ABB000000112D00D4A3046FFF768FE0028DAD0B7
:10ABC000E7E795420BD001461A460848019310F07A
:10ABD00049FB8021054A019BEDE70A46EBE780210E
:10ABE0000022E8E738740020F0ED00E0F873002060
:10ABF00000B170470EF0EEB900B170470EF0F4B935
:10AC00000138C3B2042B07D856230D4A03FB00F0CA
:10AC100013181B79DB0706D40A4B1B68DB0700D52A
:10AC200000BE00207047CB09363301F07F0103EBF3
:10AC30004101054B08441044196801F0CDBD00BF27
:10AC40004C740020F0ED00E0FC7500200138C3B228
:10AC5000042B07D856230A4A03FB00F013181B796C
:10AC6000DB0701D400207047CB09363301F07F01A8
:10AC700003EB4101034B08441044196801F0D8BDAF
:10AC80004C740020FC750020F0B5441EE5B2042D84
:10AC900083B017D8562505FB04F5174E01F07F0445
:10ACA00005EB4404344404EBD1143034A779FF0796
:10ACB0000BD5124B186810F0010001D000BE002027
:10ACC00003B0F0BD002003B0F0BD1F4613460A4696
:10ACD0000146705DA579009745F00105A57100F06A
:10ACE000BDFB0028ECD1A37960F30003A371A37925
:10ACF00060F38203A371E3E74C740020F0ED00E001
:10AD00002DE9F047764DAF798F4284B091461E46CB
:10AD100004465BD0E2234FF0000AA9718DF80910B8
:10AD20008DF80830ADF80CA0002E00F0B3800121A2
:10AD300003AF0DF10808FBF72DFE41463A4602230A
:10AD40002046FBF755FE51462046FBF723FE9DF8B3
:10AD50000C30EB702223D9F800908DF80730002ECC
:10AD60003ED020460121FBF715FE3A460DF10701C2
:10AD700001232046FBF73CFE9DF80C30EB70494662
:10AD8000082300222046FBF733FE20460021FBF774
:10AD900001FE0026102241F2F20320460121EA7151
:10ADA000ADF80830ADF80C60FBF7F4FD3A464146CB
:10ADB00002232046FBF71CFE31462046FBF7EAFD46
:10ADC0009DF80C30EB7004B0BDE8F087222303AF90
:10ADD0000DF10808D9F800908DF80730002EC0D189
:10ADE0004FF0FF31E86D0CF07FFD31462046FBF758
:10ADF0000BFE20460121FBF7CDFD3A460DF1070180
:10AE000001232046FBF7F4FD9DF80C30EB70324631
:10AE1000082349462046FBF7EBFD31462046FBF769
:10AE2000B9FD20460121FBF7EFFD3346324631469E
:10AE3000E86D0CF03DF9102241F2F2034FF0FF31C2
:10AE4000E86DEA71ADF80830ADF80C600CF04CFD1F
:10AE500031462046FBF7D8FD20460121FBF79AFD3D
:10AE60003A46022341462046FBF7C2FD31462046C2
:10AE7000FBF790FD20460121FBF7C6FD3346324625
:10AE80003146E86D0CF014F99DF80C30EB7004B00D
:10AE9000BDE8F0874FF0FF31E86D0CF025FD31463D
:10AEA0002046FBF7B1FD03AF204601210DF1080854
:10AEB000FBF770FD3A46022341462046FBF798FD1A
:10AEC00031462046FBF766FD20460121FBF79CFD3D
:10AED000334632463146E86D0CF0EAF837E700BFFA
:10AEE000007600202DE9F04F4B781D070E4685B007
:10AEF00090460978044662D1DA0600F14881B268CA
:10AF000012B1B288002A5AD1E24D03F02006AB7983
:10AF100066F07F068B42F6B200F06481E2230027E0
:10AF2000A9718DF809108DF80830ADF80C70B8F1E2
:10AF3000000F00F06C82012120460DF10C090DF18B
:10AF4000080AFBF727FD51464A4602232046FBF735
:10AF50004FFD39462046FBF71DFD9DF80C30EB7088
:10AF6000F223EE718DF8096000268DF80830ADF8F7
:10AF70000C60B8F1000F40F0D980E86D4FF0FF3160
:10AF80000CF0B2FC41462046FBF73EFD2046012175
:10AF9000FBF700FD4A46022351462046FBF728FDF9
:10AFA00041462046FBF7F6FC20460121FBF72CFD2D
:10AFB000434642464146E86D0CF07AF845E0B54D0F
:10AFC00013F02007AA7946D1914240F0BE800DF1DE
:10AFD0000C090DF1080AB37813F0100F0CBF102202
:10AFE0002022EA2300278DF809208DF80830ADF8DB
:10AFF0000C70B8F1000F00F0FA8001212046FBF739
:10B00000C9FC02234A4651462046FBF7F1FC39466B
:10B010002046FBF7BFFC9DF80C30EB707378EB71AA
:10B02000F222012120468DF809308DF80820ADF874
:10B030000C70FBF7AFFC51464A4602232046FBF753
:10B04000D7FC39462046FBF7A5FC9DF80C30EB7089
:10B0500005B0BDE8F08F914240F0A1800DF10C09E0
:10B060000DF1080AB37813F0100F0CBF40228022B4
:10B07000EA2300278DF809208DF80830ADF80C7010
:10B08000B8F1000F00F0E48001212046FBF782FCBC
:10B09000514602234A462046FBF7AAFC3946204681
:10B0A000FBF778FC9DF80C30EB7032882B899A42C4
:10B0B0002AD0B788F2887388BF1ABFB25B099F4253
:10B0C00028BF1F4617F0FF0740F008813A23AF70F2
:10B0D0008DF8097000278DF80830ADF80C70B8F1C4
:10B0E000000F00F0D98001212046FBF753FC5146A8
:10B0F00002234A462046FBF77BFC39462046FBF7F5
:10B1000049FC9DF80C30EB7033782B7273786B72BE
:10B110007378EB71F22200268DF809308DF8082043
:10B12000ADF80C60B8F1000F3FF427AF20460121C5
:10B13000FBF730FC51464A4602232046FBF758FCF9
:10B1400031462046FBF726FC7FE7E223A9718DF804
:10B150000910ADF80C708DF80830B8F1000F00F050
:10B16000DE80012120460DF10C090DF1080AFBF7E4
:10B1700011FC51464A4602232046FBF739FC39466A
:10B180002046FBF707FC9DF80C30EB7023E74346A5
:10B1900006F10802FFF7B4FD05B0BDE8F08FE22329
:10B1A0000027A9718DF809108DF80830ADF80C70E2
:10B1B000B8F1000F00F0D980012120460DF10C09F3
:10B1C0000DF1080AFBF7E6FB51464A4602232046EA
:10B1D000FBF70EFC39462046FBF7DCFB9DF80C30F4
:10B1E000EB703FE70DF10C090DF1080AB8E64FF0DE
:10B1F000FF31E86D0CF078FB41462046FBF704FC7C
:10B2000001212046FBF7C6FB02234A465146204651
:10B21000FBF7EEFB41462046FBF7BCFB0121204635
:10B22000FBF7F2FB434642464146E86D0BF040FF18
:10B230009DF80C30EB707378E86DEB71F2224FF0F3
:10B24000FF318DF80930ADF80C808DF8082097E6B5
:10B250004FF0FF31E86D0CF047FB41462046FBF70D
:10B26000D3FB20460121FBF795FB4A4602235146BA
:10B270002046FBF7BDFB41462046FBF78BFB2046F3
:10B280000121FBF7C1FB434642464146E86D0BF006
:10B290000FFF07E7007600204FF0FF31E86D0CF05C
:10B2A00023FB41462046FBF7AFFB20460121FBF77D
:10B2B00071FB4A46022351462046FBF799FB414663
:10B2C0002046FBF767FB20460121FBF79DFB434629
:10B2D00042464146E86D0BF0EBFE12E712238DF873
:10B2E0000730D6F808B0B8F1000F64D0204601212D
:10B2F000FBF750FB4A460DF1070101232046FBF7FF
:10B3000077FB9DF80C30EB7059463B4600222046F7
:10B31000FBF76EFB00212046FBF73CFBD6E64FF027
:10B32000FF31E86D0CF0E0FA41462046FBF76CFB7C
:10B330000DF10C09204601210DF1080AFBF72AFB4B
:10B340004A46022351462046FBF752FB414620461F
:10B35000FBF720FB20460121FBF756FB4346424604
:10B360004146E86D0BF0A4FE0DE74FF0FF31E86DAC
:10B370000CF0BAFA41462046FBF746FB0DF10C09EA
:10B38000204601210DF1080AFBF704FB4A4602237F
:10B3900051462046FBF72CFB41462046FBF7FAFAC4
:10B3A00020460121FBF730FB434642464146E86D0B
:10B3B0000BF07EFE12E74FF0FF31E86D0CF094FACF
:10B3C00041462046FBF720FB20460121FBF7E2FA2D
:10B3D0004A460DF1070101232046FBF709FB9DF8C2
:10B3E0000C30EB7042463B4659462046FBF700FBCB
:10B3F00041462046FBF7CEFA20460121FBF704FB2D
:10B40000434642464146E86D0BF052FE5EE64FF081
:10B41000FF31E86D0CF068FA41462046FBF7F4FA7C
:10B420000DF10C09204601210DF1080AFBF7B2FAD3
:10B430004A46022351462046FBF7DAFA41462046A7
:10B44000FBF7A8FA20460121FBF7DEFA4346424605
:10B450004146E86D0BF02CFE7FE500BF2DE9F04181
:10B4600002F07F0CBDF818E0D20981BBBCF1000FDF
:10B470005ED13E4EA6F160077178B47882F0010289
:10B4800062F345110A466FF3041244F01001727022
:10B49000B170B278B360032363F3030200258046E2
:10B4A000A6F804E0B270F5802846FFF7A1FBBC7A4D
:10B4B000C4BB01252046BD72FFF79EFB22464046D5
:10B4C00031462C46FFF70EFD2046BDE8F08182F0A4
:10B4D0000108BCF1000F2ED0254F01223C4604E0AC
:10B4E0000132142A04F10C0418D094F86C508D42E7
:10B4F000F6D102EB420507EB850595F8615005F0A2
:10B500000F066645ECD1C5F34015454504F16C06C0
:10B51000BFD00132142A04F10C04E6D100242046E5
:10B52000BDE8F0812846FFF767FB2046BDE8F081C3
:10B5300082F00108D0E70E4F01243D4602E00134BD
:10B54000142CEBD095F86C608E4205F10C05F6D109
:10B5500004EB4406B60007EB060C9CF861C01CF037
:10B560000F0FECD160363E4486E700BF60760020C6
:10B570000076002042DF704743DF704744DF7047AA
:10B5800012DF7047F0B5334CBFF35B8F014604F513
:10B5900090730125D3E84F2FC3E8405F0028F9D10D
:10B5A000BFF35B8F12F0FF0F48D1082929D04E015D
:10B5B000A21954F806C028489388284F01F59476BC
:10B5C00001EB810E50F82660D2889A1A93B2B6B277
:10B5D00000EB8E0209B2B34228BF3346C2F800C75F
:10B5E00007EB8100C2F8043747F82150BFF36F8F93
:10B5F000BFF34F8F1A4B984218D0043B984215D096
:10B60000F0BD154BD3F8C024D1030FD494F80B111F
:10B6100061B11449D4F80001C3F8A007C3F8A42706
:10B620000D60BFF36F8FBFF34F8FF0BD0023BFF3EB
:10B630005B8F84F82031BFF35B8FF0BD0A4B0B4862
:10B640005A68C2F30802003218BF0122BDE8F04078
:10B65000FFF794B850770020007002402870024035
:10B66000507002404870024000ED00E0E5B6020074
:10B67000174BBFF35B8F01460122D3E84F0FC3E89E
:10B680004C2FBCF1000FF8D1BFF35B8F10F0FF0F10
:10B6900014D10A60BFF36F8FBFF34F8F0D4B9942E8
:10B6A00003D0043B994200D070470B4BBFF35B8F34
:10B6B000002283F82021BFF35B8F7047074B0848B7
:10B6C0005A68C2F30802003218BF0122FFF756B8C9
:10B6D00070780020507002405077002000ED00E0AC
:10B6E00071B60200F0B5334CBFF35B8FC1B204F505
:10B6F00090730126D3E84F2FC3E8406F0028F9D19B
:10B70000BFF35B8F12F0FF0F47D1082928D04D01FE
:10B71000621954F805E028489388DFF8B0C001F5B5
:10B72000947550F82570D2888D009A1A93B2BFB2E2
:10B730006A1800EB8202BB4228BF3B46C2F800E712
:10B740006544C2F804374CF82160BFF36F8FBFF334
:10B750004F8F1A4B9D4218D0043B9D4215D0F0BD2F
:10B76000154BD3F8C024D1030FD494F80B1161B159
:10B770001349D4F80001C3F8A007C3F8A4270E604A
:10B78000BFF36F8FBFF34F8FF0BD0023BFF35B8F0D
:10B7900084F82031BFF35B8FF0BD0A4B0A485A682A
:10B7A000C2F30802003218BF0122BDE8F040FEF7E4
:10B7B000E5BF00BF5077002000700240507002408B
:10B7C0004870024000ED00E0E5B60200287002403B
:10B7D00001207047014B80225A60704700E100E071
:10B7E000074BD3F80014D3F8002400200A434FF489
:10B7F0008001C3F80024C3F85801C3F8041370474C
:10B8000000700240074B4FF4001229B9C3F8082317
:10B81000054B83F821117047C3F80423024B83F8CA
:10B8200021117047007002405077002070B48A7870
:10B830008C88414EC97802F07F03D50905EB43009F
:10B8400006EB001001F00301C4F30A04012904818E
:10B850002BD0012101FA03F4BDB1384802339940DD
:10B86000C0F80413D0F810352343C0F81035334B1B
:10B8700042F48071C3F81825C3F80C15BFF36F8F1D
:10B88000BFF34F8F012070BC70472C4803F10C06AA
:10B89000B140C0F80413D0F8141503F594730C43A9
:10B8A000C0F8144540F82350E1E7082B08D0244B9A
:10B8B000186810F00100E6D000BE002070BC704790
:10B8C000EDB9B6F818311BB11C4B8022C3F81C250A
:10B8D0001A4A0023C2F85031D2F8003313F400138F
:10B8E00008BFC2F85431154B4FF44012C3F804237B
:10B8F000D3F8142542F48072C3F81425BEE7B6F8D5
:10B9000008210E4B0021C3F82C1112B18022C3F87C
:10B910001C250A4AD2F8003313F4001308BFC2F8FA
:10B920005431064B074AC3F80423D3F8102542F4D8
:10B930008072C3F81025A1E7507700200070024004
:10B94000F0ED00E0000820001F4B80222DE9F041BF
:10B95000C3F88420BFF34F8FBFF36F8F01241B4DBB
:10B960001B4FA0460026A30004F10C02A11C03F10A
:10B97000804303F51C3308FA01F108FA02F20A4386
:10B98000C7F8082328465E60013420229E62002109
:10B990000FF08CFC082C05F12005E4D10D4BC7F805
:10B9A00008332022C7F81C6500217E620A48BE6465
:10B9B0000FF07CFCC7F81485C7F81085024B802275
:10B9C0005A60BDE8F08100BF00E100E07077002020
:10B9D00000700240000830005078002001F07F0223
:10B9E000082A70B44FEAD11128D0012303FA02F0DB
:10B9F000C043B1B1294C951CAB40C4F80833D4F80E
:10BA00001055274B2840C4F8100501EB420103EB09
:10BA100001110023CB72BFF36F8FBFF34F8F70BC48
:10BA200070471E4C02F10C05AB40C4F80833D4F843
:10BA300014551B4B2840C4F81405E6E7184B03EBDC
:10BA400001100024A0F808411448D1B14FF400645B
:10BA5000C0F80843D0F8104524F48074C0F81045AD
:10BA6000B3F81841B3F808510C48EC424FF0000607
:10BA700008BF4FF40014C0F81C6508BFC0F80843A5
:10BA8000C3E74FF48014C0F80843D0F8144524F4F9
:10BA90008074C0F81445C0F85011E1E7007002400E
:10BAA0005077002001F07F004FEAD11CF0B50CEB7D
:10BAB0004005744E2D01771985B0FC7A4CB1724B5C
:10BAC0001C6814F0010401D000BE0024204605B01B
:10BAD000F0BD04F0FF0E7251BB80A7F806E000280D
:10BAE00043D1002B57D0BCF1000F00F08E8006EB45
:10BAF000401100EB8003CD8A8A8A0C8B0969521BA6
:10BB00009B0092B203F1804303F51C33A24228BF8D
:10BB100022465E4DC3F8001600B2C3F804265C4B03
:10BB2000BFF35B8F05EB80010122D3E84F4FC3E8E1
:10BB3000472F002FF9D1BFF35B8FE4B2002C40F008
:10BB4000908045F82020BFF36F8FBFF34F8F514B8C
:10BB5000994202D0043B994219D1BFF35B8F002375
:10BB600086F82031BFF35B8F11E0BCF1000FBED12E
:10BB700006EB40160123F372BFF36F8FBFF34F8FB5
:10BB8000B37A23B1F37A03F0FF04002B74D10124BC
:10BB9000204605B0F0BD404AD2F88024C2F3C0125E
:10BBA0006245A0D03D4D6A688DF80810C2F30801C7
:10BBB00000314FF4E06218BF012101A803938DF812
:10BBC0000930ADF80420FEF755FCBFF35B8F06F596
:10BBD00090720123D2E84F1FC2E8403F0028F9D1FC
:10BBE000BFF35B8FCCB2002C38D12A4A1360BFF36D
:10BBF0006F8FBFF34F8F1C46BFF35B8F204686F8D5
:10BC00002011BFF35B8F05B0F0BD0123204AF37212
:10BC1000BFF35B8FD2E84F4FC2E8413F0029F9D113
:10BC2000BFF35B8FE4B26CB91D4A1360BFF36F8F33
:10BC3000BFF34F8FBFF35B8F86F820C11C46BFF365
:10BC40005B8F43E7154B16495A681648C2F3080242
:10BC5000003218BF0122FEF791FD37E76A680D49EF
:10BC6000F3E70E4B0F485A68C2F30802003218BFC0
:10BC70000122FEF783FD29E786F80AC0FFF782FC60
:10BC800024E700BF50770020F0ED00E00470024090
:10BC900070780020507002400070024000ED00E01B
:10BCA0004C70024071B6020011F07F0008B512D04E
:10BCB00008280BD00E4B41F48072C909C3F818252F
:10BCC00004D10C4B03EB40139A7A62B9BFF36F8F28
:10BCD000BFF34F8F08BD064B01225A65BFF36F8F2C
:10BCE000BFF34F8F08BD9972FFF74CFCEEE700BF22
:10BCF000007002405077002011F0770F12D00A4BED
:10BD000041F48072C3F80C15C3F80C25CA09C3F8B6
:10BD1000181504BF01F5947143F82120BFF36F8F0C
:10BD2000BFF34F8F704700BF007002402DE9F04F06
:10BD3000A54BA64CD3F8000300238BB01E461F462C
:10BD4000012520FA03F11A19C9074FEA820209D521
:10BD5000116839B105FA03F117600E43BFF36F8F15
:10BD6000BFF34F8F0133192BEBD1F20700F135826E
:10BD7000974D330508D5944BD3F8A83601229BB2D2
:10BD8000A5F8163185F81C21B70206F4800424D5E5
:10BD90008D4BD3F81425D00540F1FC81002C00F028
:10BDA000A182D3F80024D20740F19C82D3F8103549
:10BDB000DA0540F1FB8195F81C3107AF002B40F00C
:10BDC000BD82814BD3F82035089338464FF4407339
:10BDD0000121ADF81C30FEF74DFB04B37A4AD2F8CE
:10BDE000004440F201732340C2F80034E30500F13F
:10BDF0005682670510D5744B0122C3F808259A6551
:10BE0000D3F8002312F4001208BFC3F854216E4B7C
:10BE10004FF40012C3F80423A00500F1358231026B
:10BE20003DD5694BD3F880C4D3F88414D3F888E4A3
:10BE3000D3F88C74D3F89084D3F89444D3F898044E
:10BE4000D3F89C245FFA8CF35FFA80FCD0B25A06D8
:10BE5000C9B25FFA8EFEFFB25FFA88F85FFA84F922
:10BE600001D105291BD00024224668F3070263F3A1
:10BE7000070461F30F2469F30F226EF317446CF388
:10BE8000174260F31F6267F31F644FF4C063012120
:10BE900007A8CDE90842ADF81C30FEF7EBFA4D4B90
:10BEA0003340002B40F09181DFF82491464F4D46FE
:10BEB000CA4609F5907800241DE02B44DA7A002A5E
:10BEC00000F0D781DA88AAF804200022DA72D98833
:10BED00009914FF4E063012107A88DF820B08DF897
:10BEE0002120ADF81C30FEF7C5FABBF1080F47D092
:10BEF00001340AF1200A04F10C0326FA03F3DB07EC
:10BF00005FFA84FBF1D504EB840307EB8303DAF8D3
:10BF10000020D3F80807630112FA80F2E918CAF882
:10BF20000020CA8880B2024492B2082CCA80C4D0D1
:10BF3000BAF808208242C0D1CA88BAF804109142E7
:10BF4000BBD9BBF1000FD0D10122BFF35B8FD8E882
:10BF50004F3FC8E8412F0029F9D1BFF35B8F13F0A1
:10BF6000FF0F40F052821C490A60BFF36F8FBFF38E
:10BF70004F8FBFF35B8F85F82031BFF35B8FB7E73F
:10BF8000164B3340002B00F002810F4BD3F86C248A
:10BF90000192C3F86C24BFF36F8FBFF34F8F16F479
:10BFA000806600F06E81D3F88024D3F8803483F06B
:10BFB0008003C3F3C0130593C2F3C0130493DFF8E7
:10BFC00008A00024A84613E000700240409C001026
:10BFD00050770020FCFB1F004C7002400004000161
:10BFE000002C00F0F281072E52D0013409F1200913
:10BFF0000199E14004EB8403C9070AEB830308EBD2
:10C000004412E6B2ECD5D3F80816D9F81070C9B2CC
:10C010000F44C9F81070D08A014489B2D182A8496E
:10C02000D08AB9F8145061188900854202914FF006
:10C03000010C66F07F0103914FF4E06B4FF0000EAE
:10C04000614607A840F2B480D18AB9F81820C3F835
:10C0500000766D1AADB2954228BF1546994AC3F8CD
:10C060000456BFF35B8FD2E84F3FC2E841CF0029AF
:10C07000F9D1BFF35B8F13F0FF0F40F0ED80029B0F
:10C08000C3F800C0BFF36F8FBFF34F8F072EACD143
:10C09000019BDB03454601D4059B43B1EB7A23B1F9
:10C0A000EB88AA889A4200F271810123AB72019B4E
:10C0B0009F030BD595F82B3023B1EB8CAA8C9A42B9
:10C0C00000F28881012385F82A30019B5E030DD59B
:10C0D00095F84B3033B1B5F84630B5F844209A4264
:10C0E00000F27D81012385F84A30019B1C030DD5A8
:10C0F00095F86B3033B1B5F86630B5F864209A42E4
:10C1000000F27E81012385F86A30019BD8020DD5AB
:10C1100095F88B3033B1B5F88630B5F884209A4263
:10C1200000F23881012385F88A30019B99020DD5F0
:10C1300095F8AB3033B1B5F8A630B5F8A4209A42E3
:10C1400000F22D81012385F8AA30019B5A020DD5FA
:10C1500095F8CB3033B1B5F8C630B5F8C4209A4263
:10C1600000F22281012385F8CA30019B1B020ED503
:10C1700095F8EB30002B00F0F380B5F8E630B5F819
:10C18000E4209A4240F2EC800720FFF7FBF90BB065
:10C19000BDE8F08FD3F81025D1053FF50CAE95F82A
:10C1A00021211AB94FF40012C3F8082307AF08E69B
:10C1B000D38A09939DF80C30ADF81CB08DF820306F
:10C1C0008DF821E0FEF756F90DE70023BFF35B8FF2
:10C1D00085F82031BFF35B8F66E63B4B3B4A3C4D15
:10C1E0003C4800240127C2F81475C2F81075546049
:10C1F00094625C609C629C60DC62DC601C631C611D
:10C200005C635C619C639C61DC63DC611C64546204
:10C210009464C2F85841D2F80034D2F800140B43A9
:10C22000C2F80034D2F80033C2F808332146C2F80D
:10C23000040328464FF492720FF038F840234FF46D
:10C240008072394607A82B832B818DF82040ADF8EA
:10C250001C20FEF70FF98CE51F4B20485A68029905
:10C26000C2F30802B2EB0E0218BF0122FEF786FAF3
:10C27000B9E61B4B1B68D80789D500BE0BB0BDE8DB
:10C28000F08FCDE904669AE600220523012107A874
:10C290008DF81C208DF81D30FEF7ECF8BFE501216C
:10C2A000C2F82C150423002207A88DF81C208DF855
:10C2B0001D30FEF7DFF867057FF5AEAD9BE500BFEB
:10C2C000019C001070780020047002400070024051
:10C2D000507700200514C00100ED00E071B60200A7
:10C2E000F0ED00E04F4BBFF35B8F0122D3E84F1F0F
:10C2F000C3E8402F0028F9D1BFF35B8F11F0FF0F87
:10C3000032D1494BD3F8C004C70352D495F80B116E
:10C3100001F0FF07002967D04449D5F80071C3F840
:10C32000A077C3F8A4070A60BFF36F8FBFF34F8FE6
:10C33000D3F81035D8053FF53EAD37E7B5F81631DF
:10C340000993002285F81C2188234FF4E0623846C7
:10C350000121ADF81C20ADF82030FEF78BF830E558
:10C36000012385F8EA3012E7314B32485A68C2F3AC
:10C370000802003218BF01220821FEF7FFF92A4BFC
:10C38000D3F81035DB053FF516AD0FE70020FFF7BA
:10C39000F9F88CE60420FFF7F5F8019BC6E60520C6
:10C3A000FFF7F0F8019BD1E60620FFF7EBF8019BC1
:10C3B000DCE6BFF35B8F85F82011BFF35B8FD3F80A
:10C3C0001035DF053FF5F7ACF0E6049900293FF49E
:10C3D0000CAE18E60120FFF7D5F8019B76E60220A7
:10C3E000FFF7D0F8019B81E6BFF35B8F85F82071E2
:10C3F000BFF35B8FD3F81035D9053FF5DCACD5E63C
:10C400000320FFF7BFF8019B80E6094B0A485A68F2
:10C410000A49C2F30802003218BF0122FEF7AEF942
:10C4200066E500BF7078002000700240487002404E
:10C4300000ED00E0E5B6020071B602004C7002406B
:10C4400030B5012885B000F09F8057D3022840D135
:10C45000BA4BD3F80435002B40F0D780B74AD2F856
:10C4600000341C05FBD54FF40063C2F80034BFF361
:10C470006F8FBFF34F8FB24AB24B12681B68082A06
:10C4800000F0D780AD4BB04D80240122C3F81C458D
:10C49000C3F80423C5F88441FDF7D8FA002840F01A
:10C4A000F880AA4D43F204044FF080432268AA4268
:10C4B00011D0D3F80C14D3F80C24D003F6D5CA0746
:10C4C000F4D59E4B0122C3F80425BFF36F8FBFF351
:10C4D0004F8F05B030BD04AA002102F80C1D104694
:10C4E000FFF74EF89DF804000028E2D010460191B5
:10C4F000FFF744F8019A002AD8D0E2E78F4BD3F82F
:10C500000025002AE5D14FF480014FF40062C3F802
:10C510000813C3F80024BFF36F8FBFF34F8F884B0E
:10C520001B68082B00F0B780844B0122C3F800255C
:10C53000BFF36F8FBFF34F8F43F2040203F18D53AC
:10C5400003F57723126803F2DB539A4200F0CA80A6
:10C550004FF08043D3F80C24D3F80C34D90301D521
:10C56000D207B6D443F20402784B12689A4200F024
:10C570001881774B00221A601B6801934FF08043AB
:10C58000012201991A60A4E76C4BD3F80025002A18
:10C590009FD00022C3F80425BFF36F8FBFF34F8FE6
:10C5A00069498020C1F88400BFF34F8FBFF36F8FBC
:10C5B000D3F80013C3F80813C3F80025BFF36F8F37
:10C5C000BFF34F8F43F2040103F18D5303F577233B
:10C5D000096803F2DB53994200F0998001AB5D4A90
:10C5E000012111605C4A5168C1F30801003118460D
:10C5F0004FF000024FF0020318BF01218DF8042014
:10C600008DF80530FDF736FF63E743F204024F4B28
:10C6100012689A4200F0B0804FF08043D3F80C24A7
:10C62000D3F80C34DB037FF519AFD5077FF516AFD0
:10C630004FE7032B0AD8494A1168002940F0988037
:10C64000474C49F275301060216010605A1E022A72
:10C6500010D8424A1168002967D1424D3848394BF9
:10C6600000681B6849F2753414602960146008285A
:10C670007FF408AF032B3FF605AF3B493B4B40F23D
:10C68000E370402208601A60BFF36F8FBFF34F8FD3
:10C69000F8E66C6005E72B4B1B685A1E022A12D87D
:10C6A0002E4B1A68002A40F08E802E4949F27532CE
:10C6B00003201A6008601A60214A224B12681B6826
:10C6C000082A7FF431AF032B3FF62EAF234B1A68B5
:10C6D000002A74D1224949F27532C0201A600860DC
:10C6E0001A6021E704AB002203F80C2D1846FEF770
:10C6F00047FF9DF8041000293FF42AAF1846019225
:10C70000FEF73CFF019B002B7FF4E3AE2AE704AB6E
:10C7100003F80C2D1846FEF733FF9DF80420002A7D
:10C720003FF45DAFFEF728FF5CE70549054B0D4A76
:10C7300008681B680021116099E700BF0070024083
:10C74000300100103401001000E100E0DBE5B151E0
:10C75000000100400400004000ED00E000EC064055
:10C7600014EC064014ED06400078024004780240C4
:10C77000174A0021116069E704AB002203F80C2D71
:10C780001846FEF7FDFE9DF8041000293FF444AF63
:10C7900018460192FEF7F2FE019B002B7FF499AE42
:10C7A0005CE604A8002300F80C3DFEF7E9FE9DF8C6
:10C7B0000430002B3FF4DDAEFEF7DCFE89E6044BCF
:10C7C000C0221A60B0E6034B03221A6074E700BF70
:10C7D00014EC064014ED0640F8B5037813F001049C
:10C7E00005D10678C6F3800626B12046F8BD0024A0
:10C7F0002046F8BD0F4605464FF0FF3138460BF096
:10C8000073F82A7812F001040FD12B785B0704D457
:10C810002B7843F004032B700124002338461A467A
:10C8200019460AF045FC2046F8BD3446F5E700BF3E
:10C8300070B505460E4608464FF0FF310BF054F830
:10C840002878C0F3800444B90024002330461A46F7
:10C8500019460AF02DFC204670BD2B7813F001021A
:10C86000F2D12B7862F382032B70EEE710B4C37819
:10C87000848803F00303022BC4F30A0426D019D8DA
:10C88000012B04D0002318465DF8044B70470229A1
:10C8900040F2FF3208BF4FF48062A242F3D21A4B3B
:10C8A0001B6813F00103EED000BE002318465DF8AC
:10C8B000044B7047022914BF40234FF48063A34206
:10C8C000EDD3012318465DF8044B704702290BD0C5
:10C8D00012B1B4F5007F11D0A4F108039BB2182B5C
:10C8E00006D9402CEDD0DAE7B4F5007FD7D1E8E7E0
:10C8F000064A22FA03F3DB07D1D5E2E70024402100
:10C90000134644710171BEE7F0ED00E00101000142
:10C910000A44914216D230B44C78052C05D00C78DC
:10C9200021448A42F8D830BC70478C7804F07F05E7
:10C9300000EB4505E4092B550C7821448A42EBD8DD
:10C9400030BC7047704700BF2DE9F04182B00678D7
:10C95000089DBDF82470009361F300060446294643
:10C9600000F8086B012316463A46BDF82C80FCF708
:10C970006DFE05B13FB90A9B63600120A4F80280F7
:10C9800002B0BDE8F08104F11C0101200AF06AFD4B
:10C9900026B903463046C4E90503ECE70023FAE76D
:10C9A00010B50446406908B10BF054F9A06908B10C
:10C9B0000BF050F9012010BDF0B50B460D4613F8F1
:10C9C000081B83B011F0020F0746184640F2FF1310
:10C9D0000CBF3F241C461646FCF774FEE8B9E6B1CE
:10C9E00026421AD12B786978DA07384618D5FEF72F
:10C9F00007F990B12B78697813F0010313D0002365
:10CA00003846CDE900331A46FEF73EF930B9084BF7
:10CA10001B68DB0701D500BE00E0002003B0F0BDBD
:10CA2000FDF714FFE5E738461A46FDF72FFFEDE75F
:10CA3000F0ED00E070B501F1080582B00646284629
:10CA40000C46FCF73FFE38B123786178DB073046AF
:10CA500005D5FEF7D5F830B9002002B070BDFDF75E
:10CA6000F5FE0028F8D0284662886168FCF754FE7D
:10CA7000054690B1237862686178D80717D50023FE
:10CA8000CDE9003330462B46FEF7FEF8B0B90C4B2B
:10CA90001B68DB07E0D500BEDFE72078617810F087
:10CAA0000104304608D1FDF7E1FE2046D5E73046C7
:10CAB0002B46FDF7EBFEE9E7FEF7C8F82846CCE782
:10CAC000F0ED00E02DE9F0418A890B7882B00C4648
:10CAD0000646E2B9DD07497857D5FEF791F80028F8
:10CAE0004FD0227863886178D20751D5002B5DD072
:10CAF000626800253046CDE90055FEF7C5F80028EC
:10CB00004DD1374B1B68DB073BD500BE3AE003F045
:10CB1000020301F10808002B40460CBF40274FF4E8
:10CB20000077304D08BF6FF03F05FCF7E3FD87420B
:10CB300027D823786178DB07304634D5FEF760F8D4
:10CB4000F8B14046FCF7D6FD874233D805EA00022B
:10CB500065882378617890B2854228BF0546DA0758
:10CB600032D5002D37D062680023CDE9003330463E
:10CB70002B46FEF789F80028C3D0284602E0FEF7CE
:10CB800065F8002002B0BDE8F081FDF75FFEA6E782
:10CB900073B162683046FDF779FE0028B1D0608835
:10CBA00002B0BDE8F081FDF751FEC9E71A46A0E7E3
:10CBB0001A46EFE72078617810F001043046DED1A4
:10CBC000FDF754FE2046DDE73DB1626830462B4656
:10CBD000FDF75CFECFE72A46C6E72A46F6E700BF28
:10CBE000F0ED00E000FEFFFF2DE9F0470478089E1D
:10CBF0001F46062C1AD8DFE814F055015B016001CE
:10CC00000700650172011B00438843EA0121B1F569
:10CC1000887F4FF0000341808380C0F06681114619
:10CC200004460EB10520B04700232370BDE8F0870D
:10CC300090F801C0B0F81641B0F802806FEA0C23FA
:10CC40001BB24FF000094B4544EA01219CB2B6BF2C
:10CC500041F22103630083EA44039CB2230446BFEC
:10CC600041F2210383EA440363009CB2230446BFDC
:10CC700041F2210383EA440363009CB2230446BFCC
:10CC800041F2210383EA440363009CB2230446BFBC
:10CC900041F2210383EA440363009CB2230446BFAC
:10CCA00041F2210383EA440363009CB2230446BF9C
:10CCB00041F2210383EA440363009BB21C0446BF94
:10CCC00041F2210484EA43045C005FFA88FEA4B2C6
:10CCD00084EA0E2424B2002CB8BF41F221031FFACB
:10CCE00084FEACBF4FEA4E0383EA4E039CB223049A
:10CCF00046BF41F2210383EA440363009CB223044C
:10CD000046BF41F2210383EA440363009CB223043B
:10CD100046BF41F2210383EA440363009CB223042B
:10CD200046BF41F2210383EA440363009CB223041B
:10CD300046BF41F2210383EA440363009CB223040B
:10CD400046BF41F2210383EA440363009CB22304FB
:10CD50004ABF41F22103630083EA44034FEA1825E6
:10CD60009BB283EA05231BB2002B9CB2B6BF41F2F3
:10CD70002103630083EA44039CB2230446BF41F2CB
:10CD8000210383EA440363009CB2250446BF41F2B9
:10CD9000210383EA440363009CB2230446BF41F2AB
:10CDA000210383EA440363009CB2250446BF41F299
:10CDB000210383EA440363009CB2230446BF41F28B
:10CDC000210383EA440363009CB2250446BF41F279
:10CDD000210383EA440363009BB21C044ABF41F26F
:10CDE00021045B0084EA4303A0F8161180F8009048
:10CDF0009BB2B8F1000F4AD008F1FF3400F1060EE3
:10CE00001EFA84FE41F22105441D14F8019F83EAB5
:10CE100009230FFA83F91FFA89F3B9F1000FACBFA8
:10CE20005B0085EA43039BB213F4004F0CBF5B0029
:10CE300085EA43039BB213F4004F0CBF5B0085EA05
:10CE400043039BB213F4004F0CBF5B0085EA43031E
:10CE50009BB213F4004F0CBF5B0085EA43039BB207
:10CE600013F4004F0CBF5B0085EA43039BB213F43D
:10CE7000004F0CBF5B0085EA43039BB213F4004FE5
:10CE80000CBF5B0085EA430374459BB2BDD1994258
:10CE900030D0002E3FF4CAAE334611460120BDE823
:10CEA000F0471847AA297FF4C1AE01230370BDE6FD
:10CEB000022341700370BDE8F087032341800370B3
:10CEC000BDE8F0878288531C02449BB28380917135
:10CED00042889A423FF6AAAE05230370A6E60623CF
:10CEE000A0F816110370BDE8F0870029F4D00423E0
:10CEF00003709BE6002F3FF499AE1346811D424616
:10CF00006046BC46BDE8F047604700BF014B0122C8
:10CF10001A7070476C7B0020704700BF10B5044644
:10CF2000503009F02DFF04F1180009F029FF04F139
:10CF30000C0009F025FF204609F022FF204610BD15
:10CF400008B5034805F018FBB0FA80F0400908BDA9
:10CF5000847B002070B51D4E336813F0010532D17B
:10CF60001B4C1C49204609F0BDFE1A4904F10C0077
:10CF700009F0B8FE174904F1180009F0B3FE04F1F6
:10CF8000280084F8245009F0DDFA04F1300009F09B
:10CF9000D9FA04F1380009F0D5FA04F1400009F09B
:10CFA000D1FA04F1480009F0CDFA0A4904F1500021
:10CFB00009F098FE01232046074A0849A4F85C506E
:10CFC00033600DF0B1FA024870BD00BF74780020E4
:10CFD00078780020A0D90300006000201DCF020057
:10CFE00030B5044683B02F4807F01CFD2368DFED01
:10CFF0002E7A2C4800EE103AB8EE400A20EE270AAE
:10D0000004F05CFB10B1002003B030BD63689FEDFD
:10D01000270A244807EE903AF8EE677A27EE800A4E
:10D0200008F0E0F80028EED1217A1E4808F038F820
:10D030000028E8D10246617A1A4808F04FF9002822
:10D04000E1D194F90A1017481629A8BF162104F057
:10D0500067FB0028D7D1B4F80B101248C9B244229C
:10D0600008F072F90028CED1617B0E4808F0B8F9BB
:10D0700005460028C7D101240A4808F07DFD41F289
:10D08000210341F60F5221460094064808F0D2FCD5
:10D090002946044808F00AFE024808F0FBFD204635
:10D0A000B2E700BF847B0020BD3786356F12833A1C
:10D0B000314B1B7813B1314B1B7803B1704770B5FE
:10D0C00009F0F2FE2E4B1B68C01AB0F5FA7F04D3AC
:10D0D0002C4B1B7803F0FF0403B170BD2A4D09F0FF
:10D0E000E3FE2B68C01A0928F7D9284E09F0DCFEA8
:10D0F00033682860132B25DD254BD3ED007AF5EE40
:10D10000407AF1EE10FA4FF00002E6D09FED216A6E
:10D11000DFED216A9FED217A21491A6067EE867A58
:10D120003460F4EEE67AF1EE10FA88BFF0EE667A3B
:10D13000F4EEC77AF1EE10FAB8BFF0EE477AC1ED1F
:10D14000007A70BD174805F0CDFC154BD3ED007A81
:10D15000B2EE047A77EE877AB4EEE70AF1EE10FACF
:10D16000BBD50B4A3368D2ED007A37EE800A013323
:10D1700082ED000A336070BDD9780020D878002095
:10D18000407B00206C7B0020487B00204C7B0020F3
:10D19000247B0020CDCC4C3D000048C2000016C3CB
:10D1A0001C610020847B002010B504460CF02EF991
:10D1B000204610BD2DE9F04383B00024DFF8A8809D
:10D1C000DFF8A890204D214F0094234622462146A7
:10D1D0001F48204E09F0BEF94146484609F082FD3D
:10D1E0002A46394648460DF09FF948200CF00AF9C6
:10D1F0001D238146009303221C23042103F0FEF823
:10D200004946304605F096F92A4630461249134EF3
:10D210000DF08AF9124A134BC2F8024041463046DB
:10D22000C3F8024014705470A2F816411C705C7070
:10D23000A3F8164109F056FD2A463946304603B098
:10D24000BDE8F0430DF070B900600020816D03006F
:10D25000F4790020847B002019CF0200307B00206D
:10D26000087A0020DC780020A0D90300707B002021
:10D27000F0B5C5B001AC150A4FF0AA0CE570D51C8D
:10D280001E466070A27084F800C0ADB2DAB1002909
:10D2900071D0174602A80DF0E5FF07F1040CBA1D86
:10D2A00005371FFA8CFC92B2BFB285B9FF210B463D
:10D2B00004F80C30E155002E5BD021463148F9F7D7
:10D2C00063F845B0F0BD052706224FF0040C234655
:10D2D0004FF6FF7141F2210013F801EF81EA0E21B0
:10D2E0000FFA81FE1FFA8EF1BEF1000FACBF4900AC
:10D2F00080EA410189B211F4004F0CBF490080EA75
:10D30000410189B211F4004F0CBF490080EA41018C
:10D3100089B211F4004F0CBF490080EA410189B283
:10D3200011F4004F0CBF490080EA410189B211F4A9
:10D33000004F0CBF490080EA410189B211F4004F4F
:10D340000CBF490080EA410189B2A3EB040E11F43D
:10D35000004F1FFA8EFE0CBF490080EA4101AE4526
:10D3600089B2B9D3CBB2090A04F80C30E155002ECA
:10D37000A3D145B0F0BD052706224FF0040C002DC7
:10D38000A5D193E718640020F0B50121ADF5057D26
:10D39000334805F0B9FB431EFE2B4CD9314B1B78AB
:10D3A000002B42D00DF5057DF0BD2D4805F09AFB10
:10D3B000BDEEC00A2A4810EE103A1DB205F072FB0D
:10D3C000F2EE047A20EE270A274ABDEEC00A506822
:10D3D000158210EE103A01301BB2538250608DF866
:10D3E0000A3102A91F122246EBB20DF58770C5F370
:10D3F00007258DF808318DF80C318DF80B718DF8FB
:10D4000009518DF80D510DF02DFFA21D92B201238F
:10D4100042A904200096FFF72BFF09F045FD114BB0
:10D42000124A1B781060002BBCD10D4805F0A4F8FF
:10D430000DF5057DF0BD0246044602A9084805F039
:10D4400029FC06460028B0D0074A0649D368097867
:10D450000133D3600029E8D00DF5057DF0BD00BF94
:10D46000847B0020047A0020547B0020407B002035
:10D470000EB410B5B5B037AB044653F8042B019386
:10D4800002A8C8210EF09EFC00280BDB022C0ED057
:10D49000084A094B012C18BF1A460849084802AB34
:10D4A00009F0A6F835B0BDE8104003B07047054A52
:10D4B000F3E700BF54D9030044D903005CD903004B
:10D4C000186400204CD90300F0B5C5B001ACAA2502
:10D4D0000123607025706380002900F019810B78AA
:10D4E00023710621072605256FEA002000B20028D7
:10D4F000B8BF41F2210387B2ACBF7B0083EA470388
:10D5000098B2030446BF41F2210383EA400343007B
:10D5100098B2070446BF41F2210383EA4003430067
:10D5200098B2030446BF41F2210383EA400343005B
:10D5300098B2070446BF41F2210383EA4003430047
:10D5400098B2030446BF41F2210383EA400343003B
:10D5500098B2070446BF41F2210383EA4003430027
:10D5600098B203044ABF41F22103430083EA400317
:10D570009BB283F480731BB2002B98B2B6BF41F20A
:10D580002103430083EA400398B2070446BF41F2F7
:10D59000210383EA4003430098B2030446BF41F2EB
:10D5A000210383EA4003430098B2070446BF41F2D7
:10D5B000210383EA4003430098B2030446BF41F2CB
:10D5C000210383EA4003430098B2070446BF41F2B7
:10D5D000210383EA4003430098B2030446BF41F2AB
:10D5E000210383EA4003430098B2070446BF41F297
:10D5F000210383EA4003430098B2030446BF41F28B
:10D60000210383EA4003430098B2070446BF41F276
:10D61000210383EA4003430098B2030446BF41F26A
:10D62000210383EA4003430098B2070446BF41F256
:10D63000210383EA4003430098B2030446BF41F24A
:10D64000210383EA4003430098B2070446BF41F236
:10D65000210383EA4003430098B2030446BF41F22A
:10D66000210383EA4003430098B207044ABF41F212
:10D670002103430083EA400320799BB283EA00231D
:10D680001BB2002B98B2B6BF41F22103430083EADC
:10D69000400398B2030446BF41F2210383EA4003EA
:10D6A000430098B2070446BF41F2210383EA4003D6
:10D6B000430098B2030446BF41F2210383EA4003CA
:10D6C000430098B2070446BF41F2210383EA4003B6
:10D6D000430098B2030446BF41F2210383EA4003AA
:10D6E000430098B2070446BF41F2210383EA400396
:10D6F00043009BB2180446BF41F2210080EA430375
:10D700005B009BB2180A635560542AB945B0F0BD5E
:10D71000052106260425E7E6324621460248F8F7A9
:10D7200033FE45B0F0BD00BF1864002030B50128BD
:10D7300083B005460C4603D10C4AD3680133D3604D
:10D7400023462A460A490220FFF792FE02A9A4F1C5
:10D750000203B4FA84F2B3FA83F301F8015D5209CB
:10D760005B09FE20FFF7B0FE03B030BD547B002004
:10D7700020D903002DE9F04F4828D1B016461D46A8
:10D7800001F0F98404468B4640F2F080742802F0E0
:10D79000DB8240F25582942801F05C8640F23983A6
:10D7A000982800F04383FF2800F04083962840F03B
:10D7B000958646F6FF039BB26B4A0DAC5B001904DD
:10D7C00022604FF00102227146BF41F2210282EA3B
:10D7D000430393409AB2170446BF41F2210383EA00
:10D7E000420353009AB2160446BF41F2210383EA72
:10D7F000420353009AB2100446BF41F2210383EA68
:10D80000420353009AB2110446BF41F2210383EA56
:10D81000420353009AB2130446BF41F2210383EA44
:10D82000420353009AB217044ABF41F22103530046
:10D8300083EA4203A2789BB283EA02231BB2002B45
:10D840009AB2B6BF41F22103530083EA42039AB26F
:10D85000160446BF41F2210383EA420353009AB201
:10D86000100446BF41F2210383EA420353009AB2F7
:10D87000110446BF41F2210383EA420353009AB2E6
:10D88000130446BF41F2210383EA420353009AB2D4
:10D89000170446BF41F2210383EA420353009AB2C0
:10D8A000160446BF41F2210383EA420353009AB2B1
:10D8B00010044ABF41F22103530083EA4203E27895
:10D8C0009BB283EA02231BB2002B9AB2B6BF41F28D
:10D8D0002103530083EA42039AB2110446BF41F286
:10D8E000210383EA420353009AB2130446BF41F274
:10D8F000210383EA420353009AB2170446BF41F260
:10D90000210383EA420353009AB2160446BF41F250
:10D91000210383EA420353009AB2100446BF41F246
:10D92000210383EA420353009AB2110446BF41F235
:10D93000210383EA420353009AB213044ABF41F21F
:10D940002103530083EA42039BB283F480731BB22A
:10D95000002B9AB280F2958641F2210383EA4203BA
:10D960009AB200F090BE00BFAA970100302801F0E3
:10D97000378400F2E280112801F04A8000F22C8303
:10D98000012801F08581102840F0A8850E2A01F0B9
:10D99000E78640F2FF130DAC9BB25B00A04A226009
:10D9A0001F044FF0060222714ABF41F221025B00C0
:10D9B00082EA43039AB2170446BF41F2210383EA85
:10D9C000420353009AB2160446BF41F2210383EA90
:10D9D000420353009AB2100446BF41F2210383EA86
:10D9E000420353009AB2110446BF41F2210383EA75
:10D9F000420353009AB2130446BF41F2210383EA63
:10DA0000420353009AB217044ABF41F22103530064
:10DA100083EA4203A2789BB283EA02231BB2002B63
:10DA20009AB2B6BF41F22103530083EA42039AB28D
:10DA3000160446BF41F2210383EA420353009AB21F
:10DA4000100446BF41F2210383EA420353009AB215
:10DA5000110446BF41F2210383EA420353009AB204
:10DA6000130446BF41F2210383EA420353009AB2F2
:10DA7000170446BF41F2210383EA420353009AB2DE
:10DA8000160446BF41F2210383EA420353009AB2CF
:10DA900010044ABF41F22103530083EA4203E278B3
:10DAA0009BB283EA02231BB2002B9AB2B6BF41F2AB
:10DAB0002103530083EA42039AB2110446BF41F2A4
:10DAC000210383EA420353009AB2130446BF41F292
:10DAD000210383EA420353009AB2170446BF41F27E
:10DAE000210383EA420353009AB2160446BF41F26F
:10DAF000210383EA420353009AB2100446BF41F265
:10DB0000210383EA420353009AB2110446BF41F253
:10DB1000210383EA420353009AB213044ABF41F23D
:10DB20002103530083EA42039BB283F4C0631BB218
:10DB3000002B9AB280F2A5850EE7402800F0BC8742
:10DB400000F2D183312801F0FE82342840F0C684EF
:10DB5000042A7FF41EAF334833499BF80040334A10
:10DB600004709BF8010008709BF8020030491070A7
:10DB7000304EDBF80000304A9BF8037037700DAC74
:10DB80000123C4E900200B7022460DF13B004FF643
:10DB9000FF7341F2210112F8016F83EA06231BB2E1
:10DBA0009EB2002BACBF730081EA46039BB21E04F9
:10DBB00054BF5B0081EA43039BB21F0454BF5B0068
:10DBC00081EA43039BB21E0454BF5B0081EA430316
:10DBD0009BB21F0454BF5B0081EA43039BB21E0447
:10DBE00054BF5B0081EA43039BB21F0454BF5B0038
:10DBF00081EA43039BB21E0454BF5B0081EA4303E6
:10DC000082429BB2C7D11A0A2372627225B9214699
:10DC10000A220A48F8F7B8FB1E2009F051F9D4E1AE
:10DC2000AAFE01002F610020196100202E61002052
:10DC30006D7B0020FC790020AA35040018640020C8
:10DC4000612800F0508600F269854A2801F07E8143
:10DC5000602840F043846FF4C0430DAC46F2AA0242
:10DC6000002B22609AB2C1F2DF8553009AB21604EB
:10DC700046BF41F2210383EA420353009AB21004E3
:10DC800046BF41F2210383EA420353009AB21104D2
:10DC900046BF41F2210383EA420353009AB21304C0
:10DCA00046BF41F2210383EA420353009AB21704AC
:10DCB00046BF41F2210383EA420353009AB216049D
:10DCC00046BF41F2210383EA420353009AB2100493
:10DCD0004ABF41F22103530083EA4203A2789BB278
:10DCE00083EA02231BB2002B9AB2B6BF41F2210392
:10DCF000530083EA42039AB2110446BF41F2210362
:10DD000083EA420353009AB2130446BF41F221034F
:10DD100083EA420353009AB2170446BF41F221033B
:10DD200083EA420353009AB2160446BF41F221032C
:10DD300083EA420353009AB2100446BF41F2210322
:10DD400083EA420353009AB2110446BF41F2210311
:10DD500083EA420353009AB213044ABF41F22103FB
:10DD6000530083EA4203E2789BB283EA02231BB2A8
:10DD7000002B9AB2B6BF41F22103530083EA42035B
:10DD80009AB2170446BF41F2210383EA42035300CB
:10DD90009AB2160446BF41F2210383EA42035300BC
:10DDA0009AB2100446BF41F2210383EA42035300B2
:10DDB0009AB2110446BF41F2210383EA42035300A1
:10DDC0009AB2130446BF41F2210383EA420353008F
:10DDD0009AB2170446BF41F2210383EA420353007B
:10DDE0009BB21E0446BF41F2210282EA43035B005C
:10DDF0009BB21A0A237162713DB92146062274480A
:10DE0000F8F7C2FA7248F8F7B1FAC82009F058F8E2
:10DE1000DBE0902801F0BE80922840F05F8346F658
:10DE2000FF439BB20DAC5B006A4AC8E4FF230DAC14
:10DE30009BB24FF6AA725B0022601F0446BF41F2FC
:10DE4000210282EA43035B009AB2160446BF41F204
:10DE5000210383EA420353009AB2100446BF41F201
:10DE6000210383EA420353009AB2110446BF41F2F0
:10DE7000210383EA420353009AB2130446BF41F2DE
:10DE8000210383EA420353009AB2170446BF41F2CA
:10DE9000210383EA420353009AB216044ABF41F2B7
:10DEA0002103530083EA4203A2789BB283EA022350
:10DEB0001BB2002B9AB2B6BF41F22103530083EA92
:10DEC00042039AB2100446BF41F2210383EA42039F
:10DED00053009AB2110446BF41F2210383EA420380
:10DEE00053009AB2130446BF41F2210383EA42036E
:10DEF00053009AB2170446BF41F2210383EA42035A
:10DF000053009AB2160446BF41F2210383EA42034A
:10DF100053009AB2100446BF41F2210383EA420340
:10DF200053009AB211044ABF41F22103530083EA1D
:10DF30004203E2789BB283EA02231BB2002B9AB21F
:10DF4000B6BF41F22103530083EA42039AB213049D
:10DF500046BF41F2210383EA420353009AB21704F9
:10DF600046BF41F2210383EA420353009AB21604EA
:10DF700046BF41F2210383EA420353009AB21004E0
:10DF800046BF41F2210383EA420353009AB21104CF
:10DF900046BF41F2210383EA420353009AB21304BD
:10DFA00046BF41F2210383EA420353009BB21F04A0
:10DFB00046BF41F2210282EA43035B009BB21A0A88
:10DFC00023716271002D01F0A58251B0BDE8F08F80
:10DFD00018640020AA930100202800F0158422284C
:10DFE00040F07C82A04BA14AD3ED007A0D92B2EEB4
:10DFF000047A67EE877A0DACFDEEE77A17EE903A79
:10E000001BB219128DF811108DF81030BDF81030B8
:10E01000A3806FF40C53002B9AB2BBBF41F22103D3
:10E0200083EA420353001BB29BB21F0446BF41F276
:10E03000210282EA43035B009AB2160446BF41F212
:10E04000210383EA420353009AB2100446BF41F20F
:10E05000210383EA420353009AB2110446BF41F2FE
:10E06000210383EA420353009AB2130446BF41F2EC
:10E07000210383EA420353009AB2170446BF41F2D8
:10E08000210383EA420353009AB216044ABF41F2C5
:10E090002103530083EA4203A2789BB283EA02235E
:10E0A0001BB2002B9AB2B6BF41F22103530083EAA0
:10E0B00042039AB2100446BF41F2210383EA4203AD
:10E0C00053009AB2110446BF41F2210383EA42038E
:10E0D00053009AB2130446BF41F2210383EA42037C
:10E0E00053009AB2170446BF41F2210383EA420368
:10E0F00053009AB2160446BF41F2210383EA420359
:10E1000053009AB2100446BF41F2210383EA42034E
:10E1100053009AB211044ABF41F22103530083EA2B
:10E120004203E2789BB283EA02231BB2002B9AB22D
:10E13000B6BF41F22103530083EA42039AB21304AB
:10E1400046BF41F2210383EA420353009AB2170407
:10E1500046BF41F2210383EA420353009AB21604F8
:10E1600046BF41F2210383EA420353009AB21004EE
:10E1700046BF41F2210383EA420353009AB21104DD
:10E1800046BF41F2210383EA420353009AB21304CB
:10E1900046BF41F2210383EA420353009AB21704B7
:10E1A0004ABF41F22103530083EA420322799BB222
:10E1B00083EA02231BB2002B9AB2B6BF41F22103BD
:10E1C000530083EA42039AB2160446BF41F2210388
:10E1D00083EA420353009AB2100446BF41F221037E
:10E1E00083EA420353009AB2110446BF41F221036D
:10E1F00083EA420353009AB2130446BF41F221035B
:10E2000083EA420353009AB2170446BF41F2210346
:10E2100083EA420353009AB2160446BF41F2210337
:10E2200083EA420353009AB210044ABF41F2210329
:10E23000530083EA420362799BB283EA02231BB252
:10E24000002B9AB2B6BF41F22103530083EA420386
:10E250009AB2110446BF41F2210383EA42035300FC
:10E260009AB2130404E000BF1C610020AA2302003C
:10E2700046BF41F2210383EA420353009AB21704D6
:10E2800046BF41F2210383EA420353009AB21604C7
:10E2900046BF41F2210383EA420353009AB21004BD
:10E2A00046BF41F2210383EA420353009AB21104AC
:10E2B00046BF41F2210383EA420353009BB21A0492
:10E2C00046BF41F2210282EA43035B009BB21A0A75
:10E2D000A371E271002D7FF478AE214608227A48BE
:10E2E000F8F752F871E6412800F0F880422840F033
:10E2F000F580764C764800232370FEF771FE0028E7
:10E3000001F015812378002B01F00B810122714966
:10E310000020FFF7ADF800220DAC6FF48C436E497E
:10E320002160002B227199B2C1F205824B009BB291
:10E33000190446BF41F2210181EA43035B0099B20F
:10E340000F0446BF41F2210383EA41034B0099B217
:10E350000E0446BF41F2210383EA41034B0099B208
:10E36000080446BF41F2210383EA41034B0099B2FE
:10E370000B0446BF41F2210383EA41034B0099B2EB
:10E380000F0446BF41F2210383EA41034B0099B2D7
:10E390000E044ABF41F221034B0083EA4103A178F6
:10E3A0009BB283EA01231BB2002B99B2B6BF41F2A4
:10E3B00021034B0083EA410399B2080446BF41F2AE
:10E3C000210383EA41034B0099B20B0446BF41F29B
:10E3D000210383EA41034B0099B20F0446BF41F287
:10E3E000210383EA41034B0099B20E0446BF41F278
:10E3F000210383EA41034B0099B2080446BF41F26E
:10E40000210383EA41034B0099B20B0446BF41F25A
:10E41000210383EA41034B0099B20F044ABF41F242
:10E4200021034B0083EA4103E1789BB283EA012395
:10E430001BB2002B99B2B6BF41F221034B0083EA15
:10E44000410399B20E0446BF41F2210383EA41031E
:10E450004B0099B2080446BF41F2210383EA41030D
:10E460004B0099B20B0446BF41F2210383EA4103FA
:10E470004B0099B20F0446BF41F2210383EA4103E6
:10E480004B0099B20E0446BF41F2210383EA4103D7
:10E490004B0099B2080446BF41F2210383EA4103CD
:10E4A0004B0099B20B044ABF41F221034B0083EAAF
:10E4B00041039BB283EA02231BB2002B9AB280F283
:10E4C000E080FFF749BA00BF18640020047A0020FA
:10E4D00020610020A0D80300AA46010040F2FF13EB
:10E4E0000DAC9BB25B008B4A226018044FF0020215
:10E4F000227146BF41F2210282EA43035B009AB2D5
:10E50000110446BF41F2210383EA420353009AB249
:10E51000130446BF41F2210383EA420353009AB237
:10E52000170446BF41F2210383EA420353009AB223
:10E53000160446BF41F2210383EA420353009AB214
:10E54000100446BF41F2210383EA420353009AB20A
:10E5500011044ABF41F22103530083EA4203A27827
:10E560009BB283EA02231BB2002B9AB2B6BF41F2E0
:10E570002103530083EA42039AB2130446BF41F2D7
:10E58000210383EA420353009AB2170446BF41F2C3
:10E59000210383EA420353009AB2160446BF41F2B4
:10E5A000210383EA420353009AB2100446BF41F2AA
:10E5B000210383EA420353009AB2110446BF41F299
:10E5C000210383EA420353009AB2130446BF41F287
:10E5D000210383EA420353009AB217044ABF41F26F
:10E5E0002103530083EA4203E2789BB283EA0223C9
:10E5F0001BB2002B9AB2B6BF41F22103530083EA4B
:10E6000042039AB2160446BF41F2210383EA420351
:10E6100053009AB2100446BF41F2210383EA420339
:10E6200053009AB2110446BF41F2210383EA420328
:10E6300053009AB2130446BF41F2210383EA420316
:10E6400053009AB2170446BF41F2210383EA420302
:10E6500053009AB2160446BF41F2210383EA4203F3
:10E6600053009AB210044ABF41F22103530083EAD7
:10E6700042039BB283F400731BB2002B9AB2FFF6E5
:10E680006BA953009AB2110446BF41F2210383EAF9
:10E69000420353009AB2130446BF41F2210383EAB6
:10E6A000420353009AB2170446BF41F2210383EAA2
:10E6B000420353009AB2160446BF41F2210383EA93
:10E6C000420353009AB2100446BF41F2210383EA89
:10E6D000420353009AB2110446BF41F2210383EA78
:10E6E000420353009BB21A0446BF41F2210282EA60
:10E6F00043035B009BB21A0A6371A271002D7FF481
:10E7000064AC214607220448F7F73EFE51B0BDE84D
:10E71000F08F00BFAAFE01001864002070285ED0B0
:10E7200072287FF4DBAE08F0BFFBAA4BAA491A6837
:10E73000CDF839000DAC00232160C4F811202371FD
:10E74000C4F80930C4F80D30224612A84FF6FF7302
:10E7500041F2210112F8016F83EA06231BB29EB237
:10E76000002BACBF730081EA46039BB21F0454BF69
:10E770005B0081EA43039BB21E0454BF5B0081EA45
:10E7800043039BB21F0454BF5B0081EA43039BB267
:10E790001E0454BF5B0081EA43039BB21F0454BFB5
:10E7A0005B0081EA43039BB21E0454BF5B0081EA15
:10E7B00043039BB21F0454BF5B0081EA43038242C0
:10E7C0009BB2C7D11A0A6375A275002D7FF4FDAB09
:10E7D000214617228148F7F7D7FDFFF7F6BB804B9C
:10E7E0001C6820460DF09CFAA5F10206B6FA86F6E2
:10E7F0007609B5FA85F382B2214600965B0971204D
:10E80000FEF736FDFFF7E1BB08F04EFB754A764E8A
:10E81000D2ED007A754A764B1278F275B2EE047A30
:10E8200067EE877AA3FB0023FDEEE77A9B0933604E
:10E8300017EE903A0022B275B3820FCE0DAC6D4F39
:10E8400027600EAF0FC796E80300224687E8030053
:10E850004FF6FF730DF14F0041F2210112F8016FE5
:10E8600083EA06231BB29EB2002BACBF730081EA81
:10E8700046039BB21E0454BF5B0081EA43039BB274
:10E880001F0454BF5B0081EA43039BB21E0454BFC4
:10E890005B0081EA43039BB21F0454BF5B0081EA23
:10E8A00043039BB21E0454BF5B0081EA43039BB247
:10E8B0001F0454BF5B0081EA43039BB21E0454BF94
:10E8C0005B0081EA430382429BB2C7D11A0A2377D5
:10E8D0006277002D7FF479AB21461E223F48F7F77F
:10E8E00053FDFFF772BB0DAC0021DFF820812170D2
:10E8F00004A807F043FED8F80030059AC4F80120B8
:10E9000013F001073C4E32D13C49304608F0EAF999
:10E910003A4906F10C0008F0E5F9384906F118000B
:10E9200008F0E0F906F1280086F8247007F00AFEE6
:10E9300006F1300007F006FE06F1380007F002FE8F
:10E9400006F1400007F0FEFD06F1480007F0FAFD71
:10E950002A4906F1500008F0C5F901233046284A3B
:10E960002849A6F85C70C8F800300BF0DDFDB6F859
:10E970005C3063711B0A2448A37120210DF0EAF971
:10E98000C6B2E671002E40F05787082609272021DD
:10E990001D480DF0DFF9C0B2202840F2D5852023B4
:10E9A000A35598461A46E01917490CF05BFC4744FA
:10E9B000BFB2A5F10200B0FA80F04009B5FA85F3C4
:10E9C00000903A4621465B096220FEF751FCFFF7B2
:10E9D000FCBA00BF7C7B0020AA73110018640020E1
:10E9E000707B00201C610020547B0020D878002020
:10E9F000D34D6210AA21180078780020A0D9030016
:10EA0000006000201DCF020068D803007478002049
:10EA1000984B994F0FCB0DAC0EAE276007C6224620
:10EA200033800DF145004FF6FF7341F2210112F8DA
:10EA3000016F83EA06231BB29EB2002BACBF7300AA
:10EA400081EA46039BB21F0454BF5B0081EA430383
:10EA50009BB21E0454BF5B0081EA43039BB21F04B8
:10EA600054BF5B0081EA43039BB21E0454BF5B00AA
:10EA700081EA43039BB21F0454BF5B0081EA430356
:10EA80009BB21E0454BF5B0081EA43039BB21F0488
:10EA900054BF5B0081EA430382429BB2C7D11A0A8A
:10EAA000A374E274002D7FF490AA214614227348C7
:10EAB000F7F76AFCFFF789BA714805F0B3FF714BAD
:10EAC000714901220DAC00201A70FEF7D1FC6F4B8A
:10EAD00023606FF488430022002B22719AB2C0F2A7
:10EAE000528253009BB21E0446BF41F2210282EAC9
:10EAF00043035B009AB2100446BF41F2210383EA4C
:10EB0000420353009AB2110446BF41F2210383EA43
:10EB1000420353009AB2130446BF41F2210383EA31
:10EB2000420353009AB2170446BF41F2210383EA1D
:10EB3000420353009AB2160446BF41F2210383EA0E
:10EB4000420353009AB210044ABF41F2210353001A
:10EB500083EA4203A2789BB283EA02231BB2002B12
:10EB60009AB2B6BF41F22103530083EA42039AB23C
:10EB7000110446BF41F2210383EA420353009AB2D3
:10EB8000130446BF41F2210383EA420353009AB2C1
:10EB9000170446BF41F2210383EA420353009AB2AD
:10EBA000160446BF41F2210383EA420353009AB29E
:10EBB000100446BF41F2210383EA420353009AB294
:10EBC000110446BF41F2210383EA420353009AB283
:10EBD00013044ABF41F22103530083EA4203E2785F
:10EBE0009BB283EA02231BB2002B9AB2B6BF41F25A
:10EBF0002103530083EA42039AB2170446BF41F24D
:10EC0000210383EA420353009AB2160446BF41F23D
:10EC1000210383EA420353009AB2100446BF41F233
:10EC2000210383EA420353009AB2110446BF41F222
:10EC3000210383EA420353009AB2130446BF41F210
:10EC4000210383EA420353009AB2170446BF41F2FC
:10EC5000210383EA420353009AB216044ABF41F2E9
:10EC60002103530083EA42039AB210043EF574AEC6
:10EC700007E500BF20610020AA120E0018640020E2
:10EC8000847B0020047A002090D80300AA4401006D
:10EC9000013AFE2A00F26A84DFF8AC82A34888F8C1
:10ECA000004005F0BFFE204608F00AF9A04A12789D
:10ECB000002A40F0D5879F4F0DAC4FF00009594610
:10ECC0004B463246994887F8009007F01DFA2B46CC
:10ECD00082460090324648469749FEF7C9FBBAF192
:10ECE000000F00F0B485524694490220FEF7C0FBA5
:10ECF0008E4888F8009003F083FE40F2FF13904A9C
:10ED000022609BB204225B0022711A044ABF41F2C6
:10ED100021025B0082EA43039AB2170446BF41F224
:10ED2000210383EA420353009AB2160446BF41F21C
:10ED3000210383EA420353009AB2100446BF41F212
:10ED4000210383EA420353009AB2110446BF41F201
:10ED5000210383EA420353009AB2130446BF41F2EF
:10ED6000210383EA420353009AB217044ABF41F2D7
:10ED70002103530083EA4203A2789BB283EA022371
:10ED80001BB2002B9AB2B6BF41F22103530083EAB3
:10ED900042039AB2160446BF41F2210383EA4203BA
:10EDA00053009AB2100446BF41F2210383EA4203A2
:10EDB00053009AB2110446BF41F2210383EA420391
:10EDC00053009AB2130446BF41F2210383EA42037F
:10EDD00053009AB2170446BF41F2210383EA42036B
:10EDE00053009AB2160446BF41F2210383EA42035C
:10EDF00053009AB210044ABF41F22103530083EA40
:10EE00004203E2789BB283EA02231BB2002B9AB240
:10EE1000B6BF41F22103530083EA42039AB21104C0
:10EE200046BF41F2210383EA420353009AB213041E
:10EE300046BF41F2210383EA420353009AB217040A
:10EE400046BF41F2210383EA420353009AB21604FB
:10EE500046BF41F2210383EA420353009AB21004F1
:10EE600046BF41F2210383EA420353009AB21104E0
:10EE700046BF41F2210383EA420353009AB21304CE
:10EE80004ABF41F22103530083EA42039BB283F459
:10EE900080631BB2002B9AB2C0F2C28253009AB2B6
:10EEA000160446BF41F2210383EA420353009AB29B
:10EEB000100446BF41F2210383EA420353009AB291
:10EEC000110446BF41F2210383EA420353009AB280
:10EED000130446BF41F2210383EA420353009AB26E
:10EEE000170446BF41F2210383EA420353009AB25A
:10EEF00016044ABF41F22103530083EA42039BB246
:10EF0000180400F107845B009BB21A0A6371A271B6
:10EF1000002D00F018840B4B1B78002B7FF455A8B4
:10EF2000024803F029FBFFF750B800BF847B0020A4
:10EF30002C7B00206C7B0020A4D70300C8D70300E3
:10EF4000AAFE0100047A0020D8780020002A3FF4AD
:10EF5000C5AA0C78974B9848984A9949002C14BF39
:10EF6000012400241C7008BF02460DAC0020FEF7EF
:10EF70007FFA944B23606FF496430022002B22719A
:10EF80009AB2BFF6AEAD41F2210383EA42031BB24F
:10EF90009BB2A8E58C490120FEF76AFA46F6FF63AA
:10EFA0000DAC9BB25B00894A22601F044FF0030244
:10EFB000227146BF41F2210282EA43035B009AB20A
:10EFC000160446BF41F2210383EA420353009AB27A
:10EFD000100446BF41F2210383EA420353009AB270
:10EFE000110446BF41F2210383EA420353009AB25F
:10EFF000130446BF41F2210383EA420353009AB24D
:10F00000170446BF41F2210383EA420353009AB238
:10F0100016044ABF41F22103530083EA4203A27857
:10F020009BB283EA02231BB2002B9AB2B6BF41F215
:10F030002103530083EA42039AB2100446BF41F20F
:10F04000210383EA420353009AB2110446BF41F2FE
:10F05000210383EA420353009AB2130446BF41F2EC
:10F06000210383EA420353009AB2170446BF41F2D8
:10F07000210383EA420353009AB2160446BF41F2C9
:10F08000210383EA420353009AB2100446BF41F2BF
:10F09000210383EA420353009AB211044ABF41F2AA
:10F0A0002103530083EA4203E2789BB283EA0223FE
:10F0B0001BB2002B9AB2B6BF41F22103530083EA80
:10F0C00042039AB2130446BF41F2210383EA42038A
:10F0D00053009AB2170446BF41F2210383EA420368
:10F0E00053009AB2160446BF41F2210383EA420359
:10F0F00053009AB2100446BF41F2210383EA42034F
:10F1000053009AB2110446BF41F2210383EA42033D
:10F1100053009AB2130446BF41F2210383EA42032B
:10F1200053009AB217044ABF41F22103530083EA05
:10F1300042039BB283F440731BB2002B9AB2BFF61A
:10F14000A0AAFEF709BC224B1B7813B9214803F093
:10F1500013FA6FF44C530DAC002B43F2AA32226029
:10F160009AB2BBBF41F2210383EA420353001BB2B0
:10F170009BB2FEF762BE172A4FF0000628BF172287
:10F1800004A8CDE90466CDE90666CDE908660CF071
:10F1900069F804AA30461049FEF76AF90DAC6FF41D
:10F1A00092430E4A2260B34226719AB2BFF699ACDE
:10F1B000E9E600BF2C7B002070D703006CD703006A
:10F1C0006CD80300AA4B0100ECD80300AA910100FF
:10F1D000047A0020847B002078D80300AA4901002B
:10F1E0009248934F05F01EFC012007F069FE914BF9
:10F1F0001A7800233B70002A00F0A1818E498F4AC3
:10F2000008788F4914781A4660F3070208788D4908
:10F2100064F30F2209780E930DAC60F3174261F38B
:10F220001F62226021464FF4C0728048C4E9022266
:10F2300003F0F6FB10BB07F037FE3B78064623B120
:10F240000BE007F03DFE3B783BB907F02DFE831B3A
:10F25000B3F5FA7F4FF00100F3D33B78002B40F079
:10F26000958379490120FEF703F9704805F0DAFB30
:10F27000052007F025FE7548FDF7B2FE40F2FF13AA
:10F280009BB25B00724A22601F044FF0070222719A
:10F2900046BF41F2210282EA43035B009AB21604A0
:10F2A00046BF41F2210383EA420353009AB210049D
:10F2B00046BF41F2210383EA420353009AB211048C
:10F2C00046BF41F2210383EA420353009AB213047A
:10F2D00046BF41F2210383EA420353009AB2170466
:10F2E00046BF41F2210383EA420353009AB2160457
:10F2F0004ABF41F22103530083EA4203A2789BB242
:10F3000083EA02231BB2002B9AB2B6BF41F221035B
:10F31000530083EA42039AB2100446BF41F221032C
:10F3200083EA420353009AB2110446BF41F221031B
:10F3300083EA420353009AB2130446BF41F2210309
:10F3400083EA420353009AB2170446BF41F22103F5
:10F3500083EA420353009AB2160446BF41F22103E6
:10F3600083EA420353009AB2100446BF41F22103DC
:10F3700083EA420353009AB211044ABF41F22103C7
:10F38000530083EA4203E2789BB283EA02231BB272
:10F39000002B9AB2B6BF41F22103530083EA420325
:10F3A0009AB2130446BF41F2210383EA4203530099
:10F3B0009AB2170446BF41F2210383EA4203530085
:10F3C0009AB2160446BF41F2210383EA4203530076
:10F3D0009AB2100446BF41F2210383EA420353006C
:10F3E0009AB2110446BF41F2210383EA420353005B
:10F3F0009AB2130446BF41F2210383EA4203530049
:10F400009AB217044ABF41F22103530083EA420330
:10F410009BB283F4E0631BB2002B9AB2BFF63EAD01
:10F4200041F2210383EA42039AB239E5847B00204A
:10F430006C7B00206D7B00202F6100201961002073
:10F440002E610020FC79002044D8030020610020B8
:10F45000AAFE01002122002104A80BF027FF0123AE
:10F460008DF8103004AE0FCE0DAC3C4F27600EAFC0
:10F470000FC70FCE0FC733683B70224616A84FF652
:10F48000FF7341F2210112F8016F83EA06231BB2D8
:10F490009EB2002BACBF730081EA46039BB21E04F0
:10F4A00054BF5B0081EA43039BB21F0454BF5B005F
:10F4B00081EA43039BB21E0454BF5B0081EA43030D
:10F4C0009BB21F0454BF5B0081EA43039BB21E043E
:10F4D00054BF5B0081EA43039BB21F0454BF5B002F
:10F4E00081EA43039BB21E0454BF5B0081EA4303DD
:10F4F00090429BB2C7D11A0A84F8253084F826209E
:10F50000002D7EF462AD214627221548F6F73CFF18
:10F51000FEF75BBD214606221148F6F735FFFEF7E0
:10F5200054BD104803F028F800283EF4EFAE002246
:10F5300010460D49FDF79CFF0122FEF7EDBE09487C
:10F5400003F002FB0DAC75E6A05500283FF431AA8C
:10F5500002461FFA80F8FFF726BA00BFAA952100DD
:10F5600018640020847B0020A0D803000DAC40F27A
:10F57000FF13784A22609BB25B00052222711A04B5
:10F5800046BF41F2210282EA43035B009AB21304B0
:10F5900046BF41F2210383EA420353009AB21704A3
:10F5A00046BF41F2210383EA420353009AB2160494
:10F5B00046BF41F2210383EA420353009AB210048A
:10F5C00046BF41F2210383EA420353009AB2110479
:10F5D00046BF41F2210383EA420353009AB2130467
:10F5E0004ABF41F22103530083EA4203A2789BB24F
:10F5F00083EA02231BB2002B9AB2B6BF41F2210369
:10F60000530083EA42039AB2170446BF41F2210332
:10F6100083EA420353009AB2160446BF41F2210323
:10F6200083EA420353009AB2100446BF41F2210319
:10F6300083EA420353009AB2110446BF41F2210308
:10F6400083EA420353009AB2130446BF41F22103F6
:10F6500083EA420353009AB2170446BF41F22103E2
:10F6600083EA420353009AB216044ABF41F22103CF
:10F67000530083EA4203E2789BB283EA02231BB27F
:10F68000002B9AB2B6BF41F22103530083EA420332
:10F690009AB2100446BF41F2210383EA42035300A9
:10F6A0009AB2110446BF41F2210383EA4203530098
:10F6B0009AB2130446BF41F2210383EA4203530086
:10F6C0009AB2170446BF41F2210383EA4203530072
:10F6D0009AB2160446BF41F2210383EA4203530063
:10F6E0009AB2100446BF41F2210383EA4203530059
:10F6F0009AB211044ABF41F22103530083EA420344
:10F700009BB283F4A0631BB2002B9AB2BEF6B9AFD2
:10F71000FEF722B941F2210282EA43039BB2FFF7CE
:10F72000F4BB1A466FF448530B492160002B227139
:10F7300099B2BEF6FBAD41F2210383EA41031BB24D
:10F740009BB2FEF7F5BD214607220448F6F71CFEE2
:10F75000FFF7E1BBAAFE0100AA32010018640020F5
:10F76000814E0868DBF808204968344607C4BBF8B6
:10F770000C3023803046FDF733FC002800F0338244
:10F7800096E80F000DAC794E26600EAE07C62246F5
:10F7900033800DF145004FF6FF7341F2210112F85D
:10F7A000016F83EA06231EB2B3B2002EACBF5B002A
:10F7B00081EA43039BB21E0454BF5B0081EA43030A
:10F7C0009BB21F0454BF5B0081EA43039BB21E043B
:10F7D00054BF5B0081EA43039BB21F0454BF5B002C
:10F7E00081EA43039BB21E0454BF5B0081EA4303DA
:10F7F0009BB21F0454BF5B0081EA43039BB21E040B
:10F8000054BF5B0081EA430390429BB2C7D11A0AFE
:10F81000A374E274002D7FF47EAB21461422544879
:10F82000F6F7B2FDFFF777BB41F2210383EA42030B
:10F83000C3F30D02FEF71BBA32464E49B6B20FA80B
:10F8400006F109070BF00EFD0836FFF7A0B807F028
:10F850002BFB3B78824673B941F2931903E007F022
:10F860002FFB3B783BB907F01FFBA0EB0A034B458E
:10F870004FF00200F3D9404897F8009003F0C0F829
:10F8800000233B7088F8003007F00EFB3B4B5FFA1B
:10F8900089F91860B9F1000F00F0C281384A364882
:10F8A000936831460133936003F0BCFC010A020CFB
:10F8B000030E8DF811108DF810008DF813308DF8AF
:10F8C0001220049A2F4B0646C4E900320DF13B008A
:10F8D00022464FF6FF7341F2210112F8017F83EABD
:10F8E00007231FB2BBB2002FACBF5B0081EA43030A
:10F8F0009BB21F0454BF5B0081EA43039BB21F0409
:10F9000054BF5B0081EA43039BB21F0454BF5B00FA
:10F9100081EA43039BB21F0454BF5B0081EA4303A7
:10F920009BB21F0454BF5B0081EA43039BB21F04D8
:10F9300054BF5B0081EA43039BB21F0454BF5B00CA
:10F9400081EA430390429BB2C7D11A0A23726272C2
:10F95000002D00F0F3812B4632460B490020FDF7C5
:10F9600087FDFFF7D8BA00BF20610020AA120E0061
:10F970001864002068D80300847B0020407B0020AE
:10F98000547B0020AA020400ECD703009F4803F038
:10F99000F3F99F4A002390423B7000F0CA810F3078
:10F9A0003FF4BFAE40F2FF139BB25A00994B236065
:10F9B00011044FF00703237146BF41F2210383EA8C
:10F9C000420353009AB2130446BF41F2210383EA73
:10F9D000420353009AB2170446BF41F2210383EA5F
:10F9E000420353009AB2160446BF41F2210383EA50
:10F9F000420353009AB2100446BF41F2210383EA46
:10FA0000420353009AB2110446BF41F2210383EA34
:10FA1000420353009AB213044ABF41F22103530038
:10FA200083EA4203A2789BB283EA02231BB2002B33
:10FA30009AB2B6BF41F22103530083EA42039AB25D
:10FA4000170446BF41F2210383EA420353009AB2EE
:10FA5000160446BF41F2210383EA420353009AB2DF
:10FA6000100446BF41F2210383EA420353009AB2D5
:10FA7000110446BF41F2210383EA420353009AB2C4
:10FA8000130446BF41F2210383EA420353009AB2B2
:10FA9000170446BF41F2210383EA420353009AB29E
:10FAA00016044ABF41F22103530083EA4203E2787D
:10FAB0009BB283EA02231BB2002B9AB2B6BF41F27B
:10FAC0002103530083EA42039AB2100446BF41F275
:10FAD000210383EA420353009AB2110446BF41F264
:10FAE000210383EA420353009AB2130446BF41F252
:10FAF000210383EA420353009AB2170446BF41F23E
:10FB0000210383EA420353009AB2160446BF41F22E
:10FB1000210383EA420353009AB2100446BF41F224
:10FB2000210383EA420353009AB211044ABF41F20F
:10FB30002103530083EA42039BB283F4E0631BB2C8
:10FB4000002B9AB2B6BF41F22103530083EA42036D
:10FB50009AB2130446BF41F2210383EA42035300E1
:10FB60009AB2170446BF41F2210383EA42035300CD
:10FB70009AB2160446BF41F2210383EA42035300BE
:10FB80009AB2100446BF41F2210383EA42035300B4
:10FB90009AB2110446BF41F2210383EA42035300A3
:10FBA0009AB2130446BF41F2210383EA4203530091
:10FBB0009BB21F0446BF41F2210282EA43035B006D
:10FBC0009BB21A0A6371A27125B921460722124815
:10FBD000F6F7DAFB114B1B78002B7EF4F6A9FDF744
:10FBE000AFF9FEF7F2B940F2FF139BB20DAC5A0029
:10FBF000084B23600623237113044ABF41F22103FB
:10FC0000530083EA42039AB2FDF7D5BE847B0020FD
:10FC100042FDFFFFAAFE010018640020047A0020C4
:10FC200032465D490220FDF723FC5C4804F0FAFEF1
:10FC3000052007F045F95A48FDF7D2F940F2FF13C5
:10FC40009BB25A00574B23600423237113044ABF0D
:10FC500041F22103530083EA42039AB2FFF75DB8F1
:10FC60000223514FDFF834A103930DAC4F4B1978A9
:10FC70004F4B1A780023636061F307034D4962F329
:10FC80000F234D4A0978127861F317434FF4C0707F
:10FC900062F31F63A060E0604FF00002214650460F
:10FCA00023603A7002F0BCFE40BB07F0FDF83B78E1
:10FCB000814623B10BE007F003F93B783BB907F02D
:10FCC000F3F8A0EB0903C72B4FF00200F3D950461D
:10FCD00002F0CCFD4FF4C0718146504602F04EFD5B
:10FCE00019F4807F3EF4E9AF07F0DEF800F01F0062
:10FCF000143007F0E5F8039B012B1CD12F4901209C
:10FD0000FDF7B6FBA5F10203B5FA85F20021B3FABF
:10FD100083F35B0988F8001052090E252146FE2066
:10FD20002570FDF7D1FB264B1B78002B7EF44DA9E7
:10FD300055E70122F6E40123039397E721460A22BF
:10FD40002048F6F721FB06E6A3F1020CDCF10001E6
:10FD500041EB0C010022B3FA83F300915B091146D9
:10FD6000FF20FDF785FA18490020FDF781FB4FF0D1
:10FD700080435722C3F81C25642007F0A1F8BFF385
:10FD80004F8F1249124BCA6802F4E0621343CB60F2
:10FD9000BFF34F8F00BFFDE714D80300847B002022
:10FDA00020610020AAFE01006C7B00202F61002052
:10FDB000196100202E610020FC79002074D7030017
:10FDC000047A002018640020B8D8030000ED00E099
:10FDD0000400FA052DE9F04104460E461746984600
:10FDE00007F062F8044D434628603A463146204603
:10FDF000BDE8F041FDF7BEBC007A002070B5684850
:10FE00008AB04FF461210646F6F7C8FB07F04CF8BC
:10FE100040F6B735044608E007F046F8001BA84254
:10FE20004FF00A0006D807F04BF83046F6F7D4FB3F
:10FE30000028F1D0C82007F043F85A495A4C04A8CA
:10FE400006F050FF04A907A806F072FF574907A85B
:10FE500006F0F8FF564906F0F5FF0146554806F052
:10FE600097FF07A806F08CFF04A806F089FF524B05
:10FE700052494B48002206F0BBFB07F015F8206002
:10FE80004F4800F093F90A21082200238DE80E0064
:10FE90009FED4C1ADFED4C0A9FED4C0A4C481223A3
:10FEA0000722092102F03CF8B8B13D4C02E00A20DB
:10FEB00007F006F82046F6F75FFA0028F7D0082486
:10FEC00007A900230122FE208DF81C40FDF7FCFA53
:10FED0004FF47A7006F0F4FFFAE79FED3E0A3C48D3
:10FEE00041F2883105F0FEFE0121394805F0D0FFCE
:10FEF0004FF0FF320521364805F0C8FE3648FDF7C1
:10FF00006FF8034660B9062407A90122FE208DF888
:10FF10001C40FDF7D9FA4FF47A7006F0D1FFFAE7EA
:10FF20002E492B4805F094F82D4B1B7813B9FDF79B
:10FF300007F860B32B4B01221A70FDF70BF82A4922
:10FF40002A4806F04FFF41F2873501E006F0B8FF7E
:10FF500006F0AAFF2368C31AAB424FF03200F5D96E
:10FF6000234B01221A7006F09FFF224B00F5EA4056
:10FF70003030186006F098FF0E4A1F4B12681F4978
:10FF800007481E24009406F033FB0AB070BD4FF4FE
:10FF90007A7006F095FF4FF47A7006F091FFF6E75D
:10FFA0001864002068D90300507B002070D903003A
:10FFB00074D90300707B0020F0D9030084D90300BA
:10FFC0004C7D0020CDCCCC3F0000FA420000D9434C
:10FFD000847B00206666E63F206100200DCF020092
:10FFE000047A0020D978002068D80300307B0020F4
:10FFF000207B0020287B0020A4D90300C0D9030067
:020000023000CC
:1000000070B5594C226886B0B2B1584BDB68DD013F
:1000100003D5574B1968C8076BD408F093F9554BB3
:100020002268A0FB0301830A43EA8153524908680E
:100030009B1A984238BF0B604C4BDB68D90103D543
:100040004B4B1A68D2072DD408F07CF9494BA0FB22
:100050000301830A43EA8153484A236013781BB1A2
:10006000474B1B78002B47D0464C474E474D09E085
:100070002046F6F763F90096C1B22B4600224448A9
:10008000FCF7B2FD2046F6F733F90028F0D1FDF772
:100090000FF812200AF018F938B13E4C2378EBB96A
:1000A00006B070BD5B689B09D6E73B4C06F0FCFED2
:1000B00023689842F1D906F0F7FEC830206006F0B8
:1000C000F3FE344C354D237800F5EA40303028609B
:1000D000032B45D8DFE803F032383E322F4D06F0CF
:1000E000E3FE2B68C01A00280ADB0023237006B049
:1000F00070BD5B689B0999E71370FDF745F9B3E79D
:10010000274D06F0D1FE2B68C31AB3F5FA6FC7D995
:1001100006F0CAFE23782860013B012BC0D906F007
:10012000C3FE03A81F4906F0DDFD1F4B1B680BB182
:1001300006F0BAFE03A806F023FEB1E7184A002134
:10014000012311602370CAE7154A002102231160C0
:100150002370C4E7124A0021032311602370BEE715
:100160000F4B00221A60BAE7807B0020F0ED00E020
:10017000001000E040420F007C7B00206C7B0020E0
:10018000D8780020186400202DD70200D5FD020089
:10019000087A0020207B0020447B0020287B002060
:1001A0003C7B0020A0D90300007A0020437C03B1EF
:1001B000704730B5012285B042740321FF220193BC
:1001C00004468DF803208DF806208DF80510827BFB
:1001D000417B8DF800204FF080451A4602958DF83E
:1001E0000110057BC3736946037403938DF80250B5
:1001F00009F0E2F9A37B1F2B86BF03F01F030C4A13
:100200004FF0A04203F5E07340F2013142F82310B1
:10021000637B1F2B86BF03F01F0305494FF0A041EE
:1002200003F5E07340F2033241F8232005B030BDFE
:100230000003005010B5044609F006FB0023637468
:1002400010BD00BF10B483B002AB03E906009DF8F7
:1002500005309DF80410026813F1FF3318BF012325
:1002600000240229C2F800451C460374C17332D031
:1002700003292DD0012925D0224B0099B3FBF1F39E
:10028000B3F5007FC2F854451FD2FF2B0FD87F2B48
:1002900024D83F2B25D81F2B26D80F2B27D8072B48
:1002A00002D819498A4225D04FF0004101E04FF0B1
:1002B00080610723C2F82415C2F8003503B05DF849
:1002C000044B704743F00204D6E74FF00071F0E7AB
:1002D00043F00604D0E743F00404CDE74FF000619B
:1002E000E7E74FF08051E4E74FF00051E1E74FF0CE
:1002F0008041DEE7042B34BF4FF0A0514FF0206166
:10030000D7E700BF0090D00300F00240036800224E
:10031000C3F80025704700BF002B3AD02DE9F04705
:10032000814684B00D4617461E464FF6FF784FF0C3
:10033000000A4645344628BF4446002D14BF2346D4
:10034000002300950297361B01938FB10022694666
:100350004846039409F0DAFA05B125442744002EF3
:10036000E7D104B0BDE8F087CDE900550295361B12
:10037000002269464846CDF80CA009F0C7FA4DB9ED
:100380004645344628BF4446002EEDD104B0BDE8B2
:10039000F08770472544002ECBD1E2E710B586B038
:1003A00006AB012403F8111D002202A90293CDE936
:1003B0000343059409F0AAFA9DF8070006B010BDA2
:1003C00030B40B4A0B4BD2F8B840D2F8B400D2F894
:1003D000BC101C7300220124074D1C7198735973C3
:1003E000DA731A741D605A749A6030BC704700BF8B
:1003F00090DF03004C7D002000F002402DE9F04723
:10040000154D089EAC4607468A4691469846BCE87C
:100410000F003C464FF0000E44F804EB0FC49CE87C
:1004200007001C3584E807000FCD07F13004C7E949
:1004300008A9C7F82880FE620FC42B68236030200B
:10044000C7F844E008F0DEFF044601F0FFF83C6026
:100450003846BDE8F08700BFF4D9030010B5044664
:10046000006803685B6C98472068216A03688268AB
:100470009B6898472068216A03680269DB6898478F
:10048000004B10BD30610020006803689B6C18476A
:100490002DE9F04F057C83B00446407C0D9F0C9EF7
:1004A0000196ED0805EBD0053D4428468946904667
:1004B0009B4608F0A9FF0646284608F0A5FF82469D
:1004C000207C08285FFA89F35FFA88F132D843EA82
:1004D0000102638932704B4506F1010034D03A467F
:1004E000A1890AF0E3FE206803685B6B98472068E7
:1004F000216A0368C268DB689847206803682A4657
:1005000031469D6B5346A8472068216A03680269FB
:10051000DB68984720680368DB6B984723894B4565
:1005200017D0304608F074FF504603B0BDE8F04FD6
:1005300008F06EBF43EA182263897170D2B24B454E
:1005400006F102003270CAD159463A460AF08AFED4
:10055000C9E7217C01983A460AEBD1010AF082FEF4
:10056000DFE700BF2DE9F04790F804C084B00446EF
:100570000F4616461D46BCF1000F00F0B480427CC9
:1005800053B2002BB8BF0733DB10013B5BB2002B2B
:100590000DF10808C0F2BB80B0F80AE04146D8006F
:1005A000013B5BB24EFA00FCB3F1FF3F01F801CB17
:1005B000A0F10800F4D194F810C04FEADC0C0CF163
:1005C000FF335BB2581C09D00139D800013B27FA30
:1005D00000F05BB201F8010F581CF6D10CEBD2070A
:1005E00007EB050A504608F00FFF814647B1013F6F
:1005F000FFB2013741463A460AF034FE09EB0700E4
:1006000031462A460AF02EFEE36A20680133036869
:1006100065D05B6A984706460BE0206803685B6D0F
:100620009847206803685B6A9847E369801B984293
:1006300063D22068E16A03681B6998470028ECD1FF
:10064000504608F0E1FE0646206803685B6B984759
:100650002068216A0368C268DB68984720680368DD
:1006600052469F6B49463346B8472068216A036863
:100670000269DB68984720680368DB6B9847E36A88
:100680002068013303683ED01B6A01219847206827
:1006900003685B6A984707460BE0206803685B6D58
:1006A0009847206803685B6A9847E369C01B9842D3
:1006B0000CD22068E16A03681B6998470028ECD1D6
:1006C00063691BB115B1E27CB05C9847484608F0FD
:1006D0009FFE304604B0BDE8F04708F099BEDB69E4
:1006E00032219847ACE74189CDE900C313463A4629
:1006F000FFF7CEFE04B0BDE8F087484604B0BDE881
:10070000F04708F085BEDB6901219847D8E74146EC
:1007100051E700BF2DE9F04F83B004460C9F807C69
:100720009DF838500195D51905EBD00528469DF860
:1007300034A0009116469B4608F066FE80465EB1E6
:1007400006F1FF395FFA89F909F1010900994A4672
:100750000AF088FD08EB0900A27CA18907EBD20210
:100760000AF0A4FDBAF1000F1DD0E26A2068013240
:1007700003687CD05B6A984781460DE02068036877
:100780005B6D9847206803685B6A9847E369A0EB54
:100790000900984280F085802068E16A03681B693F
:1007A00098470028EAD1284608F02EFE81462068A6
:1007B00003685B6B98472068216A0368C268DB683E
:1007C0009847206803682A4641469D6B4B46A847D8
:1007D0002068216A03680269DB689847206803681B
:1007E000DB6B9847BAF1000F20D0E26A2068013233
:1007F00003685FD01B6A01219847206803685B6A21
:10080000984705460BE0206803685B6D98472068B1
:1008100003685B6A9847E369401B984251D220689D
:10082000E16A03681B6998470028ECD1636913B338
:100830000FB3E27C19F802009847A17C06EBD101C6
:1008400005463A46494458460AF00CFD404608F031
:10085000DFFD484608F0DCFDFDB9019BE3B1A56969
:10086000DDB120462B4603B0BDE8F04F1847DB69E9
:100870003221984797E7A17C06EBD1013A464944DB
:1008800058460AF0EFFC404608F0C2FD484608F022
:10089000BFFD019B002BE2D11D46284603B0BDE8F9
:1008A000F08F404608F0B4FD6FF43075284603B071
:1008B000BDE8F08FDB69012198476369002BB7D150
:1008C000D9E7A17C06EBD10149443A4658460AF0E3
:1008D000C9FC404608F09CFD484608F099FD6FF4BD
:1008E0003075284603B0BDE8F08F00BF90F811C006
:1008F0002DE9F04F04464FFA8CF00028B8BF0730BE
:100900001D46C310013B83B05BB2002B9DF83060E5
:100910009DF8347090460CDBDA0001A8013B5BB215
:1009200041FA02FEB3F1FF3F00F801EBA2F1080229
:10093000F4D14FEADC0B0BEB050A504608F064FDDE
:100940008146BBF1000F09D001AA12F8013B00F863
:10095000013BA0EB0903DBB29B45F6D841462A4692
:100960000AF080FCE6B1E26A20680132036871D0C7
:100970005B6A984780460CE0206803685B6D984787
:10098000206803685B6A9847E369A0EB0800984217
:1009900071D22068E16A03681B6998470028EBD18F
:1009A000504608F031FD8046206803685B6B98472D
:1009B0002068216A0368C268DB689847206803687A
:1009C00052464946D3F838A04346D0472068216AAA
:1009D00003680269DB68984720680368DB6B984707
:1009E00006B3E26A2068013203684DD01B6A012118
:1009F0009847206803685B6A984706460BE02068C2
:100A000003685B6D9847206803685B6A9847E369F1
:100A1000801B98423FD22068E16A03681B699847AF
:100A20000028ECD16369CBB1C5B1E27C18F80200B3
:100A300098470546484608F0EBFC404608F0E8FCBD
:100A4000ADB99FB1A56995B120462B4603B0BDE86D
:100A5000F04F1847DB6932219847A1E7484608F074
:100A6000D7FC404608F0D4FC002FEBD13D46284689
:100A700003B0BDE8F08F484608F0CAFC6FF430754B
:100A8000284603B0BDE8F08FDB6901219847636910
:100A9000002BC9D1E2E7484608F0BAFC404608F00E
:100AA000B7FC6FF43075284603B0BDE8F08F00BF87
:100AB0002DE9F04F83B00446DDF830809DF8349086
:100AC0009DF838B0019102EB0807384615469A4662
:100AD00008F09AFC06463DB1013DEDB201350199A1
:100AE0002A460AF0BFFB7019514642460AF0BAFB8B
:100AF000B9F1000F1BD0E26A20680132036874D09C
:100B00005B6A984705460BE0206803685B6D984771
:100B1000206803685B6A9847E369401B984276D275
:100B20002068E16A03681B6998470028ECD13846C1
:100B300008F06AFC0546206803685B6B98472068EC
:100B4000216A0368C268DB689847206803683A46F0
:100B500031469F6B2B46B8472068216A03680269BB
:100B6000DB68984720680368DB6B9847B9F1000F92
:100B700020D0E26A20680132036851D01B6A01214B
:100B80009847206803685B6A984707460BE020682F
:100B900003685B6D9847206803685B6A9847E36960
:100BA000C01B984243D22068E16A03681B699847DA
:100BB0000028ECD16369E3B1B8F1000F19D0E27CF1
:100BC000A85C98470746304608F022FC284608F003
:100BD0001FFCC7B9BBF1000F14D0A7699FB1204615
:100BE0003B4603B0BDE8F04F1847DB693221984718
:100BF0009DE7304608F00CFC284608F009FCBBF1E4
:100C0000000FEAD15F46384603B0BDE8F08F3046AA
:100C100008F0FEFB6FF43077384603B0BDE8F08F84
:100C2000DB69012198476369002BC5D1E1E73046B4
:100C300008F0EEFB284608F0EBFB6FF430773846FF
:100C400003B0BDE8F08F00BF2DE9F041457C6BB2E9
:100C5000002BB8BF0733DB10013B5BB2002B82B027
:100C600004460CDBC689DA0001A9013B46FA02F012
:100C70005BB201F8010B581CA2F10802F5D1A77C68
:100C8000ED0805EBD7070137384608F0BDFB0646EF
:100C900045B101AA12F8013B00F8013B831BDBB20E
:100CA0009D42F7D8A27CA189D20801320AF0FEFA4F
:100CB000E36A20680133036800F085805B6A984727
:100CC00080460CE0206803685B6D984720680368E5
:100CD0005B6A9847E369A0EB0800984277D22068E6
:100CE000E16A03681B6998470028EBD1384608F091
:100CF0008BFB8046206803685B6B98472068216AFD
:100D00000368C268DB689847206803683A46314642
:100D10009F6B4346B8472068216A03680269DB6815
:100D2000984720680368DB6B9847E36A20680133C3
:100D3000036837D01B6A01219847206803685B6A03
:100D4000984707460BE0206803685B6D984720686A
:100D500003685B6A9847E369C01B984240D22068E9
:100D6000E16A03681B6998470028ECD16369FBB10D
:100D7000E27C18F802009847A37C08EBD3030746EF
:100D800030465D5D08F044FB404608F041FB2FB95A
:100D900067691FB12846B8470027E080384602B08F
:100DA000BDE8F081DB69012198476369002BDFD141
:100DB000A37C08EBD30330465D5D08F029FB404679
:100DC00008F026FBE4E7DB69322198478EE73046DE
:100DD00008F01EFB6FF43077384602B0BDE8F081B2
:100DE000304608F015FB404608F012FB6FF43077F0
:100DF000384602B0BDE8F0812DE9F04F85B01546C8
:100E0000109A9DF8444001948A460446AF18029314
:100E1000002B40F0FB80837C07EBD307384608F0BB
:100E2000F3FA0646002D00F0C98046EA0A035A0785
:100E300040F00B810B2D40F20881002D14BF2B4692
:100E4000012303934FEAD30B721CAAF1080C31461D
:100E50000023FCE9028901335FFA83FE1046F34563
:100E6000E1E8028900F1070002F10802F1D80399D4
:100E700001F0F8038B4206EB03023BD003F1010CB7
:100E80005FFA8CFC1AF80310F154AC4502F1010032
:100E900030D2991CC9B21AF80C0050708D4202F180
:100EA000020027D9D81C1AF801109170C1B28D42E6
:100EB00002F103001ED9181D1AF80110D170C1B239
:100EC0008D4202F1040015D9581D1AF80110117154
:100ED000C1B28D4202F105000CD90633DBB21AF81B
:100EE000011051719D4202F1060003D91AF8033036
:100EF0009371D01D029B002B60D0109A0E990AF0BE
:100F0000B1F9019B002B63D1384608F07DFA804689
:100F1000206803685B6B98472068216A0368C26891
:100F2000DB689847206803683A4631469F6B434622
:100F3000B8472068216A03680269DB68984720681F
:100F40000368DB6B9847019B0BB3E26A20680132B0
:100F5000036800F086801B6A0121984720680368B7
:100F60005B6A984707460BE0206803685B6D98470B
:100F7000206803685B6A9847E369C01B984277D290
:100F80002068E16A03681B6998470028ECD167690B
:100F90003FB1109B002B6ED0E37C18F80300B847DC
:100FA0000746029B002B3ED0304608F031FA4046FF
:100FB00008F02EFA384605B0BDE8F08F109BA27CF1
:100FC000A18903EBD2020AF071F9019B002B9BD09F
:100FD000E26A20680132036821D05B6A9847804644
:100FE0000CE0206803685B6D9847206803685B6AC3
:100FF0009847E369A0EB080098421DD22068E16A97
:1010000003681B6998470028EBD17DE7384608F054
:10101000FBF90646002D7FF408AF30466DE7DB692B
:101020003221984770E7A17C05EBD1014144DDE90D
:101030000F020AF017F9B7E7304608F0E9F96FF444
:101040003077384605B0BDE8F08F0AF1FF3A3046F8
:101050001AF8013F00F8013B831BDBB29D42F7D831
:1010600048E7DB69012198476769002F91D198E72C
:101070006FF4307795E71F4693E700BF2DE9F04105
:10108000067986B005460C46002E3FD0477C78B2E4
:101090000028B8BF0730C010013840B2002804A9AA
:1010A0003EDBB5F808800E464FEAC00C013840B26E
:1010B00048FA0CFEB0F1FF3F06F801EBACF1080C6A
:1010C000F4D195F810E04FEADE0E0EF1FF3040B299
:1010D000B0F1FF3F0BD0013E4FEAC00C013840B2E7
:1010E00024FA0CFCB0F1FF3F06F801CFF4D1002444
:1010F0000126029201930EEBD70228460396009434
:101100002346FFF779FE06B0BDE8F0810189CDE9FD
:10111000003233462246FFF7BBF906B0BDE8F08146
:101120000E46CEE790F811C02DE9F04305464FFA80
:101130008CF00028B8BF0730C010013887B040B22B
:1011400000289DF838E09DF83C600DF114090CDB97
:101150004F46C400013840B241FA04F8B0F1FF3FF5
:1011600007F8018BA4F10804F4D10020CDE9023E78
:101170000192009003464FEADC0249462846FFF7F9
:101180003BFE20B91EB1AB690BB12846984707B0AA
:10119000BDE8F0832DE9F04F8BB0072B9DF8585038
:1011A0009DF850809DF8547005959DF85CB000F254
:1011B0002F81B8F1070F00F22B814345C0F0288141
:1011C0001E4603799146002204460D468DF81F20E5
:1011D000002B00F00681427C53B2002BB8BF0733CE
:1011E000DB10013B5BB2002B08A9C0F20F81B0F805
:1011F00008A08E46D800013B5BB24AFA00FCB3F16E
:10120000FF3F0EF801CBA0F10800F4D194F810C014
:101210004FEADC0C0CF1FF335BB2581C0AD00EF124
:10122000FF3ED800013B25FA00F05BB20EF8010F3B
:10123000581CF6D101200DF11F0A0023CDE9020050
:101240000CEBD202CDE9003A2046FFF7D5FDFF2294
:10125000731CC8F1080802FA03F342FA08F843EADB
:1012600008039DF81F60DB43DBB289EA06021342E4
:1012700003D1BBF1000F00F0A18026EA030603EAC8
:101280000909237946EA09068DF81E60002B00F053
:10129000B280627C53B2002BB8BF0733DB10013B36
:1012A0005BB2002B08A9C0F2B680B4F80A800846E9
:1012B0004FEAC30C013B5BB248FA0CFEB3F1FF3FAF
:1012C00000F801EBACF1080CF4D194F810C04FEA2F
:1012D000DC0C0CF1FF335BB2B3F1FF3F0BD00138F4
:1012E0004FEAC30E013B5BB225FA0EFEB3F1FF3F9E
:1012F00000F801EFF4D1002001230CEBD2020DF134
:101300001E0CCDE900C0CDE902332046FFF774FD85
:10131000206803689B6A98474FF47A7909FB07F9BC
:1013200083464FF000080127206803689B6A9847AE
:10133000A0EB0B0048454FD223798DF81F80002B7E
:1013400040D0617C4BB2002BB8BF0733DB10013BB0
:101350005BB2002B3EDBB4F808C0DA0008A8013B02
:101360005BB24CFA02FEB3F1FF3F00F801EBA2F1D1
:101370000802F4D1227CD208531E5BB2B3F1FF3FC6
:101380000BD001384FEAC30C013B5BB225FA0CFCD1
:10139000B3F1FF3F00F801CFF4D102EBD102CDE968
:1013A0000277CDE9008A002308A92046FFF724FD33
:1013B0009DF81F30059A73401A42B5D100200BB03A
:1013C000BDE8F08F21892A46CDE900A72046FFF726
:1013D0005FF8EDE708A8CDE76FF00F000BB0BDE8B0
:1013E000F08F01220DF11F0A0189CDE900A22A46E2
:1013F000FFF74EF82BE761890093012301932A46FA
:101400000DF11E032046FFF743F881E78E46FDE607
:101410006FF00A00D3E7084657E700BFF0B51A4D52
:101420000468DFF868C087B04FF0FF330191296886
:101430000593CDE90333CB07064602920BD4D4E9DA
:101440000332CCE90723CCE90D320121CCF804307A
:10145000CCF80830296001AD0FCD306328683064C6
:1014600001AD7163B263F36306AFC6F844C023688D
:1014700055F8041B9B68A26820469847BD4201D0DE
:101480003468F4E707B0F0BD607D00208C61002077
:10149000F8B5446C24B906E0914205D0183402D066
:1014A0002278002AF8D1F8BD0646043400F1300550
:1014B00000F1440755F8041B002904DB306822685A
:1014C0000368DB689847AF4204F10404F2D1F8BD29
:1014D00021B1034B880143F001031847704700BF57
:1014E00090DA030008467047704700BF006AFEF7B5
:1014F0005DBE00BF006AFEF79DBE00BF72B1F8B5C9
:101500004C1E0746A6185D1E14F8011F386AFEF728
:1015100045FFB44205F8010FF6D1F8BD704700BF92
:1015200008F082BC4B1C02D0C8B205F07DB87047F1
:1015300008461146421C03D01A46C0B205F03AB91B
:10154000704700BF006AFEF7E1BE00BF00F1240350
:1015500093E80600006AFEF775BE00BF0846114614
:10156000421C02D01A4608F001BC0020704700BFA0
:1015700008B50A4BDB68D90103D5094B1A68D207B5
:1015800008D406F0DFFE074BA0FB0323900A40EAD5
:10159000835008BD5868800908BD00BFF0ED00E029
:1015A000001000E040420F0005F07EBC084605F048
:1015B00087BC00BF4B1C02D0084605F0F7BA704745
:1015C00008461146421C02D01A4605F0E5B970479C
:1015D0004B1C02D0084608F077BE0020704700BFC1
:1015E0004B1C084602D0114608F052BE704700BF9F
:1015F0004B1C084602D0114608F0C6BD704700BF1C
:1016000010B5044607F002FF204610BD90F82C20CC
:1016100002B9704702680449126C8A4202D1006A1A
:10162000FEF708BE104700BFF514030090F82C2009
:1016300002B9704702680449126B8A4202D1006AFB
:10164000FEF7B4BD104700BFED14030030B585B000
:101650000125002303210422CDE9012100952A461A
:101660001946044604F026FF07480849084A206046
:101670000023204684F8295084F82C50C4E908122D
:1016800084F8283005B030BD2CDA03004C7D0020F2
:1016900080841E004AB116290B466FF00800A8BFCF
:1016A00016238342B8BF034613700931C9B21F29FC
:1016B0008CBF6FF00C000020704700BF9FED167AC2
:1016C000B4EEC70AF1EE10FA23D49FED147AB4EE0B
:1016D000C70AF1EE10FA1CDC38B5D0ED587A70EE7E
:1016E000677AB3EE047AF0EEE77AF4EEC77AF1EEB9
:1016F00010FA054610EE104A06DA00EE104A2846A7
:10170000BDE8384004F00ABC02F0ECF90028F4D03F
:1017100038BD6FF00B0070470000164300007044A6
:1017200030B50368124A9B6D934283B005460C4660
:1017300014D10931CBB21F2B17D80E4B03EB41004C
:1017400013F8112090F9011000241309284602F023
:101750000F02009404F0AEFB03B030BD00229847A6
:101760000028F9D104F10901E7E76FF00C00F3E775
:1017700095160300C8DA0300F0B52DED028B85B095
:1017800005689DF8346080F85461C0ED540AD5F8BE
:101790000851474E9DF930708DF80C10B5428DED13
:1017A000020A8DF80D208DF80E308DF80F7056D18D
:1017B000044602F0A3FC18B105B0BDEC028BF0BDED
:1017C00023683C4ADB6B9DED028A934255D1DFEDE5
:1017D0003A7AB4EEE78AF1EE10FA59D4DFED377AAF
:1017E000B4EEE78AF1EE10FA52DCD4ED587A78EED6
:1017F000677AB3EE047AF0EEE77AF4EEC77AF1EEA8
:1018000010FA32DAB0EE480A204604F087FB0028CE
:10181000D2D10121204602F0D7F90028CCD123688B
:1018200027495A6D9DF90F508A422DD19B6D254A4B
:10183000934230D105F10903DAB21F2A34D8224A83
:1018400002EB430112F8132091F90110002513094E
:10185000204602F00F02009504F02CFBACE702A931
:10186000A84705B0BDEC028BF0BDB0EE480A20469B
:1018700002F038F90028C5D09EE7B0EE480A2046AD
:101880009847002898D1C4E729462046904793E717
:101890006FF00B0090E70246294620469847002843
:1018A0008AD105F10903CAE76FF00C0084E700BF95
:1018B000ED190300BD16030000001643000070443C
:1018C0002117030095160300C8DA030030B52DED8B
:1018D000028B91ED010A83B00D46044602F0F0FB45
:1018E00018B103B0BDEC028B30BD2368394ADB6B05
:1018F00095ED008A93424FD1DFED377AB4EEE78A57
:10190000F1EE10FA58D4DFED357AB4EEE78AF1EE55
:1019100010FA51DCD4ED587A78EE677AB3EE047A97
:10192000F0EEE77AF4EEC77AF1EE10FA2CDAB0EEC8
:10193000480A204604F0F2FA0028D2D101212046BC
:1019400002F042F90028CCD1236825495A6D95F957
:1019500008508A4233D19B6D224A934223D105F12C
:101960000903DAB21F2A32D81F4A02EB430112F8E8
:10197000132091F9011000251309204602F00F02EF
:10198000009504F097FAACE7B0EE480A204602F062
:10199000A9F80028CBD0A4E7B0EE480A2046984723
:1019A00000289ED1CAE702462946204698470028CB
:1019B00097D105F10903D7E76FF00B0091E72946AE
:1019C000204603B0BDEC028BBDE8304010476FF0FD
:1019D0000C0086E7BD1603000000164300007044AB
:1019E0002117030095160300C8DA030030B52DED6A
:1019F000028B0C4683B08B794A790979054602F04F
:101A00007DFB18B103B0BDEC028B30BD2B683A4AA8
:101A1000DB6B94ED008A93424FD1DFED387AB4EE60
:101A2000E78AF1EE10FA58D4DFED357AB4EEE78AA2
:101A3000F1EE10FA51DCD5ED587A78EE677AB3EE14
:101A4000047AF0EEE77AF4EEC77AF1EE10FA2CDAC7
:101A5000B0EE480A284604F061FA0028D2D10121EC
:101A6000284602F0B1F80028CCD12B6825495A6DE0
:101A700094F907408A4233D19B6D234A934223D184
:101A800004F10903DAB21F2A32D8204A02EB4301DB
:101A900012F8132091F9011000241309284602F0CE
:101AA0000F02009404F006FAACE7B0EE480A2846AC
:101AB00002F018F80028CBD0A4E7B0EE480A284678
:101AC000984700289ED1CAE70246214628469847F3
:101AD000002897D104F10903D7E76FF00B0091E7D5
:101AE0002146284603B0BDEC028BBDE830401047CC
:101AF0006FF00C0086E700BFBD1603000000164320
:101B0000000070442117030095160300C8DA030093
:101B1000F0B52DED028B04464D4B056880ED541A4F
:101B200016460F4684F8546193E80700D5F8005133
:101B3000484E87B003ABB54283E807008DF81470B8
:101B4000CDED040A8DED030A58D1B0EE600A2046AF
:101B500002F0B6FA18B107B0BDEC028BF0BD2368F5
:101B60003D4ADB6B9DED038A934256D1DFED3B7A14
:101B7000B4EEE78AF1EE10FA5AD4DFED397AB4EE1A
:101B8000E78AF1EE10FA53DCD4ED587A78EE677AF2
:101B9000B3EE047AF0EEE77AF4EEC77AF1EE10FADB
:101BA00033DAB0EE480A204604F0B8F90028D2D162
:101BB0000121204602F008F80028CCD123682949E9
:101BC0005A6D9DF914508A422ED19B6D264A93423C
:101BD00031D105F10903DAB21F2A35D8234A02EBC5
:101BE000430112F8132091F9011000251309204632
:101BF00002F00F02009504F05DF9ACE719462046AB
:101C0000A84707B0BDEC028BF0BDB0EE480A2046F5
:101C100001F068FF0028C4D09DE7B0EE480A2046D6
:101C20009847002897D1C3E729462046904792E776
:101C30006FF00B008FE702462946204698470028A0
:101C400089D105F10903C9E76FF00C0083E700BFF4
:101C500098DA0300CD180300BD16030000001643F8
:101C6000000070442117030095160300C8DA030032
:101C700030B52DED028B0C4683B091ED031AD4EDF7
:101C8000020A498A94ED010A054602F093F918B157
:101C900003B0BDEC028B30BD2B683A4ADB6B94ED90
:101CA000008A93424FD1DFED387AB4EEE78AF1EE45
:101CB00010FA58D4DFED357AB4EEE78AF1EE10FA77
:101CC00051DCD5ED587A78EE677AB3EE047AF0EE0F
:101CD000E77AF4EEC77AF1EE10FA2CDAB0EE480AA1
:101CE000284604F01BF90028D2D10121284601F032
:101CF0006BFF0028CCD12B6825495A6D94F9104010
:101D00008A4233D19B6D234A934223D104F10903C4
:101D1000DAB21F2A32D8204A02EB430112F813200C
:101D200091F9011000241309284602F00F020094D3
:101D300004F0C0F8ACE7B0EE480A284601F0D2FE45
:101D40000028CBD0A4E7B0EE480A284698470028E0
:101D50009ED1CAE70246214628469847002897D1D7
:101D600004F10903D7E76FF00B0091E721462846FD
:101D700003B0BDEC028BBDE8304010476FF00C00A3
:101D800086E700BFBD160300000016430000704444
:101D90002117030095160300C8DA03002DE9F0416E
:101DA000574DDFF878C12DED028B06468E4617465B
:101DB00098460FCD88B003AC0FC4336886ED542A23
:101DC00086F85481D3F8F8302A6822606345F0EE33
:101DD000607ACDED040A8DF81CE08DED051ACDED8D
:101DE000061AADF81E708DED030A5ED1F0EE410AC1
:101DF0003946B0EE611AB0EE670A304602F0DAF802
:101E000020B108B0BDEC028BBDE8F08133683D4ADB
:101E1000DB6B9DED038A934257D1DFED3B7AB4EE45
:101E2000E78AF1EE10FA5BD4DFED387AB4EEE78A98
:101E3000F1EE10FA54DCD6ED587A78EE677AB3EE0C
:101E4000047AF0EEE77AF4EEC77AF1EE10FA34DABB
:101E5000B0EE480A304604F061F80028D1D10121E3
:101E6000304601F0B1FE0028CBD1336828495A6DC5
:101E70009DF91C408A422FD19B6D264A934232D154
:101E800004F10903DAB21F2A36D8234A02EB4301D0
:101E900012F8132091F9011000241309304602F0C2
:101EA0000F02009404F006F8ABE703A93046984708
:101EB00008B0BDEC028BBDE8F081B0EE480A3046B8
:101EC00001F010FE0028C3D09BE7B0EE480A304670
:101ED0009847002895D1C2E721463046904790E7C1
:101EE0006FF00B008DE702462146304698470028E8
:101EF00087D104F10903C8E76FF00C0081E700BF48
:101F0000A4DA0300BD16030000001643000070446D
:101F10002117030095160300C8DA0300711C0300A3
:101F20002DE9F0412DED028B5F4DDFF898C186B0B1
:101F300004468E4616461F4695E80F009DF84080E1
:101F4000256884ED541A84F85481D5F8F08002ADE8
:101F500085E80F00E0459DF93820BDF83C308DF84C
:101F600010E08DF811608DF812708DED020ACDED44
:101F7000030A8DF81320ADF814306BD13A46314680
:101F8000204601F0BBFF20B106B0BDEC028BBDE8DE
:101F9000F08123689DF81010D3F8E8302046984768
:101FA0000028F1D123689DED030AD3F8E4302046E0
:101FB00098470028E8D123683C4ADB6B9DED028AF4
:101FC000934257D1DFED3A7AB4EEE78AF1EE10FA98
:101FD00059D4DFED387AB4EEE78AF1EE10FA52DC2C
:101FE000D4ED587A78EE677AB3EE047AF0EEE77AB9
:101FF000F4EEC77AF1EE10FA34DAB0EE480A204671
:1020000003F08CFF0028BFD10121204601F0DCFD48
:102010000028B9D1236828495A6D9DF913508A4286
:102020002DD19B6D254A934230D105F10903DAB2D7
:102030001F2A35D8224A02EB430112F8132091F9E6
:10204000011000251309204602F00F02009503F04D
:1020500031FF99E729462046C04706B0BDEC028B08
:10206000BDE8F081B0EE480A204601F03BFD0028B3
:10207000C3D089E7B0EE480A20469847C2E7294610
:102080002046904780E76FF00B007DE70246294627
:102090002046984700287FF477AF05F10903C9E788
:1020A0006FF00C0070E700BFB8DA0300BD16030044
:1020B000000016430000704421170300951603002A
:1020C000C8DA0300C920030030B52DED028B0C46A1
:1020D00083B08B898A7A497A054601F00FFF18B1DF
:1020E00003B0BDEC028B30BD2B68217AD3F8E83009
:1020F000284698470028F3D12B6894ED010AD3F8BD
:10210000E430284698470028EAD12B683A4ADB6B2E
:1021100094ED008A93424FD1DFED387AB4EEE78A2E
:10212000F1EE10FA57D4DFED367AB4EEE78AF1EE2D
:1021300010FA50DCD5ED587A78EE677AB3EE047A6F
:10214000F0EEE77AF4EEC77AF1EE10FA2CDAB0EEA0
:10215000480A284603F0E2FE0028C1D101212846A2
:1021600001F032FD0028BBD12B6826495A6D94F945
:102170000B408A4227D19B6D234A93422ED104F112
:102180000903DAB21F2A33D8204A02EB430112F8BE
:10219000132091F9011000241309284602F00F02C0
:1021A000009403F087FE9BE7B0EE480A284601F052
:1021B00099FC0028CBD093E7B0EE480A2846984710
:1021C00000288DD1CAE72146284603B0BDEC028B1A
:1021D000BDE8304010476FF00B0081E70246214612
:1021E0002846984700287FF47BAF04F10903CBE72A
:1021F0006FF00C0074E700BFBD160300000016432B
:10220000000070442117030095160300C8DA03008C
:10221000F0B52DED028B01298BB0044600F0E9806A
:10222000C0F08180022978D10368AE4AD3F80C51FE
:10223000954240F00881AC49AC4AC0F85011059273
:102240000A2100224FF483758DF81B10ADF8185049
:1022500080F85421D3F80821A54901238A428DF83A
:102260001A3040F00C811A46062101F047FF002881
:1022700055D123689F4ADB6B9DED058A934240F060
:102280001B81DFED9D7AB4EEE78AF1EE10FA00F1E2
:102290001881DFED9A7AB4EEE78AF1EE10FA00F3D6
:1022A0001081D4ED587A78EE677AB3EE047AF0EEC6
:1022B000E77AF4EEC77AF1EE10FA80F2EF80B0EE32
:1022C000480A204603F02AFE48BB0121204601F0BF
:1022D0007BFC20BB23688A495A6D9DF91B508A42BA
:1022E00040F083809B6D874A934240F0ED8005F17A
:1022F0000903DAB21F2A00F2F180834A02EB43019C
:1023000012F8132091F9011000251309204602F05C
:102310000F02009503F0CEFD01E06FF013000BB04B
:10232000BDEC028BF0BD0768784BD7F8FC509D429E
:1023300040F09680764EDFF8B0C1C4F850C10FCEA1
:1023400005AD0FC5002384F85431D7F8F830714A31
:102350009FED711A3168296093428DED081A40F0A3
:1023600091801021F1EE040A9FED6C0A204601F0E5
:1023700021FE0028D3D123685E4ADB6B9DED058AE0
:10238000934240F09480DFED5C7AB4EEE78AF1EEA0
:1023900010FA00F19680DFED597AB4EEE78AF1EE9B
:1023A00010FA00F38E80D4ED587A78EE677AB3EEA7
:1023B000047AF0EEE77AF4EEC77AF1EE10FA65DA15
:1023C000B0EE480A204603F0A9FD0028A7D101215C
:1023D000204601F0F9FB0028A1D1236848495A6D35
:1023E0009DF924508A423FF47DAF2946204690470C
:1023F00095E706684A4BD6F8F4509D4213D1494BF5
:10240000394FC4F850710FCB002705AD84F85471D3
:1024100085E80F00D6F8F0302946204698470BB0E3
:10242000BDEC028BF0BD0A21082200238DE80E00CE
:102430009FED3D1ADFED3D0A9FED3D0A1223072275
:102440000921A8476BE700210A220123CDE90021D9
:10245000DFED350A9FED360A1A460621A8475EE7EA
:1024600000239FED312ADFED2C1ADFED2C0A9FEDC2
:10247000300A10220A21B1EE041AA8474FE705A935
:1024800090474CE705A92046984748E7B0EE480A30
:10249000204601F027FB002892D040E7B0EE480A22
:1024A000204601F01FFB00283FF409AF37E7B0EEEC
:1024B000480A2046984788E7B0EE480A20469847E1
:1024C00002E76FF00B002AE70246294620469847AC
:1024D00000287FF424AF05F109030EE76FF00C002C
:1024E0001DE700BF79170300CDCCCC3F0000D943D6
:1024F000ED190300BD1603000000164300007044F0
:102500002117030095160300C8DA03009D1D030080
:10251000A4DA0300711C030033331C439A999940D9
:10252000211F0300B8DA0300CDCCCC3F0000FA42F3
:102530000000D94310B5044601F0E8F9034A044B02
:102540002260C4F85831204610BD00BF18DB0300DC
:1025500008DB030070B5074B05460FCB84B02E682F
:102560006C4684E80F00D6F8A030214628469847EC
:1025700004B070BD28DC030010B582B003680022EF
:102580000092DC6940F2722202236FF07F41A04783
:1025900002B010BD82B0F0B4012904A880E80C009C
:1025A0009DF81E209DF81F303AD00FD3022904D089
:1025B0006FF01300F0BC02B070479DF81130032B90
:1025C00000F2BF80DFE803F0B2ACA876BDF81C10C3
:1025D0009DED046ADFED5C5A07EE902ADB0006EE03
:1025E000901AB8EEE77A07EE903A099BF8EEE66AA1
:1025F000DB0076EE876AF8EEE77A07EE103A76EEC1
:10260000A77AB8EE477A66EE256A37EE877AF0BC8D
:10261000C7EE267A02B0FCEEE77A17EE900A704712
:102620009DF81010DDED056A9DF8204042F2107013
:10263000884007EE100AF2EE047AB8EE477A66EEAA
:10264000A76A481FC7EE267AC0B2022835BF1925EF
:10265000112500260826FCEEE77A17EE900A24BB27
:102660008C00E4B2099F07EB4303C1EB4301002A4E
:1026700006EB81030CBF142100211944BDF81C2076
:102680009DF81860631E09B20029A8BF5B180832C4
:1026900093FBF4F39BB206FB032305EB8303F0BC2F
:1026A00000FB03F0800802B0704701F13E04A40073
:1026B000E4B2D7E7099B03EB43039BB22349A1FB99
:1026C0000321490901EB810201EB410102EB820286
:1026D000A3EB011352009BB292B213B10233134425
:1026E0009AB29DF81C101A4B9FED1A7AC1EBC100EB
:1026F00001EBC00102EB410292B203FB02F307EED1
:10270000903AF8EE677AF0BC67EE877A02B0FCEE9A
:10271000E77A17EE900A7047099B5B009BB2CDE702
:10272000099B03EB4303C3F34F03C7E7099B0A4A23
:1027300003EB43035B000433A2FB0323C3F38F03C8
:10274000BCE76FF0090035E76F12833AABAAAAAA7B
:1027500000127A00AD37063BCDCCCCCC07EE901AF8
:102760009FED057AF8EE677A67EE877AFCEEE77AF6
:1027700017EE900A704700BF6F12833D036889B25D
:10278000D3F8EC30184700BF0368D3F8DC301847A3
:10279000D0F86801704700BF00F00E03062B0BD085
:1027A000082B0CD00A2B0CD00138C0B2FD288CBFEE
:1027B0006FF00100002070476FF4307070470248DE
:1027C00070470248704700BF3EFDFFFF3DFDFFFF21
:1027D000704700BFA9B110B50C4602F0A9FA012854
:1027E0000CD005D3032806D102232370002010BD8E
:1027F0000020207010BD6FF0130010BD207000206D
:1028000010BD6FF00200704708B50221D0F86801D2
:10281000FEF73EFE4FF0FF3008BD00BF30B5044666
:102820000D4683B0D0F8680194F86411FEF730FECD
:1028300025B12946204602F051FA48B90122002369
:10284000D4F86801D121CDE900221A46FEF74EF8EE
:1028500003B030BD00B583B08AB2002311460093A7
:1028600002F000FA03B05DF804FB00BF00B585B0CC
:1028700004AA002322F8043D0123D0F868011221A4
:10288000CDE900330223FEF74DFCBDF80C0040BA41
:1028900080B205B05DF804FB2DE9F04186B000245C
:1028A0000646FF270225D0F868010394CDE90157B9
:1028B0002346224640F6E2010094FEF76BFCD6F870
:1028C000680123462246CDE90274CDE9004540F671
:1028D000E501FEF75FFC6FF07F41304602F0F8F84B
:1028E000D6F86831186803680A21DB6998472546DD
:1028F000274601230DF1170240F6190130468DF8E5
:10290000177002F077F99DF8170000F00100A04061
:1029100001342843082CC5B2EBD133684FF0FF08CF
:10292000022430461B699847D6F868010397009740
:10293000CDE901480023012240F6E201FEF72AFC1E
:10294000D6F868010397CDE90148009700230122DA
:1029500040F6E501FEF71EFC284606B0BDE8F08112
:1029600038B590F838100229044626D0032903D040
:102970006FF01805284638BD90F86411D0F868014A
:10298000FEF786FD0021204602F08CF8054630B1A6
:10299000F0E7D4F86831186803685B6D9847D4F89D
:1029A00068311868D96A03681B6998470028F0D114
:1029B000002384F83830284638BDD0F86801FEF787
:1029C00067FDD4F8A411204602F082F800230546E2
:1029D00084F83830EFE700BF10B5D0F8683104460E
:1029E000186803681B699847C1B22046BDE81040CB
:1029F00003F010BC10B5044606F008FD204610BDDB
:102A000010B5036844F2FF31D3F8EC300446984720
:102A100000B110BD236820461B69BDE8104018476F
:102A2000F0B583B00E46054602F082F9012836D192
:102A30002B6828461B699847044610B1204603B00E
:102A4000F0BD0221D5F86801FEF722FDB1682846E5
:102A500003F0CAFBF1680746284603F0C5FB009463
:102A600082B22346B9B2284602F0FCF80446002898
:102A7000E4D12B6844F2FF31D3F8EC302846984774
:102A800004460028DAD17068F478B3787278317827
:102A900001900094284602F033F80446CEE76FF028
:102AA0001304CBE710B5044602F042F9012802D026
:102AB000BBEE040A10BD204602F082FA000A0306AB
:102AC00054BFC0B260F0FF0007F012FF0022044BB9
:102AD00007F078FF08F088F900EE100A10BD00BF7B
:102AE0000000D03F08B502F06BFAC0B207F000FF5B
:102AF0000022044B07F066FF08F076F900EE100A9A
:102B000008BD00BF0000E0BF10B584B0044602F06D
:102B10000FF9012803D194F87031012B10D004AAC9
:102B2000002322F8043D0123D4F868011321CDE9E4
:102B300000330223FEF7F6FA9DF80C0004B010BD36
:102B4000D4F89C0104B010BDF0B52B4B2B4F0446BC
:102B50000FCB2568D5F8946087B002ADBE4285E8FA
:102B60000F003FD1204602F0E3F8012841D123684D
:102B700020461B699847054610B1284607B0F0BDAE
:102B80000221D4F86801FEF783FC0499204603F083
:102B90002BFB05990646204603F026FB009582B2E2
:102BA0002B46B1B2204602F05DF805460028E4D17C
:102BB000236844F2FF31D3F8EC30204698470546AD
:102BC0000028DAD103989DF80B50019000959DF8EC
:102BD0000A309DF809209DF80810204601F090FF6A
:102BE0000546CAE729462046B0470546284607B0AD
:102BF000F0BD6FF01305C0E728DC0300212A0300B5
:102C0000F0B5036883B01B6905469847044610B1C8
:102C1000204603B0F0BD95F87031012B0AD02B6827
:102C20002846D3F8EC3044F2FF319847044620465A
:102C300003B0F0BD284602F07BF801280646EED12D
:102C400002AA034602F8024D40F60211284601F09E
:102C5000C9FF04460028DBD102AF334607F8010D57
:102C600040F644113A46284601F0C4FF04460028C5
:102C7000CED19DF80740334644F002043A4640F670
:102C8000441128468DF8074001F0ACFF04460028A7
:102C9000BED1C4E72DE9F041044684B0D0F8680104
:102CA00016460F46FDF7D0FF2368324AD3F884302A
:102CB000934205465AD104AA002322F8043D012379
:102CC000D4F868011221CDE900330223FEF72AFA75
:102CD000BDF80C0040BA80B26FF430739D423CD016
:102CE000A5BB430636D400F0300020280CBF6FF09F
:102CF00006084FF00008204602F01AF804AA002344
:102D000022F8043D0123D4F868011321CDE90033F2
:102D10000223FEF707FA9DF80D309DF80C2016B13E
:102D2000B24228BF3246D2B23946204601F086FF71
:102D3000054658B923682046D3F8EC3044F2FF31F9
:102D40009847B8F1000F14BF45460546284604B021
:102D5000BDE8F0816FF00608CDE710F4007F18BFE2
:102D60006FF00505284604B0BDE8F081204698477D
:102D7000B2E700BF6D28030010B584B0044601F02F
:102D8000D7FF012803D06FF0130004B010BD2268F4
:102D90001349D2F884208A421ED104AA0346002196
:102DA00022F8041DD4F868011221CDE90033022372
:102DB000FEF7B8F9BDF80C0040BA80B2C30508D4DC
:102DC00010F0800F0CBF4FF0FF306FF00E0004B01A
:102DD00010BD044804B010BD20469047EEE700BF88
:102DE0006D28030042FDFFFF2DE9F0410F46016809
:102DF00084B00969044616461D46884728BB6DB94C
:102E00002368454DDB6F002E14BF3146FF2120465D
:102E1000984700EB8000A5FB0035AD0907EE905AFE
:102E20009FED3E7A2368F8EE677A002267EE877A94
:102E30000092FCEEE77AD3F81C8017EE901A02237A
:102E400040F272222046C04710B104B0BDE8F081C4
:102E5000D4F86831186803685B6A984780460FE0C9
:102E6000D4F86831186803685B6D9847D4F8683106
:102E7000186803685B6A9847A0EB0800854232D364
:102E8000D4F868311868596A03681B6998470028A4
:102E9000E6D0236820461B6998470346002836D1B0
:102EA00023681F4AD3F8843093422DD104AA00230B
:102EB00022F8043D0123D4F868011221CDE9003342
:102EC0000223FEF72FF9BDF80C0040BA80B2626B06
:102ED0002368104212D11B6B324639462046984770
:102EE00004B0BDE8F081236820461B69984703467B
:102EF00018B16FF430729342A7D12368DB6A204681
:102F000098476FF00500A0E720469847DFE76FF489
:102F10003072934299D1C3E7D34D621000008042D2
:102F20006D280300F0B50368484AD3F89430934203
:102F300085B004465CD10E4601F0FAFE012852D15C
:102F4000236820461B699847054610B1284605B0FE
:102F5000F0BD0221D4F86801FEF79AFAB168204664
:102F600003F042F9F1680746204603F03DF9009569
:102F700082B22B46B9B2204601F074FE0546002805
:102F8000E4D1236844F2FF31D3F8EC30204698476F
:102F900005460028DAD17568F078B3787278317810
:102FA000CDE90005204601F0ABFD054635B1CDE782
:102FB000D4F86831186803685B6D9847D4F86831B5
:102FC0001868596A03681B6998470028F0D023687D
:102FD0001F4AD3F89830934220462CD101F0A8FE26
:102FE0000128034607D06FF01305284605B0F0BD51
:102FF00098470546DAE722681649D2F884208A42C3
:1030000020D104AA002122F8041DD4F8680112215D
:10301000CDE900330223FEF785F8BDF80C0040BA75
:1030200080B2C3050CD410F0800F0CBF4FF0FF35F9
:103030006FF00E058AE798470546284605B0F0BDB3
:10304000054D83E720469047EBE700BF212A0300A8
:10305000792D03006D28030042FDFFFF2DE9F047A5
:103060000F46016884B009690446164698468847A9
:103070000546D8B994F86D31042B06D9072E40F2D5
:10308000C48094F86F31012B50D0FF2E50D82368A4
:103090003146DB6F20469847824620684346456AA2
:1030A000324639462046A847054618B1284604B09E
:1030B000BDE8F087204601F03BFED4F86831564E5B
:1030C000DFF85C818146186803685B6A98470AEB01
:1030D0008A0AA6FB0A36B6090746053607E0D4F881
:1030E00068311868596A03681B69984718BBD4F897
:1030F0006831186803685B6D9847D4F868311868C0
:1031000003685B6A9847C01B8642E8D2236843493C
:103110009A6A8A4258D1D3F8EC3044F2FF31204603
:103120009847002849D06FF00405BFE7FD2EACD9C1
:103130006FF00305BAE7B9F1030F226851D1D2F855
:103140008430434545D10123D4F86801ADF80C50D3
:10315000CDE9003303AA02231221FDF7E3FFBDF8F6
:103160000C0040BA80B210F00103226839D1D2F8C5
:103170008420424530D1ADF80C300123D4F86801E9
:1031800003AACDE9003312210223FDF7CBFFBDF8DE
:103190000C305BBA5A04AAD5D4F8C411204601F009
:1031A0000F0101F077FB0028A1D1236844F2FF3121
:1031B000D3F8EC302046984799E7236820461B69EE
:1031C00098476FF0040571E7204690476FF00405BB
:1031D0006CE720469847C6E720469047430486D5CB
:1031E000DAE7936A0D498B4212D1D2F8EC3044F2FF
:1031F000FF3120469847054600287FF457AF2368E3
:1032000020461B699847054650E76FF01D054DE7BE
:1032100020469847054649E7D34D6210012A03002E
:103220006D2803002DE9F04F8FB00F46054601F0E1
:103230007FFD08AE0DF1100C002401287460089485
:10324000B4600494ACF8044056D00346A0B10328FF
:1032500000F02181022840F0DD8095ED5F7A9FED3E
:10326000C96ADFEDC97AB8EE477A2346C6EE076A27
:10327000A346CDED086A1AE0D5ED5F7A9FEDC16AED
:1032800095F88721B8EE677AD5ED607AC6EE076AC1
:1032900012F0FB02F8EE677ACDED086A40F0B680D6
:1032A0000123B5F88C2195F888B1ADF81020296874
:1032B000B64AD1F8788090454FF0000400F0AF8016
:1032C000A64622468DF813308DF812B08DF81440C2
:1032D0009CE803008DF828E00A9B0190ADF80810E7
:1032E000CDED097A039700931146284696E80C0025
:1032F000C0470FB0BDE8F08F95F86DE1BEF1040F47
:103300007FD9BEF1070F08BF4FF0080E2A6895F865
:103310006F3195F8709195F86EA1D2F878809B4A3C
:1033200095F86C118DF82010003318BF0123A9F116
:10333000010B1AF10004B5F87211ADF81010BBFAC8
:103340008BFB18BF012490454FEA5B1BD5ED5D7ADE
:1033500040F09F80CDED097A8DF828E096E80700CF
:103360000EAD05E907009DF82C508DF812B042F221
:103370001072AA4006EE902AB2EE047AF8EE666A5F
:1033800027EE877A8DF81330C6EE877A8DF81440D1
:103390009CE803006A1FD2B2022A069035BF1921A9
:1033A000112100220822FCEEE77A17EE900ABAF10A
:1033B000000F00F0968005F13E04A400E4B207EB94
:1033C0004303B9F1010FC5EB430302EB830314BFC1
:1033D000142200221344BDF818501AB2631E002AAA
:1033E000A8BF9B1805F1080293FBF4F39BB20EFBF8
:1033F000032E01EB8E0E00FB0EF080080FB0BDE82F
:10340000F08F0EF1040E5FFA8EFE7FE7022A08BFEE
:10341000022346E76FF013000FB0BDE8F08FCDED4B
:10342000097A8DF8284096E807008DF813308DF85A
:1034300014408DF812B00EAC04E907009CE80300BC
:1034400080B207EE900AFF00F8EEE76A07EE907A86
:1034500007EE10BAF8EE677AB8EEC77A76EEA77A7A
:103460001BB2DB0077EE877A07EE103ADDED0B6AD0
:103470009FED476AB8EEC77A66EE866A37EE877ABE
:10348000C7EE267AFCEEE77A17EE900A0FB0BDE899
:10349000F08F012216E729683C4BD1F8788095F827
:1034A000A9118DF8201095F8A8118DF8211095F824
:1034B000AF118DF82210984595F8AA118DF81010CB
:1034C00058D196E807000EAB03E907009CE803001B
:1034D0009DF82D300690032B49D8DFE803F03E39E4
:1034E0003605AC00E4B26AE707EB4707BFB2294AEA
:1034F000A2FB0732520902EB820302EB4202A7EB66
:10350000021703EB83035A00BFB292B217B102371E
:103510003A4492B29DF818101F4B9FED207AC1EBF0
:10352000C10001EBC00102EB410292B203FB02F3C6
:1035300007EE903AF8EE677A67EE877AFCEEE77A64
:1035400017EE900A0FB0BDE8F08F7F00BFB2CEE754
:1035500007EB4707C7F34F07C9E707EB47077F00AC
:103560000F4B0437A3FB0737C7F38F07BFE76FF095
:10357000090043E72346A346A646DFED037A02226D
:10358000A0E600BF00007A49000000009525030076
:103590006F12833AABAAAAAA00127A00AD37063B93
:1035A000CDCCCCCC2DE9F0410229C8B00E4617464F
:1035B00004465DD0032956D15368FF2B00F2748175
:1035C00001F0B6FB0128054600F0E080002800F07D
:1035D000B280022800F0E980032840F068810023CF
:1035E00044F2010200931146204601F03BFB002803
:1035F0003BD102460146204601F0BEFCA8BB032D8C
:1036000000F0EA8003463A793968204601F002FB6F
:1036100058BB236844F2FF31D3F8EC30204698477A
:10362000054610BB08AA012340F6890120468DF803
:10363000205001F0DFFAC0B9204601F079FB0128E3
:1036400000F04B819DF8200040F004008DF8200030
:1036500008AA012340F68901204601F0C3FA20B9E7
:1036600084F8386001E06FF0180048B0BDE8F081E0
:1036700090F87031012B00F08280236820461B698E
:1036800098470028F1D13A686FF07F439A4203D0FF
:10369000BB6843F40073BB607968204602F0A4FD68
:1036A000B9680546204602F09FFD002382B2A9B208
:1036B0000093204601F0D6FA0028D6D102460146F2
:1036C000204601F059FC0028CFD1236844F2FF3195
:1036D000D3F8EC30204698470028C6D1204601F0A8
:1036E00027FB012800F0E980002840F0E08094F8F2
:1036F0008A01B4F88C1194F8842194F8873194F8F5
:1037000088C194F889E1002840F0D48094F89C8125
:10371000CDF808E00025CDE90308CDE900C5204635
:1037200001F0D0FB3B685A1C04BF6FF07F433B6045
:10373000C4F8A43194E797F804C094F88A0194F887
:10374000873194F88421B4F88C110195CDF810C01C
:1037500094F889C1039094F888010090CDF808C0CE
:10376000204601F0AFFB00287FF47FAF00900346B6
:10377000012240F20121204601F074FA37E7D368B4
:10378000002B3FF47AAFC0F89C3176E794F87001D3
:1037900094F8A0C13B7994F86F21B4F87211CDE987
:1037A000000C204601F064FBDDE77968D4F87C3139
:1037B000C800642B80B241F6705E43F20F7C40F289
:1037C000E143009040F62F12C9B204BF734662462F
:1037D000204601F0A3FBC6E7204600F089FF002841
:1037E0007FF443AF94F8AA31C3F10403002B0ADD40
:1037F0000546204601F028F894F8AA310135C3F1B6
:103800000403AB42F5DC0025FF22002108A807F0E5
:103810004DFDC4F8BC51C4F8C051C4F8C451D7E937
:10382000001204F5E07004F5DE7307AFCDE9013056
:10383000009708AB2046079500F0B0FC00287FF405
:1038400014AF034608A93A78204601F0E3F90028AE
:103850007FF40BAF3B68D4F8C0018DF8193001211B
:103860008DF818108DF81A0006AA032340F285314E
:10387000204601F0B7F900287FF4F7AE94F8C03184
:10388000102B1F4628BF1027002B3FF4C2AE054661
:1038900002E0BD423FF4BDAEE9B2204600F0FAFFBF
:1038A00001350028F5D0E0E66FF00300DDE64FF0CB
:1038B000FF30DAE64FF0FF082AE794F8700194F839
:1038C000A05194F89C3194F86F21B4F87211CDE9AD
:1038D0000005204601F0CCFA24E7D4ED5D7ADFED57
:1038E000096A9FED097A9DF8200077EEE67AF0EEFE
:1038F000E77AF4EEC77AF1EE10FA3FF6A3AE00F0E5
:10390000FB00A3E60000FA436F12833AF8B50446C1
:103910000F4602F043FC3848384B0069C4F8503178
:10392000002240F20163A4F8A831C4F8AB010023DF
:103930000320C4F86021C4F87421C4F890213049F0
:103940002160012284F84D3184F85431C4F8583193
:1039500084F85C31C4F86C3184F87031A4F87231A9
:10396000C4F87C31C4F88031C4F88431A4F88831BB
:1039700084F88A31A4F88C31C4F8943184F89831F1
:1039800084F8993184F89A31C4F89C3184F8A031D4
:10399000C4F8A43184F8AF3184F8640184F8AA0132
:1039A00084F87821FF25C4F8B03102200421226177
:1039B0000822A560606120254020A161E26180218C
:1039C0004FF48072C4F8B431A4F8B831C4F8BC31F3
:1039D000C4F8C031C4F8C431C4E909501023C4E9A3
:1039E0000B12084E23624FF40073C4F868716660CE
:1039F00063632046F8BD00BF28DC0300CDCCCC3F7C
:103A000048DC03000024743F10B4032ABDF80440CE
:103A100013D8092980F8A82112D85A1E032A80F841
:103A2000A91110D8B4F5007F80F8AA310ED2A0F801
:103A3000B84100205DF8044B70476FF00900F9E7CA
:103A40006FF00700F6E76FF00A00F3E76FF0690028
:103A5000F0E700BF70B5D0F86831044618680D462D
:103A6000996A036882689B689847D4F86831186837
:103A7000996A0368C268DB689847D4F868311868A7
:103A800003680121DB699847D4F868311868996A9E
:103A900003680269DB68984715B90025284670BDA0
:103AA000D4F86831186803685B6A9847064611E0E5
:103AB000D4F86831186803685B6A9847801BB0F5D2
:103AC0007A7F4FF00A01E9D2D4F8683118680368A8
:103AD000DB699847236820461B69984705460028FC
:103AE000E6D1DAE730B5FDEEC07A2DED048B17EEA6
:103AF000903A85B0A3F2863200211A2A0546ADF825
:103B000008100BD84EF6E113ADF80830284602A98C
:103B100001F0FEF805B0BDEC048B30BDA3F25F32BE
:103B2000072A04D84DF6D733ADF80830EEE7A3F2F4
:103B30000B32082A08D9A3F5EB72282A09D848F2D3
:103B40007513ADF80830E1E74CF2C153ADF8083019
:103B5000DCE7A3F5D7730A2B31D9B1EE049AB0EEA6
:103B6000408A30EE490AF5EE008A20EE280A06F077
:103B700027FD38EE098AFCEEC07A28EE280ACDED42
:103B8000017A06F0D7FC9DF80440FCEEC07AE2070B
:103B9000CDED017A9DF8043001D4013CE4B2D9079F
:103BA0005CBF0133DBB2284603A98DF80C408DF8C9
:103BB0000D3001F0ADF805B0BDEC048B30BD46F61C
:103BC0006B73ADF80830A1E7F0B583B002AC002309
:103BD00004F8013D0F462246012340F6D80106466F
:103BE00001F008F878B99DF8075077B925F01E055F
:103BF00045F0080522463046012340F6D8018DF8ED
:103C0000075000F0EFFF03B0F0BD45F01E05F1E7EF
:103C1000F0B583B002AC002304F8013D0F46224604
:103C2000012340F23671064600F0E4FF80B99DF8AA
:103C30000750012F0CBF05F0FB0545F00405224697
:103C40003046012340F236718DF8075000F0CAFF6C
:103C500003B0F0BDF0B585B0044601F069F8F0B9E5
:103C6000D4F87C31D4F86811B3F5966F46D0FF26AE
:103C70000225B3F5167F4FF0030303900093084627
:103C8000CDE901564FF0040347D0082240F2D1613C
:103C9000FDF780FA024630B1104605B0F0BD0022B3
:103CA000104605B0F0BDD4F868010423CDE90262E6
:103CB000CDE9005540F69B01FDF76CFA024600285D
:103CC000EAD10427D4F868010392CDE90156102205
:103CD00000973B4640F6B801FDF75CFA0246002823
:103CE000DAD1D4F868010623CDE90262CDE9007586
:103CF00040F2AC61FDF74EFA0246CDE70423FF2502
:103D0000022402460390CDE901450846009340F69F
:103D1000B801FDF73FFA0246BEE7182240F2D16132
:103D2000FDF738FA02460028B6D10423D4F868011A
:103D30000392CDE901561A46009540F69B01FDF726
:103D400029FA02460028A7D10427D4F86801039273
:103D5000CDE9015600973B4640F6B801FDF71AFA47
:103D60000246002898D1D4F868010623CDE9026202
:103D7000CDE90075502240F2AC61FDF70BFA024626
:103D80008AE700BF2DE9F041044684B0D0F868010D
:103D90008846FCF763FBD4F868311868596AD0E9A3
:103DA00000329B689847D4F868311868D96AD0E91E
:103DB00000329B689847D4F868314D4A1021197435
:103DC000D4F8683108215974D4F868110123CB74F0
:103DD000D4F868111D200881D4F868110D2048819D
:103DE000D4F8681100258D81D4F86811C020C881ED
:103DF000D4F868110B71D4F868315A61D4F858714D
:103E00000A26237B002B46D16B4610224FF44871C3
:103E1000D4F86801CDE90055CDE90255FDF72EF93A
:103E200069460622384607F083FF0A21F8B994ED67
:103E3000540AB5EEC00AF1EE10FA06DD41F28831FF
:103E4000204601F04FFF054668B94146204602F082
:103E500073F8054620BB94F85431002B40D120461E
:103E600001F0AEFE0546284604B0BDE8F081D4F866
:103E7000683118680368DB699847731E13F0FF0602
:103E8000BFD1D4F86801FCF7FFFA6FF001052846AE
:103E900004B0BDE8F08101212046FFF7DBFDB3E768
:103EA000236820461B699847204601F0A7F8114B6C
:103EB0009D42D8D18306D6D59FED0F0A41F28831B5
:103EC00084ED540A204601F00DFF05460028CAD1B2
:103ED0004146204602F030F805460028C3D1BAE733
:103EE000204601F069FE0546284604B0BDE8F08191
:103EF000992703003DFDFFFF00000000F0B52A4DAB
:103F0000C0F874511D460623284E80F85C310F46D8
:103F10000023FF2183B0C0F86C61C0F89C11A0F8A9
:103F20007251C0F8943180F8703101210446164670
:103F3000FFF728FF08B103B0F0BD0246394620461E
:103F400001F0CCF90028F6D131464422204601F098
:103F5000FBF90028EFD1236829461B6E20469847BD
:103F60000028E8D19FED120A204601F011FA00283E
:103F7000E1D10121204601F08BFF0028DBD1012394
:103F8000009341F60F5241F221030221204601F035
:103F900051FD0028CFD123681B6D0146204603B098
:103FA000BDE8F040184700BF0000FA4309030001D4
:103FB0000000704270B545F255332DED048B4CF680
:103FC000CC42C0F87C311A233A4EC0F8802180F8E8
:103FD00085310922062384B00D46A0F88C11C0F863
:103FE000906180F8862180F8873100210446B0EE88
:103FF000408AF0EE608AB0EE419AFFF7C3FE18B136
:1040000004B0BDEC048B70BD2368B0EE480A1B6C95
:10401000204698470028F3D12368B0EE680A5B6C0D
:10402000204698470028EBD1B0EE490A204601F01F
:10403000F9FB0028E4D19FED200A204601F0A8F901
:104040000028DDD1236829461B6E204698470028AA
:10405000D6D11A4A2368908ADB6D04A9022221F87E
:10406000040D204698470028CAD1236801469B6C5E
:10407000204698470028C3D123680146DB6C2046C0
:1040800098470028BCD1FF21204601F051FD0028AF
:10409000B6D10125009541F2210341F60F520221CC
:1040A000204601F0C7FC0028AAD12946204601F08D
:1040B000EFFEA5E733331C430000704228DC030009
:1040C00010B502212DED028B0446B0EE408AFFF7B9
:1040D00059FE10B1BDEC028B10BD2368B0EE480A4A
:1040E0001B6C204698470028F4D1BDEC028B20467B
:1040F0000121BDE8104001F0CBBE00BF70B50D46F8
:1041000086B080F8AF31032104461646FFF73AFE29
:1041100008B106B070BD9FED1F0A204601F038F9C6
:104120000028F6D10121204601F0B2FE0028F0D18E
:10413000CDE90300CDE901000090034602460146A7
:10414000204600F0BFFE0028E3D10B22236884F84C
:104150008501C4F8800184F886211B6C9FED0E0A4E
:10416000204698470028D4D1032E0DD8092D84F875
:10417000A8610CD803224FF4807384F8A95184F805
:10418000AA21A4F8B831C4E76FF00900C1E76FF0C5
:104190000700BEE7000070420000FA3E2DE9F04F34
:1041A000ADF52B7D1C4607900892D2B18D18013DCC
:1041B0000139601EFF231A1111F8016F82EA5312B0
:1041C00082EAD3025E4002F0010282EAD31237098A
:1041D00042EA430347EA06168D42DBB200F8016F5C
:1041E000E9D1DDF820C0C84862464FF6FF7E0025C1
:1041F000102747F25B562146C0E9016E0770961CF6
:104200006746C56002F04EF8E319C0F30722E25595
:10421000294658704FF41872F300A55512A81E468F
:10422000099307F043F80321B8480B9502F088F88A
:104230000BAB0093B21D12AB2146B44802F084F8D8
:104240002946FF22204607F031F8079B93F8A8C1C2
:10425000BCF1030F00F04082AD4BDDF82C800FCB9A
:104260000EAF3E4607C626F8023BBCF1020F4FEAEE
:10427000134333709CBFA74B13F80C50B8F1000FD9
:1042800000F02D8200218A4608464FF001096FEAAE
:104290000A0303F0070317F800C0CA4309FA03F33F
:1042A0004FEAD10E4FEADA0602F007025BB2BCF128
:1042B000000F12D00DF1480C0AF1010A1CF80EC0D3
:1042C00014F906E04CFA02F212F0010F43EA0E0272
:1042D0000ABF2EEA0303A255A3550130A84200F0FD
:1042E000A78101318845D2D10AF10702D2082146BF
:1042F00012A8CDF82CA006F0B5FF079B93F8AA31C1
:10430000C3EBC30203EBC202520092B20592BAF1B0
:10431000000F7AD00022013292B202FB02F1514525
:10432000F9D30FFA8AF14FEA420C00294FEA520200
:1043300006911FFA8CFC039267DD0023CDF810A0D4
:10434000984618464FF001099A46059D069FEA08CF
:10435000EB43A15C03F0070309FA03F321EA03012D
:104360006B1CA154DA10DB43A15C03F0070309FACC
:1043700003F321EA03036FF0020E302FA354AEEBD8
:10438000050EA8BF3027002605F1020BC20812A9AE
:10439000AEEB06038D5C0BEB0601C910C24303F0C4
:1043A000070302F0070245FA02F209FA03F3655621
:1043B0005BB212F0010F25EA03020CBF62542B43DB
:1043C0006044049A18BF635480B2039B90424344F4
:1043D00009D398B284450AF101039DBF1FFA83FAFD
:1043E0005046D0468046013633B2BB42CEDB069BF8
:1043F000059A0237303B1BB23A4492B2002B069327
:104400000592A2DC079B93F8AA31079A9DF82070C9
:1044100092F8A85192F8AF6192F8A911B2F8B801D8
:104420008DF83070EA0042EA860242EAD10242F098
:10443000020206118DF831200201059846EA411664
:104440006FF0710101FB03018DF832602E4E0B916C
:1044500008202F274FF0FF0C0021D2B23070C6E9A0
:10446000017CF160002B00F0ED80DFF8B09003914B
:104470000E4609F1280AA9F127080EAF0125013BD4
:104480005B1A22F00C0242EA83030CA904221E48A4
:104490008DF8333001F006FF4FF0000B8DF834003B
:1044A00002211A48A7F808B0C7E900BB01F048FF8D
:1044B0003B4628220CA9CDF800B0144801F044FF77
:1044C0003B4628220CA9CDF800B0104801F03CFF73
:1044D000F208F343A15C104803F0070305FA03F365
:1044E00021EA0301731CA154DA10DB43A15C03F041
:1044F000070305FA03F321EA030306F1020CA354B0
:104500006FEA0C0C0CE000BF687D0020647D002089
:1045100038DD03005CDD03005FDD030087DD0300A1
:104520004378C21CD908A2EB0802324417F801E014
:10453000D208DB430CF0070103F007034EFA03F344
:1045400005FA01F114F902E013F0010F49B24EEA45
:10455000010300F101000ABF2EEA0101A354A15496
:1045600048450CF1FF3CDBD106F14A0C5D486FEA8F
:104570000C0C437800F12302D908A2EB0802324464
:1045800017F801E0D208DB430CF0070103F0070342
:104590004EFA03F305FA01F114F902E013F0010FEA
:1045A00049B24EEA010300F101000ABF2EEA0101FF
:1045B000A354A15450450CF1FF3CDAD16FF02A0E00
:1045C000DDF81CC00496AEEB060E06F12A0B0020A7
:1045D0000CEBD00200EB0B0192F8AB61C908AEEB1B
:1045E0000003C24303F0070302F0070246FA02F297
:1045F00005FA03F3665612F0010F5BB246EA0302B6
:1046000000F101000ABF26EA030362546354202824
:10461000DED1079B039A049E93F8AA3101327236C9
:1046200093420392B6B20AD99DF83320039926E744
:10463000013141454FF000007FF429AE54E6079A5E
:1046400092F8A851099A063292B2032D06D8DFE8F3
:1046500005F03934310202EB420292B2224DA5FB41
:104660000210400902F12F0400EB800100EB400032
:10467000A2EB0012A5FB045401EB8101B69803EBF9
:104680005413490092B203608BB212B102321A4441
:1046900093B2079A92F8AA11722212FB0133B599CC
:1046A000DA1D0B60B49BD20800201A600DF52B7D3B
:1046B000BDE8F08F520092B2D0E702EB4202C2F3A3
:1046C0004F02CBE702EB4202520008490432A1FB41
:1046D0000212C2F38F02C1E7DDF82CA00EE6C2463B
:1046E000424604E687DD0300ABAAAAAACDCCCCCC17
:1046F00070B4524D524B8BB0064603930FCD05ACB0
:104700000FC42A6896F8A93196F8AF1122600AAA58
:1047100002EB430300294FF0060243F63611ADF8D1
:1047200010104848A6F8B22114BF0821342149F2DC
:104730008E5233F8143CB3FBF1F33C2B0290ADF8EE
:104740000420A6F8B03109D02ED9B92B68D01DD8D5
:10475000562B48D0632B46D03E2B20D1B6F8B8312B
:104760000AAA02EB931203F03F0112F81C2CA6F8E0
:10477000B421B3F5C07F4FF03802A6F8B611A6F801
:10478000B2210CD200200BB070BC7047B3F5C37FD0
:104790003AD040F29312934236D0C62B40D06FF0FD
:1047A00069000BB070BC70471C2B06D016D9232BA8
:1047B00003D02F2B01D01E2BF1D1B6F8B8310AAAA5
:1047C00002EB9311B3F5C07F03F03F0211F81C1CFC
:1047D000A6F8B411A6F8B621D4D3E0E70A2BECD0A2
:1047E000162BDCD1E9E7B6F8B8310AAA02EBD312EE
:1047F000002012F8202CA6F8B42103F07F03A6F8BD
:10480000B6310BB070BC7047B6F8B831A6F8B63107
:104810004FF484720020A6F8B4210BB070BC70472E
:10482000B6F8B8310AAA02EB1322DBB212F8242C34
:10483000A6F8B421A6F8B631A4E700BF48DD03000E
:10484000212D30334144474810B4B0F8B231B0F8AC
:10485000B621B0F8B04103F001015B0819B1B0F81E
:10486000B4114B409BB29A4282EA030107D08C42BA
:10487000F1D3A0F8B2315DF8044B084670479C4272
:1048800001D21346E7E7A0F8B231194608465DF8B1
:10489000044B7047D0F8C031002B00F08680F0B593
:1048A000B0F8B231B0F8B641B0F8B05183B003F00F
:1048B00001025B081AB1B0F8B42153409BB29C428C
:1048C00084EA030269D0AA42F1D8013A92B214B242
:1048D000B4EB550FA0F8B23190F8AF31A8BF521B1E
:1048E00005F00105A8BF14B20135002B59D11A23D8
:1048F00003FB05F54FF4D043D0ED587A9FED357AA0
:10490000D0F8C46190F8AA2167EE877A9642FCEE4F
:10491000E77A17EE907A03FB1473A3EB452504D2D4
:10492000921BD30758BF05F5807501EB410604467D
:104930002A0E280C760004230F464FEA152C8DF81A
:1049400004208DF8050006F28A310DEB03022046A3
:104950008DF807508DF806C000F044F9D8B937BB80
:104960007320054606F562718DF8010000260223CA
:104970006A4620468DF8006000F034F958B904F515
:10498000DE710EC94D1B013A0133C4F8BC51C4F8A5
:10499000C021C4F8C43103B0F0BDAB4212D92346E4
:1049A00085E7AD004FF48053A6E71846704794F8AA
:1049B000AA31BB4208D8D4F8BC01312807D885B247
:1049C000C0B2CFE71A4680E772200546CAE7322018
:1049D0000546C7E700008049014801F0ADBC00BFB3
:1049E000647D002030B5012185B00446D0F868010F
:1049F000FCF74EFD04AA042302F8013D0023D4F87D
:104A000068018421CDE900330123FBF76FFFD4F85F
:104A100068310546186803680121DB699847284614
:104A200005B030BD30B5044685B00121D0F868012D
:104A300094F84D51FCF72CFD0023D4F868011A4678
:104A4000CDE900331946FBF751FF04AA0123D4F83E
:104A5000680102F8045D8021CDE90033FBF746FFD1
:104A600005B030BD30B5044685B00D46D0F86801BC
:104A70000121FCF70DFD0023D4F868011A46CDE9A9
:104A800000331946FBF732FF04AA0123D4F868016A
:104A900002F8045D8021CDE90033FBF727FF05B064
:104AA00030BD00BF30B585B001230D0C0C0A8DF868
:104AB0000E10D0F868018DF80C50CDE9003303AA30
:104AC000032383218DF80D40FBF710FF05B030BDA7
:104AD00030B585B000220123D0F868018DF80E10A2
:104AE0000D0C01920C0A009303AA032382218DF876
:104AF0000C508DF80D40FBF7F9FE05B030BD00BF3E
:104B0000F0B585B0DDED0B7A9FED277A9DF8286032
:104B1000F8EE677A054667EE877A95F86C41FCEE09
:104B2000E77AFF2917EE900A4FEA10478DF80C70CC
:104B30004FF002078DF80E0004F10D044FEA10202B
:104B40008DF8087018BF8DF80810FF2A8DF80940FD
:104B50008DF80D0018BF8DF809200A20FF2B4FF0AB
:104B60000104ADF80A0002AA18BF8DF80A30D5F882
:104B70006801FF2E4FF00703CDE900444FF0880194
:104B800018BF8DF80B60FBF7B1FE034640B9D5F8AE
:104B900068011A46CDE90044C521FBF7A7FE03468C
:104BA000184605B0F0BD00BF6F12833D10B500245C
:104BB00084B061F3070463F30F249DF81830D0F834
:104BC000680162F3174404AA63F31F64012342F8E7
:104BD000044D9521CDE900330423FBF787FE04B093
:104BE00010BD00BF08B5D0F86801FBF7BBFC002082
:104BF00008BD00BF38B504461D46D0F8680113460D
:104C00002A46FCF73BFAD4F86801BDE83840FCF7C7
:104C10001BB800BF10B586B00124D0F868018DF82C
:104C2000153000920B46CDE9014402220E2405A95D
:104C30008DF81440FBF73CFF06B010BD10B586B0F0
:104C40000124D0F868018DF8153000920B46CDE9AB
:104C5000014402221E2405A98DF81440FBF75AFDD9
:104C600006B010BD70B51D4684B00123D0F86801B0
:104C7000BDF820408DF80910CDE900330823D94054
:104C80008DF8081022FA03F18DF80F408DF80B20F3
:104C900025FA03F68DF80A10240A19460DEB0302D3
:104CA0008DF80D508DF80C608DF80E40FBF71EFE50
:104CB00004B070BD30B5022385B001220C460D0A48
:104CC000D0F868018DF80D40CDE90022194603AAFD
:104CD0008DF80C50FBF70AFE05B030BD70B584B0FE
:104CE00001230E0E0D0C0C0A8DF80F10D0F8680180
:104CF0008DF80C60CDE9003303AA042386218DF8DA
:104D00000D508DF80E40FBF7F1FD04B070BD00BFF3
:104D100000B5012383B00A46D0F868019821CDE997
:104D200000330223FBF7E2FD03B05DF804FB00BF94
:104D300000B585B004AAFF2302F8013D0123D0F895
:104D400068011121CDE90033FCF7ECF99DF80F0063
:104D500005B05DF804FB00BF30B585B001230D46FA
:104D600004468DF80D20D0F868018DF80C50CDE97F
:104D7000003303AA02238E21FBF7B8FD08B984F89B
:104D8000985105B030BD00BF30B585B090F878417E
:104D90009DF820509CB190F86C4190ED5D6A012522
:104DA00005FA04F407EE904AF8EE677AB3EE007A5B
:104DB000C7EE866AF4EEC76AF1EE10FA18DB80F8E7
:104DC0006E51002461F3070462F30F2463F3174468
:104DD00004AA65F31F64012342F8044DD0F868016A
:104DE0008B21CDE900330423FBF780FD05B030BDF6
:104DF000002580F86E51E4E770B584B0D0F8680102
:104E0000089C8DF80B208DF80C3001220B0CCDE99D
:104E100000228DF808300A0A08238DF80A108DF850
:104E20000920260C250A0DEB03028B218DF80F407B
:104E30008DF80D608DF80E50FBF758FD04B070BD75
:104E400030B585B001238DF80F200D0C0C0A8DF8BC
:104E50000E10D0F868018DF80C50CDE9003303AA8C
:104E600004238B218DF80D40FBF740FD05B030BDCC
:104E70002DE9F04385B00C469DF834509DF8308004
:104E8000294616461F468146FEF7C2FEB0B90123E9
:104E9000D9F868018DF80940CDE90033240A0623CA
:104EA00002AA8C218DF808408DF80A808DF80B70CD
:104EB0008DF80C608DF80D50FBF718FD05B0BDE8BE
:104EC000F08300BF70B586B00C0A8DF80E20012269
:104ED0008DF81330D0F868019DF828309DF83060C7
:104EE0008DF80D10CDE900229DF82C209DF834504E
:104EF0008DF80C408DF80F309DF838408DF810205B
:104F0000092303AA8C218DF814608DF811508DF8B7
:104F10001240FBF7EBFC06B070BD00BF70B584B06B
:104F20000546BDF820408DF808108DF80A20194676
:104F3000120A01238DF809200A0AD0F868018DF8B9
:104F40000C10260A8DF80B20CDE9003302AA8C2123
:104F50008DF80E408DF80D60FBF7C8FC044638B99B
:104F6000D5F8680106230DF10902F021FBF7FAFAE2
:104F7000204604B070BD00BF00B585B001238DF898
:104F80000C108DF80D20D0F8680103AACDE900338C
:104F90008F210223FBF7AAFC05B05DF804FB00BFDC
:104FA00000B585B004AA012302F8041DD0F86801F9
:104FB0009621CDE90033FBF799FC05B05DF804FBC1
:104FC00010B5012384B0002403AAD0F86801ADF81D
:104FD0000C40CDE90033142103238DF80E40FCF77B
:104FE000A1F89DF80D309DF80C209DF80E001B02D5
:104FF00043EA0243184304B010BD00BF00B585B0BA
:1050000004AA002322F8043D0123D0F868011721E7
:10501000CDE900330223FCF785F89DF80C009DF8DC
:105020000D3043EA002005B05DF804FB00B585B003
:1050300004AA002322F8043D0123D0F868010721C7
:10504000CDE900330223FBF751FC05B05DF804FB0A
:105050002DE9F041D0F868311C680F46596A236881
:1050600005469A6D5E6920469047D5F868311B6801
:1050700001463A462046B4465B69BDE8F0416047C8
:1050800070B5D0F868311C68596A236820469A6D5B
:105090009D6990472B4601462046BDE87040184761
:1050A00030B583B00D460446FFF742FE012814D107
:1050B0006B1F072B0ED894F86E0194F86D3194F89D
:1050C0005C2184F86C51294600902046FFF75CFE75
:1050D00003B030BD6FF00800FAE76FF01300F7E798
:1050E00010B52DED028B82B0B0EE408A0446FFF77A
:1050F0001FFE80BBB5EEC08AF1EE10FA25D4DFEDBD
:10510000177AB4EEE78AF1EE10FA21D4DFED147AC3
:10511000B4EEE78AF1EE10FA1ADC9FED120A28EEDF
:10512000008AFCEEC87A17EE900AC4F8800194F861
:10513000853194F88621D4F87C1100902046FFF741
:105140005BFE02B0BDEC028B10BD40F27520ECE7B7
:105150006FF06500F5E76FF01300F2E79A99193FD9
:10516000000048436F1283442DE9F04102680F4D5F
:10517000D2F8DC40AC4215D1D0F868311D680E463B
:10518000596A2B6804469A6D5F6928469047D4F89F
:1051900068311B68014632462846BC465B69BDE85B
:1051A000F04160472346BDE8F041184751500300E5
:1051B00002680B49D2F8E0208A420FD170B5D0F8CE
:1051C00068311C68596A236820469A6D9D6990472A
:1051D0002B4601462046BDE870401847104700BFE7
:1051E0008150030030B52DED028B85B0B0EE408AC2
:1051F0000446FFF79DFD012868D1B5EEC08AF1EEA7
:1052000010FA49D4DFED337AB4EEE78AF1EE10FA02
:1052100042DCDFED317AB6EE007AE8EE077AFCEE9A
:10522000E77ACDED037A9DF80C300F2B3AD00AD9EE
:105230003E2B43D022D97D2B38D0FA2B2CD10620FF
:1052400084F85C0109E0052B34D01FD9072BF7D077
:105250000A2B21D1092084F85C0194F86E5194F84E
:105260006D3194F86C1184ED5D8A024600952046FC
:10527000FFF78AFD05B0BDEC028B30BD142B21D0A9
:105280001F2B09D1032084F85C01E6E7032B03D12F
:10529000002084F85C01E0E76FF0070005B0BDEC8A
:1052A000028B30BD022084F85C01D6E7052084F82B
:1052B0005C01D2E7082084F85C01CEE7042084F882
:1052C0005C01CAE70A2084F85C01C6E76FF01300AE
:1052D000D0E700BF0000FF430AD7233C70B582B07F
:1052E0000D4616460446FFF723FD012828D1281F46
:1052F000C3B2042B21D86EB984F86D3194F86E01D5
:1053000094F85C2194F86C1100902046FFF73CFD66
:1053100002B070BD042810D8DFE800F00B07070FBB
:105320000300072384F86D31E8E784F86D512B46BC
:10533000E4E7002384F86D31E0E76FF00900E7E768
:105340006FF01300E4E700BF2DE9F04182B00E4694
:1053500017468046FFF7ECFC012815D126F00F0513
:1053600007F00F0445EA171544EA061440460223E5
:1053700001AA4FF4E8618DF804508DF80540FFF75D
:1053800031FC02B0BDE8F0816FF01300F9E700BF17
:10539000B5EEC00AF1EE10FA1BD4DFED0F7AB4EED1
:1053A000E70AF1EE10FA14DC00B5DFED0C7A20EE1E
:1053B000270A83B0FCEEC07A02AA17EE901A0123E6
:1053C00002F8011D40F6E701FFF70CFC03B05DF8A1
:1053D00004FB6FF01000704700000C43CDCCCC3EB6
:1053E000F0B587B00D460446FFF7A2FC012833D084
:1053F000002843D194F88801ABB28342A8BF03468A
:10540000A9B21F2BA4F88C1116DD072294F88A513B
:1054100084F8842194F8873194F88971ADB994F8AF
:105420009CC100900026CDE9035C029720460196BE
:10543000FFF748FD07B0F0BD172BDAB208DC0F2AE2
:1054400008D8002A18BF0422E0E74FF0FF0CE8E775
:105450000622DBE70522D9E794F8A01194F8700141
:1054600094F89C3194F86F210191A9B2A4F87211BB
:1054700000902046FFF7FCFC07B0F0BD4FF0FF3076
:10548000D8E700BF10B52DED028B82B0B0EE408A98
:105490000446FFF74DFC90B3032822D002284FD1D9
:1054A000DFED297AB4EEE78AF1EE10FA45D4DFEDAC
:1054B000277AB4EEE78AF1EE10FA3EDC9FED247A0B
:1054C000C7EE087A16222046FCEEE77A17EE901A0D
:1054D000C4ED5F7AFFF7B4FC38B302B0BDEC028BC9
:1054E00010BDDFED1C7AB4EEE78AF1EE10FA24D499
:1054F000DFED197AB4EEE78AF1EE10FA1DDC9FEDCC
:10550000147AD4F8800194F8853194F88621C7EE96
:10551000087AFCEEE77AC4ED5F7A17EE901A0090F5
:105520002046FFF769FC0028D7D1204602B0BDEC29
:10553000028BBDE81040FEF78DBB6FF06400CCE736
:105540006FF01300C9E700BFCDCCCC3D9A99193F4D
:1055500000007A4923DBF93E355EFA3E70B52DED49
:10556000028B88B003AC84E80E0003689DED048ACA
:10557000D3F8CC309DF838600DF11F0105469847EF
:10558000044658B9032E9DF81F3015D0B34212D0EF
:105590002B6828461B69984728B10446204608B066
:1055A000BDEC028B70BD2B683146D3F8C83028465D
:1055B00098470028F1D13346002B5AD0012B14D044
:1055C000022BEBD14FF4807300939DF80D209DF8D2
:1055D0000C1003232846FEF717FA04460028DDD1F5
:1055E0009DF80E3085F8AF31D8E72B684B4AD3F8D9
:1055F000E8309DF80C40934279D12846FFF798FB9C
:1056000001287FD1631F072B00F2828095F86E017D
:1056100085F86C4195F86D3195F85C210090214634
:105620002846FFF7B1FB0446002CB7D12B68B0EE3B
:10563000480AD3F8E4302846984704460028ADD1FC
:1056400028469DF81440FFF773FB01285AD1231F09
:10565000DBB2042B5FD895F86E0195F85C2195F8C4
:105660006C1185F86D3100902846FFF78DFB0446DC
:1056700094E72B689DED030A1B6C28469847044667
:1056800000288BD12B68264A5B6C934234D1284684
:10569000FFF74EFBB0BBB5EEC08AF1EE10FA23D493
:1056A000DFED207AB4EEE78AF1EE10FA2DD4DFEDCB
:1056B0001E7AB4EEE78AF1EE10FA26DCDFED1B7AF3
:1056C00028EE278AFCEEC87A17EE900AC5F880010A
:1056D00095F8853195F88621D5F87C1100902846FB
:1056E000FFF78AFB044659E740F27520EEE72146B2
:1056F00028469847044697E7B0EE480A2846984758
:1057000004464BE76FF0130448E76FF0650445E784
:105710006FF0080442E76FF009043FE7A15003006F
:10572000E15003009A99193F000048436F128344E7
:1057300000B52DED028B85B00DF1100C0CE90E00BB
:105740009DF820309DED028A032B2DD04FF0FF30C5
:105750001BBBDDED017A9FED2F7AF4EEC77AF1EEF7
:1057600010FA4BD4DFED2C6AF4EEE67AF1EE10FA83
:1057700044DCB4EEC78AF1EE10FA42D4DFED277AAA
:10578000B4EEE78AF1EE10FACCBF6FF065000020AE
:1057900005B0BDEC028B5DF804FB012B10D005B009
:1057A000BDEC028B5DF804FB036808A9D3F8CC308C
:1057B00098470028F3D19DF82030002BEDD1C8E7A1
:1057C0009DF80430053B072B21D8B5EEC08AF1EED9
:1057D00010FA19D4DFED127AB4EEE78AF1EE10FA7E
:1057E00012DC9DF80C30043B042B94BF00206FF0BA
:1057F000090005B0BDEC028B5DF804FB6FF064009E
:10580000CDE76FF06500CAE76FF00700C7E76FF0FC
:105810000800C4E79A99193F0000964300004843E6
:105820000000FF43F0B52DED028B93B0B0EE408A3F
:105830000746FFF77DFA002848D1274C05460FCCD4
:1058400002AE0FC694E8030046F8040B383C3170F2
:105850000FCC08AE0FC60FCCB2EE040A28EE008AB9
:105860000FC6BCEEC88A94E8030018EE103A86E82A
:1058700003009BB2284608AA32F8021B8B421ED3B3
:1058800001301428F8D107EE903A9FED147AF8EE23
:10589000E77AF4EEC77AF1EE10FA1AD8092387F8FE
:1058A0008531D7F8800197F88621D7F87C110090D0
:1058B0003846FFF7A1FA13B0BDEC028BF0BD12AB76
:1058C000184410F8403C87F88531EAE76FF0130080
:1058D000F1E76FF06700EEE7D8DD030000F09145D7
:1058E00030B583B00C460546FFF722FA08B103280D
:1058F00026D1042C27D8DFE804F013171B1F030060
:105900000B2485F88641D5F8802195F88531D5F8A6
:105910007C11009228462246FFF76EFA03B030BD94
:10592000002385F88631EEE7082485F88641EAE70A
:10593000092485F88641E6E70A2485F88641E2E7EE
:105940006FF01300EAE76FF06900E7E7F0B589B0A0
:105950000E4614460546FFF7EBF970BB082C32D80B
:10596000E4B2324623464FF4D8612846FFF73AF9AD
:1059700058BBB5F88C11E400E4B2A1420B46A8BFB5
:1059800023461F2B85F888413DDD072295F88A01C3
:1059900085F8842195F8873195F88971002842D1DE
:1059A00095F89CC102970026CDE9030C0094284687
:1059B0000196FFF787FA09B0F0BD012807D0032848
:1059C0002DD1042C28D06FF0680009B0F0BD012C57
:1059D000F9D828463478FFF7ABF901281FD124F015
:1059E0000F032401284644F0040443F0040507AAE9
:1059F00002234FF4E8618DF81C508DF81D40FFF72D
:105A0000F1F809B0F0BD172BDAB20FDC0F2A0FD86E
:105A1000002A18BF0422B9E73368C5F8AB316FF02C
:105A2000130009B0F0BD4FF0FF0CBBE70622ADE755
:105A30000522ABE72DE9F04188B00D4616461F461A
:105A400004469DF83880FFF773F900283FD1012DF7
:105A500059D062D3022D51D1B8F1000F61D0062088
:105A600084F8870194F88A31B4F88C1194F8842171
:105A700094F888C194F889E1002B4BD194F89C816B
:105A8000CDF808E00025CDE90338CDF800C0034685
:105A900001952046FFF716FA68BB350A07AA0223CC
:105AA00040F2BC6120468DF81D608DF81C50FFF758
:105AB00099F800BB07AA204602233C0A40F2BE61C7
:105AC0008DF81D708DF81C40FFF78CF813E001284D
:105AD0002BD194F8A02194F8700194F89C31B4F87B
:105AE000721101922A1C18BF012284F86F210090C4
:105AF0002046FFF7BDF908B0BDE8F0816FF42F70C4
:105B000008B0BDE8F081B8F1000FA9D0042084F8F6
:105B10008701A7E74FF0FF08B2E7012084F887016B
:105B2000A0E784F8875128469CE74FF0FF30E2E772
:105B3000F0B587B00D460446FFF7FAF8C8B994F8F7
:105B400089C194F8887194F8873194F88421B4F865
:105B50008C11019001260495CDE902C600972046DC
:105B6000FFF7B0F918B984F88A61C4F89C5107B0FE
:105B7000F0BD6FF01300FAE710B582B00446FFF7EE
:105B8000D7F8012814D194F8A03194F86F21B4F813
:105B900072110193002300932046FF23FFF768F959
:105BA00020B9FF2384F87001C4F89C3102B010BD05
:105BB0006FF01300FAE700BF0021FFF7F1B900BF53
:105BC0000121FFF7EDB900BFF0B589B00D460446DD
:105BD000FFF7AEF8002855D1DDB994F88A0184F8B2
:105BE0008951B4F88C1194F8842194F8873194F891
:105BF000886160B994F89C7100960025CDE903078F
:105C0000CDE901552046FFF75DF909B0F0BDFF274A
:105C1000F2E7012384F8893107AA4FF4D7612046BF
:105C2000FEF7E8FF0028F0D19DF81C5025F0010593
:105C300045F00105FF2607AA02234FF4D76120464D
:105C40008DF81C508DF81D60FEF7CCFF0028DCD1CC
:105C500094F88A01B4F88C1194F8842194F887316F
:105C600094F8887194F889C108B994F89C61CDF8CA
:105C700008C00025CDE90306009720460195FFF7EF
:105C800021F9C2E76FF01300BFE700BFD0F8680149
:105C9000FBF7C4BB10B50446FFF74AF801280ABF5A
:105CA00084F878016FF01300002010BD30B583B088
:105CB0000D460446FFF73CF8012810D194F8700116
:105CC00094F89C3194F86F21B4F8721184F8A051C3
:105CD000CDE900052046FFF7CBF803B030BD6FF0EB
:105CE0001300FAE730B52DED028B036885B01B6910
:105CF0000446B0EE408A0D4698472046FFF77EF9ED
:105D0000830654D49FED587AF0EEC87AF4EEC77A41
:105D1000F1EE10FA4FD9DFED557A78EE677AF0EEB2
:105D2000E77AF4EEC77AF1EE10FA26D800238DF860
:105D30000C3007EE905A9FED4E7AC4F89451F8EE6D
:105D4000677A012367EE877AD4F86801FCEEE77A78
:105D5000CDE9003317EE901A04230D0C0C0A8DF8D0
:105D60000F1003AA97218DF80D508DF80E40FAF709
:105D7000BDFD05B0BDEC028B30BDDFED3E7A78EEA7
:105D8000677AF0EEE77AF4EEC77AF1EE10FA1AD9F4
:105D9000DFED397A78EE677AF0EEE77AF4EEC77ADB
:105DA000F1EE10FA13D802238DF80C30C1E720462B
:105DB000FFF73CF9A6E720460121FDF74BFE05B0B1
:105DC000BDEC028B30BD01238DF80C30B1E7DFED67
:105DD0002B7A78EE677AF0EEE77AF4EEC77AF1EE96
:105DE00010FA0ED9DFED267A78EE677AF0EEE77AD0
:105DF000F4EEC77AF1EE10FA07D804238DF80C30D0
:105E000097E703238DF80C3093E7DFED1E7A78EEE9
:105E1000677AF0EEE77AF4EEC77AF1EE10FA03D87B
:105E200005238DF80C3084E7F0EE087A78EE677A77
:105E3000F0EEE77AF4EEC77AF1EE10FA03D8062313
:105E40008DF80C3075E7DFED107A78EE677AF0EEBA
:105E5000E77AF4EEC77AF1EE10FA03D807238DF84B
:105E60000C3066E7094884E76F12833ACDCCCC3F0B
:105E70006F12833D9A99D93F6666E63FCDCC0C40C0
:105E80009A991940CDCC2C403333534041FDFFFF4C
:105E900010B584B0D0F8684180F8991104AA0123A4
:105EA00002F8011D2046CDE900339D21FAF71EFDC1
:105EB00004B010BD2DE9F04784B004AC002504F80F
:105EC000015D8946164698462246012340F6E701C1
:105ED00005469DF83070FEF78DFE10B104B0BDE8A8
:105EE000F0874FF0010A43463A463146CDF800A00C
:105EF0002846FEF75BFE0028F0D15FFA89F1042204
:105F00002846FEF729FF0028E8D1534622462846B6
:105F100040F6E701FEF766FEE0E700BFDFED057A39
:105F200080ED580A20EE270AFCEEC07A17EE901A90
:105F3000FEF7D4BE000080492DE9F041037B84B018
:105F400006460C4623B100221146FFF715F800BBA8
:105F500004AFD6F8680107F8084D01243A46CDE9A8
:105F6000004423468A21FAF7C1FC90B996F84D31D6
:105F7000D6F868010194002B14BF30252025234654
:105F800000943A4693218DF80850FAF7AFFC034687
:105F900010B104B0BDE8F08196F86C21D6F8680124
:105FA000ADF80C300D3203218DF80E308DF809203C
:105FB0008DF80810CDE900440A2507233A468821C8
:105FC000ADF80A50FAF792FC80460028E1D1336818
:105FD00044F2FF31D3F8EC3030469847CDF80080DA
:105FE00005464346424641463046FEF73BFE2843BF
:105FF00000B20028CDD1D6F868112346CDE9004083
:106000003A4608467F2489218DF80840FAF76EFC4D
:106010000028BED1D6F86831186803680521DB690D
:10602000984705E0D6F86831186803685B6D9847B3
:10603000D6F868311868D96A03681B699847002840
:10604000F0D1D6F86801FAF7FFFDA2E76FF018006B
:10605000704700BF6FF01800704700BF6FF0180066
:10606000704700BF6FF01800704700BF6FF0180056
:10607000704700BF6FF01800704700BF6FF0180046
:10608000704700BF6FF01800704700BF6FF0180036
:10609000704700BF6FF01800704700BF84B004A8BD
:1060A00000E90E006FF0180004B070470020704740
:1060B000BBEE090A704700BF82B08DE80C000020DB
:1060C00002B07047002070476FF01800704700BFA3
:1060D0006FF01800704700BF00207047704700BF86
:1060E000704700BF704700BF6FF01800704700BFD7
:1060F0000368044A5B69934202D16FF0180070474D
:10610000002118476560030030B585B0056801922D
:106110000022CDE90222D5F8D0500C4A00919542D8
:106120008DF8083003D16FF0180005B030BD6A4615
:1061300003210446A8470028F7D12368044AD3F86E
:10614000D4309342EFD020469847EEE7E960030051
:106150005D60030070B505680E4ED5F8D05084B070
:10616000B5420192089A0091CDE9023203D16FF055
:10617000180004B070BD6A4602210446A8470028F2
:10618000F7D12368044AD3F8D4309342EFD02046A5
:106190009847EEE7E96003005D60030070B5114BBE
:1061A00003600446012600210D46067328221030A4
:1061B00005F07CF8A563294604F13C004FF4807299
:1061C00005F074F84FF07E53C4F83C51C4F84051C8
:1061D00084F84451C4F8485184F84C51A660636077
:1061E000204670BDFCDD0300002370B41E4601256F
:1061F00005FA03F20A4200EB830403F1010303D022
:1062000022691F2A18BF1643202BF1D1304670BCDB
:10621000704700BF38B590F84C316BB9D0F83C519D
:10622000D0F84821D0F8404141EA45010A40A24255
:10623000C0F83C112BD038BD90F83A5090F8393066
:10624000054401249C4095F93C2064B2D1B922EA6E
:106250000402D2B285F83C20591CC9B2082980F842
:106260003910E8D10446104600F002F994F83A30AB
:10627000E1180022013381F83C0084F83A3084F8B8
:10628000392038BD2243D2B285F83C20E4E7012210
:1062900080F83A3080F83B3080F8393080F84C2173
:1062A00038BD00BF2DE9F8435FEAC209064684689D
:1062B00020D0002588462F460FE031784B1E24FA67
:1062C00003F313F0010F18BF736805F101054FEADE
:1062D000440418BF5C404D450DD06B07EDD1337CB5
:1062E00018F807000137B3B93178A1F108039840D5
:1062F0004440E3E70178F068737C604013B100F03C
:10630000B7F831784FF0FF33C1F1200123FA01F1E2
:106310000840BDE8F883082100F0AAF8E4E700BFD0
:10632000044B002208211970C3E90122DA601A74B3
:106330005A747047687D00200022027042707047D6
:106340000023417003707047002900F08980002B02
:1063500000F086802DE9F04F83B0002A7ED04FF008
:10636000000B90F801A0D946D846CDE900210AE0FB
:10637000072C057050D0009A08F10108D14442451D
:106380001FFA89F950D04FEAD805019A0678575D6F
:106390003549364A6FEA080404F007042741BAF188
:1063A000020F08BF964607F001074FEA960518BF8F
:1063B0008E46C7F1010C5EF825504FEA8C0C6FEA4F
:1063C000060E5FFA8CFC0EF0030E0CEBCE0C25FAD9
:1063D0000CF54FF0020204FB0AFC05F00F0404FA6E
:1063E0000CF412FB06764BEA040B06F03F0508F0AE
:1063F0000704BDD106F00F06072C0670BBD11C4662
:106400004FEA1B2504F8025B83F801B090F801A065
:1064100023464FF0000BAEE7BAF1030FEFD14FEA7E
:106420001B441C700133EAE752070BD0BAF1030F8B
:1064300003D14FEA1B421A7001334FEA1B2283F843
:1064400001B01A700C9B2BB10020C3F8009003B070
:10645000BDE8F08F184603B0BDE8F08F9146F1E734
:106460004FF0FF30704700BFE8DE0300D8DE0300C6
:1064700099B10022F0B405464F1E1046012606FAD7
:1064800002F32B40BC1AD3400132A340D4B2A14244
:1064900040EA0300F3D8F0BC70470846704700BFDD
:1064A000704700BF704700BF704700BF0846704785
:1064B000704700BFF0B4094C094F2568049EC360C3
:1064C000C0E901120599069A076000230661C0E938
:1064D0000512C36105B92060F0BC70477C7D0020C7
:1064E00030DF030008B501210E2003F04DFE01212D
:1064F0000E2003F0CDFE02211220BDE8084003F07B
:1065000043BE00BF2DE9F84380460F46051D00F14C
:106510000709002615F8011B0A22384600F038F852
:106520002E210446384600F02FF84D4520440644FD
:10653000F0D198F8071038460A2200F029F83044C4
:10654000BDE8F883024A026000224260704700BF43
:1065500058E0030010B4002461F3070462F30F2431
:106560009DF80410044A63F3174461F31F64C0E903
:1065700000245DF8044B704758E00300014AC0E96D
:106580000021704758E0030003681B68184700BFEC
:10659000F0B506688BB01AB9336898470BB0F0BDF8
:1065A0000AAF0B46D2B20021022A07F8041D0546A5
:1065B0002CBF14460A241846B0FBF4F204FB120167
:1065C000CBB2092903F130018ABF3733CBB2DBB23A
:1065D000104607F8013D002AEED1384605F0A0FB31
:1065E000736802463946284698470BB0F0BD00BF95
:1065F0000EB430B5C2B045A9054651F8042B01913F
:106600000B4602A84FF4807105F0DCFB2B680446B2
:1066100002A95B68284622469847204642B0BDE85A
:10662000304003B0704700BF114B124A1968BFF3E6
:106630005B8F4968BFF35B8F914200D070470E4A71
:10664000D2F80015C9070FD530B40C4C0125002035
:106650004FF0FF312560C2F8000530BCC2F860156C
:106660001868044903F0ACBE1868024903F0A8BEDC
:10667000807D0020546F6E6500200240042002409F
:106680002F2901D90020704770B5434E3368BFF3FE
:106690005B8F0C465B684149BFF35B8F8B4288B0D0
:1066A000054606D0306803F045FE10B9002008B05A
:1066B00070BD3268394BBFF35B8F5268BFF35B8F9D
:1066C0009A4259D0364A374B52F82420698AEC7DD9
:1066D000C3F860254FF0FF32C3F864250120C3F8EA
:1066E0006825C3F86C250722C3F80005C3F80C25FC
:1066F0000022C3F80425C3F8081505F11401C3F8F6
:106700001025C3F80042C3F80023C3F82015C3F8CE
:106710004015C3F82405C3F84405A968C3F8281533
:106720002149EE682C8AC3F84865C3F82C25C3F8C4
:106730004C25C3F814450A600B680193019B4A601D
:1067400004311A4B0968029102991A601968039181
:1067500003995A605968049104999A60996805915F
:106760000599DA60D968069106991A6110331B6899
:106770000793079B08B070BD0A4BD3F80025D207DA
:10678000A0D50B4A0120106000214FF0FF32C3F862
:106790000015C3F8602595E7807D0020546F6E6575
:1067A00090DF030000200240042102400C2102403F
:1067B000042002402DE9F843A1F1140446F2941399
:1067C0009C4215D8144606460D469AB94FF000086B
:1067D0004FF00009634C64492368BFF35B8F5B682B
:1067E000BFF35B8F8B421CD0206803F0A3FDC0B9C0
:1067F000BDE8F883B2F57A7F09D202FB01F3B3F565
:106800007A7F04D24FF001084FF00009E2E74FF41D
:106810007A720023A4FB050104F036FB804689460A
:10682000D8E72268504BBFF35B8F5268BFF35B8F92
:106830009A42DDD14D4BD3F80025D20709D54C4AF9
:106840000120106000214FF0FF32C3F80015C3F89B
:10685000602558EA09034749B1FBF5F189B230D107
:10686000454F464B7982C7E900896FF07F486FF04A
:106870007F4943EA5103C7E902894FF6FF70BB82A3
:10688000082204233882BA75FB7531463A48FFF76F
:10689000F7FE0028ACD023683349BFF35B8F5B68F9
:1068A000BFF35B8F8B4204D0206803F043FD0028C8
:1068B0009ED0BB7D03F1804303F5083301221A60AB
:1068C00096E742464B4600205B084FEA320252EA06
:1068D000030500F10100F7D1252889DC2748264F60
:1068E000B9F1000F40EA510008BFB8F1010FB882BA
:1068F000C7E9008979822CD04046494600234908DF
:106900004FEA300050EA010203F10103F7D11C4ABB
:106910005B00A2FB03235B0801259D4018F1FF30BB
:1069200049F1FF312A46002304F0AEFA72B96A0831
:106930004FF00C0C6B1E9B1A0130013A1021FB60CA
:106940003882BA6087F816C0F9759EE74FF0080CD8
:10695000F0E7C7E9022301210C2210233982BA751E
:10696000FB7592E7807D0020546F6E650020024029
:106970000420024048E80100887D00200080FFFFDD
:10698000ABAAAAAA024A034B92681A60704700BFDA
:10699000F4610020807D00202DE9F0477C4F3D68A8
:1069A00006460C46904675B12F2E09D828F4807300
:1069B000032BC8F3002224D0042B59D0022B3BD048
:1069C0000020BDE8F08729462022724804F06EFCC2
:1069D000714A7249724B0D604FF0FF30C2E90000FE
:1069E00040224D60C3F88020BFF34F8FBFF36F8FFD
:1069F0006021C3F8802183F806131A6001233B60ED
:106A0000D2E74FF40037674B634853F8265090F9AC
:106A100000102B0203F47C5343F001038D4243EA40
:106A200007030CD090F90160B54224D090F90270B0
:106A3000BD4222D1022603E04FF44037E3E70026AF
:106A4000B10001F1804101F5C0418555D1F8100533
:106A5000504F524D47F8264020F0031020F47C5050
:106A600003430120AA55C1F81035B040BDE8F087B6
:106A70004FF48037C7E70126E2E790F903C0654588
:106A800049D090F904E075455BD090F90580454503
:106A90006DD090F906904D4577D090F907A0AA45A2
:106AA00001D10726CCE7013123D13F49D1F8101598
:106AB00089071ED10026B10001F1804101F5C041D6
:106AC0008555D1F81005334F344D47F8264020F056
:106AD000031020F47C500343C1F810350023C1F8A3
:106AE00000310120304BAA55B040C3F80403BDE883
:106AF000F087013606D12C49D1F81415890701D148
:106B00000126D8E7013708D12749D1F818158F0792
:106B100003D10226CFE7032692E7BCF1FF3F06D15F
:106B20002149D1F81C158E0701D10326C3E7BEF118
:106B3000FF3F08D11C49D1F82015890703D104264D
:106B4000B9E704267CE7B8F1FF3F06D11649D1F832
:106B500024158F0701D10526ADE7B9F1FF3F08D114
:106B60001149D1F828158E0703D10626A3E705267B
:106B700066E7BAF1FF3F7FF423AF0B49D1F82C153C
:106B800089077FF41DAF072695E7062658E700BF63
:106B9000D07D0020A87D0020C87D0020A07D0020A1
:106BA00000E100E090DF0300006000402F2825D8BE
:106BB000264A274B52F8202093F900108A4238D0F9
:106BC00093F901108A4236D093F902108A4234D0E8
:106BD00093F903108A4232D093F904108A4230D0DC
:106BE00093F905108A422ED093F906108A4206D0F6
:106BF00093F90710914208BF072101D07047062181
:106C000070B40120134E144C144D8840C6F808038C
:106C10008A00002002F1804244F82100FF2402F59E
:106C2000C0425C546854C2F8100570BCC2F8000140
:106C300070470021E4E70121E2E70221E0E70321B8
:106C4000DEE70421DCE70521DAE700BF90DF03007F
:106C5000C87D002000600040A87D0020A07D0020AD
:106C60002DE9F0431B4B1C4FD3F80463DFF86C8015
:106C7000DFF86C9085B000240123A200A34002F14C
:106C80008045334205F5C0450FD0D5F8003163B1DA
:106C9000E357013306D052F808201AB114F809302E
:106CA0007BB990470023C5F800310134082CE3D1AB
:106CB000BFF34F8F00BF00BF00BF00BF05B0BDE8EE
:106CC000F08304AB002143F8041D0846009103F053
:106CD00085F9E7E700600040C87D0020A87D00201E
:106CE000A07D0020F8B500250446C0E90055856068
:106CF00091B108460E4605F013F80746411C284698
:106D000000F028F950B1A368C4E9000703B9037083
:106D1000A760314604F0FCFF2046F8BD206808B1AA
:106D200000F002F900232360C4E901332046F8BDD6
:106D300070B504468C424FF00000C4E90000A0602A
:106D400001D00D680DB9204670BD8E68711C00F031
:106D500001F950B1A368C4E9000603B90370A66045
:106D6000294604F0D5FF204670BD206808B100F028
:106D7000DBF800232360C4E90133204670BD00BF67
:106D800010B50446006800F0CFF8204610BD00BFE3
:106D9000884270B5044609D00D68006845B908B14D
:106DA00000F0C2F80023C4E901332360204670BD1F
:106DB0008E6810B163689E4209D9711C00F0CAF850
:106DC00058B1A368C4E900060BB903702068A66037
:106DD000294604F09DFF204670BD20680028DFD1C1
:106DE000E0E700BFF8B50446056849B915B1284683
:106DF00000F09AF800232360C4E901332046F8BD6F
:106E000008460E4604F08CFF074615B163689842A9
:106E10000BD92846791C00F09DF8054660B1A3689F
:106E2000C4E900070BB903702568A76031462846FE
:106E300004F06EFF2046F8BD20680028DAD000F08C
:106E400073F8D7E770B5044631B108460D4604F033
:106E500067FF58B9204670BD206808B100F064F89B
:106E600000232360C4E90133204670BDA268236873
:106E7000861813B161688E420DD91846711C00F056
:106E800069F803460028E7D0A268C4E9000612B9F1
:106E900002702368A2682946981804F039FFA6609A
:106EA000D8E700BFFEE700BF08B501F04BFA4FF48A
:106EB0007A72A0FB0223900A40EA835008BD00BF0B
:106EC000014638B54FF47A7200238002890D03F031
:106ED000DBFF054601F036FA0446EFF7F9F901F059
:106EE00031FA001B854200D838BD281ABDE8384069
:106EF00001F04CBB10B5044601F0A2FD022804D0FD
:106F00002046BDE8104004F08BB901F013FA20468A
:106F100004F086F9044601F0B3FA0CB1204610BD26
:106F200002F094FFFAE700BF10B5044601F088FDB7
:106F300002280AD144B101F0FDF9204604F078F9A5
:106F4000BDE8104001F09CBA10BD2046BDE81040DD
:106F500004F06EB938B504460D4601F071FD022803
:106F600005D029462046BDE8384004F0B9BE01F0FE
:106F7000E1F92046294604F0B3FE044601F080FA08
:106F80000CB1204638BD02F061FFFAE710B50446A7
:106F900001F0D0F9204604F043F9044601F070FAFC
:106FA0000CB1204610BD02F051FF204610BD00BFBD
:106FB00050B110B5044601F0BDF9204604F038F98F
:106FC000BDE8104001F05CBA704700BF38B51C4600
:106FD0009DF8105043B3002908BF1A460123C4E9A5
:106FE0000F01226084F8463001F0F4FFD4E90F135A
:106FF0002268A26001FB03F1CB1A134400200A446B
:10700000FF21A063E36084F84410626084F84510B7
:1070100004F1100003F03AFA04F1240003F036FA08
:1070200001F0E2FF84F84C50204638BDF8B5074621
:1070300015460E4669B100FB01F05030FFF7A6FF80
:10704000044690B3002200F1500380F8462003600C
:1070500007E05020FFF79AFF044630B384F84660FB
:107060002460C4E90F7601F0B5FFD4E90F1322685C
:10707000A26001FB03F1CB1A134400200A44FF2154
:10708000A063E36084F84410626084F8451004F162
:10709000100003F0FBF904F1240003F0F7F901F00C
:1070A000A3FF84F84C502046F8BD00242046F8BDCC
:1070B0002DE9F04F044685B01D460192884601F047
:1070C00089FFA26BE36BA84F4FF000099A424E462E
:1070D000C0F08B80022D00F006810198002800F09E
:1070E0003081B9F1000F00F0958001F07DFF01F0D3
:1070F00021F901F06FFF94F84430FF2B08BF84F8AA
:10710000446094F84530FF2B08BF84F8456001F0D7
:107110006BFF01A902A801F03BFC002840F0188198
:1071200001F058FFA26BE36B9A4277D001F05CFF4D
:1071300001F050FF94F845304FFA83FABAF1000F8E
:107140001ADD636AC3B104F1240907E00AF1FF33D1
:10715000DBB24FFA83FA7BB1636A6BB1484601F048
:10716000BDFB0028F2D001F04BFC0AF1FF33DBB28B
:107170004FFA83FA002BEFD1FF2384F8453001F05A
:1071800033FF01F027FF94F844304FFA83FABAF145
:10719000000F1ADD2369C3B104F1100907E00AF1F9
:1071A000FF33DBB24FFA83FA7BB123696BB14846F8
:1071B00001F094FB0028F2D001F022FC0AF1FF3329
:1071C000DBB24FFA83FA002BEFD1FF2384F844306F
:1071D00001F00AFF01F054F901F0FCFEA26BE36B31
:1071E0009A424FF00109BFF475AF226CA66B002ADA
:1071F00040F0FC8025680136002D00F01881A66360
:10720000636A002B40F08C8001F0EEFE012005B097
:10721000BDE8F08F02A801F0AFFB66E704F11009AA
:1072200001F0E2FE4846019901F0DCFA01F0D2FEDD
:1072300094F845A04FFA8AFABAF1000F1CDD636A90
:10724000D3B104F1240B08E00AF1FF3A5FFA8AF3A4
:107250004FFA83FA83B1636A73B1584601F03EFB7B
:107260000028F1D00AF1FF3A01F0CAFB5FFA8AF375
:107270004FFA83FA002BEED1FF2384F8453001F05A
:10728000B3FE01F0A7FE94F844304FFA83FABAF146
:10729000000F06DC15E00AF1FF33DBB24FFA83FA88
:1072A0007BB123696BB1484601F018FB0028F2D08E
:1072B00001F0A6FB0AF1FF33DBB24FFA83FA002B91
:1072C000EFD1FF2384F8443001F08EFE01F0D8F8AE
:1072D000002881D14FF080537B6040BFBFF34F8FB8
:1072E000BFF36F8F78E7226CA66B002A82D04146ED
:1072F000E06803F0B7FF236CE26821685B421A4440
:107300008A42E26080F0898062681344E360022D63
:1073100000F083800136A663636A002B3FF474AFEC
:1073200004F1240001F0DAFA00283FF46DAF0E4BAF
:107330004FF080525A6040BFBFF34F8FBFF36F8F43
:1073400062E7009001F050FE009805B0BDE8F08FB4
:1073500001F040FE94F845506DB2002D18DD636ACF
:10736000B3B104F1240607E000ED00E0013DEBB20B
:107370005DB26BB1636A5BB1304601F0AFFA0028D1
:10738000F4D0013D01F03CFBEBB25DB2002BF1D13A
:10739000FF2384F8453001F027FE01F01BFE94F82E
:1073A00044506DB2002D16DD2369A3B104F110061F
:1073B00005E0013DEBB25DB26BB123695BB13046D4
:1073C00001F08CFA0028F4D0013D01F019FBEBB27A
:1073D0005DB2002BF1D1FF2384F8443001F004FEAC
:1073E00001F04EF8002005B0BDE8F08F41465DBBCE
:1073F000A06803F037FFA368216C62680B449342D6
:1074000006F10106A360FFF4FAAEA663636A226880
:10741000A260002B3FF4F8AE82E7002E7FF4EFAEBF
:107420000123A363636A002B3FF4EEAE78E7606844
:1074300001F058FBA663636A6560002B7FF470AFB0
:1074400000287FF474AFDFE6E06803F00BFF236CE5
:10745000E26821685B421A448A42E260BFF457AF97
:1074600052E700BFF8B50C4679B30025012321602F
:1074700081F84630C1E90F35064601F0ABFDD4E98D
:107480000F322168A56303FB02F39A1A0A440B44E6
:10749000FF27C4E90131E26084F8447004F1100070
:1074A00084F8457002F0F2FF04F1240002F0EEFFD0
:1074B00001F09AFDC4E90055E56084F84C602B4664
:1074C0002A4629462046FFF7F3FD2046F8BD00BFB7
:1074D0002DE9F0418C4682B004461746EFF3118641
:1074E000402282F31188806BE26B904221D3022B01
:1074F00005D0002086F3118802B0BDE8F08194F831
:107500004550226CD4F838806DB252BB236808F124
:107510000108002B4FD06B1CC4F8388037D00135E0
:107520006DB284F84550012086F3118802B0BDE8A1
:10753000F08194F84550226CD4F838806DB2002A5E
:10754000E4D073B9A06803F08DFEA368216C626873
:107550000B44934208F10108A360DCD32368A360C5
:10756000D9E76146E068019303F07CFE206CE26895
:107570002168019B404202448A42E26002D2626872
:107580001044E060022B10D008F10108C3E7636AE1
:10759000002BC8D004F1240001F0A0F90028C2D0CB
:1075A000002FC0D001203860A4E7B8F1000F08BF59
:1075B0004FF00108AFE76068019301F093FA019B77
:1075C0006360A8E72DE9F047044684B0884601923D
:1075D00001F000FDD4F83890B9F1000F40F093802D
:1075E000019B002B00F00A8102A801F0C5F9B34FFE
:1075F0004E4604F1240501F0F7FC00F09BFE01F07B
:10760000E9FC94F84430FF2B08BF84F8446094F8F8
:107610004530FF2B08BF84F8456001F0E5FC01A967
:1076200002A801F0B5F9002840F0878001F0D2FCF3
:10763000A36B002B40F0E88001F0D6FC01992846AE
:1076400001F0D0F801F0C6FC94F845304FFA83F908
:10765000B9F1000F06DC15E009F1FF33DBB24FFA98
:1076600083F97BB1636A6BB1284601F037F90028D2
:10767000F2D001F0C5F909F1FF33DBB24FFA83F91B
:10768000002BEFD1FF2384F8453001F0ADFC01F071
:10769000A1FC94F844304FFA83FABAF1000F1ADDD6
:1076A0002369C3B104F1100907E00AF1FF33DBB22B
:1076B0004FFA83FA7BB123696BB1484601F00EF9AA
:1076C0000028F2D001F09CF90AF1FF33DBB24FFA47
:1076D00083FA002BEFD1FF2384F8443001F084FCBF
:1076E00000F0CEFE00287ED14FF080537B6040BF7B
:1076F000BFF34F8FBFF36F8F01F06CFCD4F838905D
:10770000B9F1000F76D0226C52B1E1686368114480
:107710009942E16024BF2168E160404603F0A2FD88
:1077200009F1FF33A3632369002B40F0C98001F006
:107730005BFC012004B0BDE8F08701F04BFC94F83D
:1077400045304FFA83F9B9F1000F06DC15E009F175
:10775000FF33DBB24FFA83F97BB1636A6BB1284622
:1077600001F0BCF80028F2D001F04AF909F1FF332A
:10777000DBB24FFA83F9002BEFD1FF2384F84530B9
:1077800001F032FC01F026FC94F844304FFA83FA01
:10779000BAF1000F1ADD2369C3B104F1100907E043
:1077A0000AF1FF33DBB24FFA83FA7BB123696BB185
:1077B000484601F093F80028F2D001F021F90AF1CF
:1077C000FF33DBB24FFA83FA002BEFD1FF2384F8AB
:1077D000443001F009FC00F053FE01F0FBFBA36B09
:1077E00063B101F001FC01F0F5FBD4F83890B9F178
:1077F000000F88D1019B002B7FF4FDAE01F0F4FB5C
:10780000002004B0BDE8F08701F0EEFB01F0E2FBE0
:1078100094F845304FFA83F9B9F1000F06DC15E012
:1078200009F1FF33DBB24FFA83F97BB1636A6BB1C5
:10783000284601F053F80028F2D001F0E1F809F1F0
:10784000FF33DBB24FFA83F9002BEFD1FF2384F82B
:10785000453001F0C9FB01F0BDFB94F844304FFA0C
:1078600083FABAF1000F1ADD2369C3B104F11009DC
:1078700007E00AF1FF33DBB24FFA83FA7BB12369E9
:107880006BB1484601F02AF80028F2D001F0B8F8B0
:107890000AF1FF33DBB24FFA83FA002BEFD1FF235B
:1078A00084F8443001F0A0FB00F0EAFD01F092FB07
:1078B000D4F83890B9F1000F9CD024E700ED00E037
:1078C00004F1100001F00AF800283FF430AF054B36
:1078D0004FF080525A6040BFBFF34F8FBFF36F8F9E
:1078E00025E700BF00ED00E02DE9F043044685B038
:1078F0000026019101F06EFBA36BB24FB0463546F6
:10790000002B40F0F380019B002B00F05D81B8F16B
:10791000000F00F0FC8001F067FB00F00BFD01F0B0
:1079200059FB94F84430FF2B08BF84F8445094F876
:107930004530FF2B08BF84F8455001F055FB01A9E5
:1079400002A801F025F800286CD101F043FBA36BDD
:10795000002B40F0E08001F047FB2368002B00F093
:107960003C8104F124094846019900F03BFF01F0F5
:1079700031FB94F845304FFA83F8B8F1000F06DC7C
:1079800015E008F1FF33DBB24FFA83F87BB1636A8D
:107990006BB1484600F0A2FF0028F2D001F030F8A9
:1079A00008F1FF33DBB24FFA83F8002BEFD1FF234E
:1079B00084F8453001F018FB01F00CFB94F84430DA
:1079C0004FFA83F8B8F1000F1ADD2369C3B104F14F
:1079D000100907E008F1FF33DBB24FFA83F87BB1FF
:1079E00023696BB1484600F079FF0028F2D001F01E
:1079F00007F808F1FF33DBB24FFA83F8002BEFD121
:107A0000FF2384F8443001F0EFFA00F039FD00283C
:107A100064D14FF080537B6040BFBFF34F8FBFF303
:107A20006F8F5BE001F0D6FA94F845304FFA83F897
:107A3000B8F1000F1ADD636AC3B104F1240907E04D
:107A400008F1FF33DBB24FFA83F87BB1636A6BB1A5
:107A5000484600F043FF0028F2D000F0D1FF08F1C3
:107A6000FF33DBB24FFA83F8002BEFD1FF2384F80A
:107A7000453001F0B9FA01F0ADFA94F844304FFA0C
:107A800083F8B8F1000F1ADD2369C3B104F11009BE
:107A900007E008F1FF33DBB24FFA83F87BB12369CB
:107AA0006BB1484600F01AFF0028F2D000F0A8FFA2
:107AB00008F1FF33DBB24FFA83F8002BEFD1FF233D
:107AC00084F8443001F090FA00F0DAFC01F082FA18
:107AD000A36B002B00F08A8001F086FA01F07AFA9D
:107AE000A36B4FF00108002B3FF40DAF2268013B60
:107AF000A363002A00F09E802369002B40F0898058
:107B000001F072FA0126304605B0BDE8F08302A804
:107B100000F032FFFFE601F067FA01F05BFA94F83B
:107B200045304FFA83F8B8F1000F1ADD636AC3B12C
:107B300004F1240907E008F1FF33DBB24FFA83F8C0
:107B40007BB1636A6BB1484600F0C8FE0028F2D0F2
:107B500000F056FF08F1FF33DBB24FFA83F8002B39
:107B6000EFD1FF2384F8453001F03EFA01F032FAFC
:107B700094F844304FFA83F8B8F1000F1ADD236906
:107B8000C3B104F1100907E008F1FF33DBB24FFA8B
:107B900083F87BB123696BB1484600F09FFE002853
:107BA000F2D000F02DFF08F1FF33DBB24FFA83F87B
:107BB000002BEFD1FF2384F8443001F015FA00F0D8
:107BC0005FFC8BE700ED00E0009301F00DFA009BF5
:107BD0001E46304605B0BDE8F08301F0FBF9606851
:107BE00000F03EFF064601F0FFF9BAE601F0FCF9AD
:107BF000002E88D001F0EEF9616A19B1236B196883
:107C0000C1F10501606800F099FF002601F0ECF970
:107C100079E704F1100000F061FE00283FF470AF36
:107C2000064B4FF080525A6040BFBFF34F8FBFF3F7
:107C30006F8F65E700F0B8FF60605DE700ED00E082
:107C400010B5044601F0C6F9A46B01F0CDF9204649
:107C500010BD00BF104B5A68904208D0DA689042BD
:107C600008BF012204D090F8463093B1704700223B
:107C7000002110B403EBC20443F8321090F84630F0
:107C8000616013B15DF8044B70475DF8044BFFF77A
:107C90008FB9FFF78DB900BF64880020074B1A68C1
:107CA0001AB19A6802B17047012210B403EBC20402
:107CB00043F8321060605DF8044B70476488002020
:107CC00070B505460C46164601F084F995F8443027
:107CD000FF2B04BF002385F8443095F84530FF2B77
:107CE00004BF002385F8453001F07EF9AB6B2BB95A
:107CF0003246214605F1240000F0B0FD01F06AF99A
:107D000095F8454064B2002C16DD6B6AA3B105F10D
:107D1000240605E0013CE3B25CB26BB16B6A5BB177
:107D2000304600F0DBFD0028F4D0013C00F068FE96
:107D3000E3B25CB2002BF1D1FF2385F8453001F0AE
:107D400053F901F047F995F8444064B2002C16DD70
:107D50002B69A3B105F1100605E0013CE3B25CB26A
:107D60006BB12B695BB1304600F0B8FD0028F4D050
:107D7000013C00F045FEE3B25CB2002BF1D1FF23E1
:107D800085F84430BDE8704001F02EB92DE9F0418E
:107D9000044601F01FF9344A344D1368013313606F
:107DA0002B68002B2FD0324EE36A32682AB3314859
:107DB000314907680A689F4238BF03602F48013283
:107DC00003EB83030A6000EB8300E263211D02F0F2
:107DD0006DFB01F009F933686BB12A68E36AD26A76
:107DE0009A4208D2264B4FF080525A6040BFBFF3F0
:107DF0004F8FBFF36F8FBDE8F0812A68D26A9A4235
:107E000098BF2C60D3E72C601368012B02D0E36A83
:107E1000174ECCE71948DFF894801A4F144E02F041
:107E200035FB194802F032FB184802F02FFB1848C6
:107E300002F02CFB174802F029FB404602F026FB1B
:107E4000384602F023FB144802F020FB134802F0EE
:107E50001DFB134802F01AFB124B134AC2F80080B4
:107E60001F60E36AA3E700BF447E0020D47D0020AA
:107E7000A47E0020587E0020547E0020E07D00205B
:107E800000ED00E0707E0020F47D0020087E0020E0
:107E90001C7E0020307E0020907E0020BC7E0020D2
:107EA000A87E0020DC7D0020D87D00205C7E0020A4
:107EB0002DE9F843DDE90964002C60D016B930469D
:107EC000BDE8F8830D469700984602233A4684F8A9
:107ED0005130814626633046A52103F0E7F92A7820
:107EE000236B84F83420043F2A781F4427F00707C7
:107EF00002B36B7884F835306B78DBB1AB7884F8FB
:107F00003630AB78B3B1EB7884F83730EB788BB19F
:107F10002B7984F838302B7963B16B7984F8393058
:107F20006B793BB1AB7984F83A30AB7913B1EB792B
:107F300084F83B30089D042D28BF04250026E56207
:107F40006564201D84F83B60A66402F0ABFAC5F1BD
:107F5000050504F1180002F0A5FAE6644246494618
:107F6000A561246184F850606462384600F0F6FF31
:107F700020602046FFF70AFF2046BDE8F883204630
:107F8000BDE8F8832DE9F0479600804630460D465F
:107F90009946099FFEF7FAFF002869D082465420CF
:107FA000FEF7F4FF044600285BD00023C0F830A0A1
:107FB0003246504684F85130A52103F077F92A78EB
:107FC000236B84F83420043E2A781E4426F0070AE6
:107FD00002B36B7884F835306B78DBB1AB7884F81A
:107FE0003630AB78B3B1EB7884F83730EB788BB1BF
:107FF0002B7984F838302B7963B16B7984F8393078
:108000006B793BB1AB7984F83A30AB7913B1EB794A
:1080100084F83B30089D042D28BF04250026E56226
:108020006564201D84F83B60A66402F03BFAC5F14C
:10803000050504F1180002F035FAE664A561246133
:1080400084F8506064624A464146504600F086FF1C
:10805000206007B13C602046FFF798FE0120BDE894
:10806000F0875046FEF7A4FF4FF0FF30BDE8F087E1
:108070004FF0FF30F3E700BF70B504464C4E00F000
:10808000A9FF002C39D0251D284602F039FAA36A31
:108090001BB104F1180002F033FA29464548464D59
:1080A00002F004FA94F85030012B04BF002384F846
:1080B000503000F099FF2B6893B93368A34200D089
:1080C00070BD2B68DBB93B493C4A09681268914294
:1080D00026D03B4B1B682BB33A4B01221A6070BD74
:1080E00000F078FF384B1A68126892B9374B4FF09E
:1080F000FF321A6000F078FFDFE73468C3E7344BE3
:108100004FF080525A6040BFBFF34F8FBFF36F8F65
:1081100070BD1A682D4BD268D26852681A60E9E7C0
:10812000336070BD274A13603268336812681B6B76
:108130009A4236D9274C2849226893009818800023
:108140000858E0B9551EAB0058198000085830BBDC
:10815000951EAB0058198000085800BBD51EAB0017
:10816000581980000858D0B9151FAB005819800065
:108170000858A0B9053A930098188000085813448D
:108180009B00CD1808336868406868600B449842CB
:1081900004BF40686860C3683360226070BD2A46CF
:1081A000EDE730683168343101F04EFEC2E700BFC0
:1081B000D47D0020A87E0020A47E0020447E0020E4
:1081C000507E0020D47E0020D87D0020887E0020B4
:1081D00000ED00E0587E0020E07D002080B170B509
:1081E0001B4D2B6883420AD0044600F0F3FE194B66
:1081F00062699A4205D0BDE8704000F0F5BE70BDDE
:108200007047A36A144A9342F5D0002BF3D1261D80
:10821000304602F075F9114AE36A116810488B4242
:1082200088BF136003EB830300EB8300314602F049
:108230003DF92B68E26ADB6A9A42DCD3094B4FF0C6
:1082400080525A6040BFBFF34F8FBFF36F8FD2E7AA
:10825000D47D0020A87E0020907E0020587E002043
:10826000E07D002000ED00E070B584B0002503AA99
:1082700002A901A8CDE9015501F0EAFD019C002CFD
:1082800046D00298002843D0039E20630223B60004
:10829000A521324684F8513003F008F8236B1F4AB9
:1082A0006263201D84F83850043E84F83B50E56238
:1082B000C4E911551E4402F0F5F804F1180002F06B
:1082C000F1F826F007060523A3612A461449E56460
:1082D00030462461646284F8505000F03FFE206014
:1082E0002046FFF753FD0F4B1C6000F0DBFD01281B
:1082F00011D1402383F311880B490C4A0C4B4FF0EA
:10830000FF340C6010601D6000F03EFE04B070BDD4
:10831000044B00221A6004B070BD00BF49444C45B4
:1083200011860300847E0020887E0020A47E002029
:10833000D07E0020024A136801331360704700BFEB
:10834000507E0020014B1868704700BFD07E00208F
:10835000024A136818441060704700BFD07E0020A6
:108360002DE9F04F3B4B1B6883B0002B42D13A4BB9
:108370001F6801371F60002F4AD0384B01931B68DC
:10838000BB423BD8364EDFF8EC80DFF8ECA0DFF8DC
:10839000EC90002525E03368DB68DC68636804F155
:1083A000040B9F42584651D302F0AAF8A36A04F185
:1083B00018000BB102F0A4F8E36AD8F8002003EB30
:1083C0008300934259460AEB800088BFC8F800300A
:1083D00002F06CF8D9F80030E26ADB6A9A4228BFF2
:1083E000012533681B68002BD5D1019A4FF0FF336C
:1083F000136004E01B4A13680133136000251A4B15
:108400001B68002B0CBF2846012003B0BDE8F08F8D
:10841000134E164B3168164A18683060196013689D
:108420000133136033681B683BB90C4B01931A4648
:108430004FF0FF3313601346A1E73368074ADB6848
:108440000192DB685B681360134698E7019A13603A
:10845000D5E700BF507E0020D07E0020887E00201F
:10846000D87D00204C7E0020D47E0020DC7D0020C2
:108470008C7E0020587E0020E07D0020D47D0020EE
:108480002DE9F04700F0A6FD354B1A68013A1A6055
:108490001C68002C57D1334B1B68002B53D0DFF8DE
:1084A000E0A0314E314FDFF8DC90DFF8DC8033683C
:1084B00013B3F368DC68251D04F1180002F020F8FE
:1084C000284602F01DF8E36A3A6803EB8300934202
:1084D000294609EB800088BF3B6001F0E7FFD8F830
:1084E0000030E26ADB6A9A424FF00103DFD3CAF838
:1084F00000303368002BDCD13CB11D4B1A68126888
:108500003ABB1C4B4FF0FF321A601B4D2C6844B134
:108510000126FFF725FF08B1CAF80060013CF8D139
:108520002C60DAF8003073B1144B4FF080525A606F
:1085300040BFBFF34F8FBFF36F8F012400F054FD96
:108540002046BDE8F087002400F04EFD2046BDE83F
:10855000F0871A68074BD268D26852681A60D4E76D
:10856000507E0020447E0020907E0020587E002017
:10857000D87D0020887E00204C7E002000ED00E0A9
:10858000D47E0020E07D0020D47D002070B548B965
:10859000184B4FF080525A6040BFBFF34F8FBFF36C
:1085A0006F8F70BD144A15491368154E013313605F
:1085B0000D6804463068043001F0A2FF3368641986
:1085C0005C600FD20F4B18683168043101F07EFFF8
:1085D0000D4B1A68944238BF1C60FFF751FF00280A
:1085E000D6D070BD094B18683168043101F06EFFB8
:1085F000F3E700BF00ED00E0507E0020D07E0020B9
:10860000D47D0020D87D0020887E0020DC7D0020E5
:108610002DE9F84F3C4E3D4D3D4CDFF80891DFF819
:108620000881DFF808B14FF0805A2368D3B100F019
:10863000D1FCF368DF68381D01F062FF2B68013B55
:108640002B602368013B236000F0CEFC97F851308B
:10865000002B37D0012BE8D13846FEF7A9FC236860
:10866000002BE4D12B4B1B68012B06D9CBF804A0BF
:1086700040BFBFF34F8FBFF36F8F00F041FED9F8BB
:10868000003033BBD8F80030DB6A002BCDD1214B52
:108690001B68012BC9D8204B204A1B6812689B1A03
:1086A000012BC2D91E4A136801331360D9F8003078
:1086B000BBB1D8F80030DB6A0BB9164B1B68FFF76B
:1086C000DFFEB2E7386BFEF773FC3846FEF770FC4E
:1086D000ABE7D8F80030DB6A002BA6D10D4B1B6846
:1086E000A3E7D8F80030DB6A002BE8D1094B1B6800
:1086F000012BE4D8084B1868084B1B68C01A0128E6
:10870000DDD900F0DDFCDAE7BC7E0020447E0020ED
:10871000487E0020E07D0020887E0020D07E002062
:10872000507E0020587E0020D47D002000ED00E027
:10873000274B1B68002B40D1264A70B5264C13608E
:108740002268236812681B6B9A423AD9234D244948
:108750002A689300981880000858E0B9561EB300A4
:1087600098198000085830BB961EB30098198000F5
:10877000085800BBD61EB300981980000858D0B91D
:10878000161FB300981980000858A0B9053A930045
:1087900098188000085813449B00CE18083370685E
:1087A000406870600B44984204BF40687060C368C2
:1087B00023602A6070BD3246EDE7064B01221A6045
:1087C000704720682168343101F03EFBBEE700BFEE
:1087D000507E0020D47E0020D47D0020587E0020D2
:1087E000E07D002070B5174D2B680C4603F1180191
:1087F00001F06CFE144B1E682868043001F080FE06
:10880000631C17D02B68A4195C600BD20F4B18683F
:108810002968043101F05AFE0D4B1A68944238BFA2
:108820001C6070BD0B4B18682968BDE870400431AE
:1088300001F04CBE296808480431BDE8704001F0E1
:1088400035BE00BFD47D0020D07E0020D87D002022
:10885000887E0020DC7D0020A87E002070B5194DA8
:108860002B680C46164603F1180101F01FFE164B4B
:108870005EB11B682868043001F042FE2968134885
:108880000431BDE8704001F011BE1E682868043054
:1088900001F036FE2B68A4195C600BD20C4B1868F3
:1088A0002968043101F012FE0A4B1A68944238BF5D
:1088B0001C6070BD084B18682968BDE87040043121
:1088C00001F004BED47D0020D07E0020A87E0020D0
:1088D000D87D0020887E0020DC7D002038B5C3686C
:1088E000DC6804F11805284601F00AFE1A4B1B68E3
:1088F0002BBB251D284601F003FE184AE36A1168C8
:1089000017488B4288BF136003EB8303294600EBB3
:10891000830001F0CBFD134BE26A1B68DB6A9A42CD
:1089200082BF114B01201860104B1A68126898BF63
:1089300000204AB90E4B4FF0FF321A6038BD29466D
:108940000C4801F0B3FDE6E71A68094BD268D2681B
:1089500052681A6038BD00BF507E0020587E00204B
:10896000E07D0020D47D0020D47E0020D87D002032
:10897000887E0020907E0020034A044B12681B680A
:10898000C0E90023704700BF8C7E0020D07E00200D
:10899000F8B50D46044600F01DFB2B681649581C1F
:1089A0000A6813D0DFF854C0D4E90060DCF8007026
:1089B000BE4201D090421AD9121A93420BD800231A
:1089C0002B60012500F010FB2846F8BD002500F0C3
:1089D0000BFB2846F8BDDCF800009B1A0A682B60E8
:1089E000C4E90002002500F0FFFA2846F8BD012581
:1089F00000F0FAFA2846F8BDD07E00208C7E0020D8
:108A0000014B01221A607047D47E0020084B186881
:108A100060B9084B1B6853B9074A084B10681B68BC
:108A2000013B984214BF012002207047002070478C
:108A3000907E0020D47E0020A87E0020447E00206E
:108A4000054B1B6833B1054B1B68002B0CBF022084
:108A50000020704701207047A47E0020507E002037
:108A600018B3F8B51C4CC36A2268D26A934214D278
:108A70008269002A04DB2268D26AC2F1050282619F
:108A8000164D426903EB830305EB83039A420DD035
:108A90002368DB6AC3620120F8BD2368406CDB6A8F
:108AA00098422CBF00200120F8BD7047061D0746E4
:108AB000304601F025FD2268094BD06A1A68F86239
:108AC000904200D9186000EB800005EB8000314631
:108AD00001F0ECFC0120F8BDD47D0020E07D0020F9
:108AE000587E002050B138B5C16A836C426C013B9E
:108AF0009142836400D01BB1002038BD0020704734
:108B0000051D0446284601F0FBFC0A4A636C116807
:108B1000E362C3F105008B42A061074888BF136080
:108B200003EB830300EB8300294601F0BFFC012027
:108B300038BD00BF587E0020E07D002048B1426C67
:108B4000C36A914238BF11468B4202D0826C012A1F
:108B500000D07047826970B5114DC162002A03EBE5
:108B600083034269A8BFC1F1050105EB8303A8BFD8
:108B700081619A4200D070BD061D0446304601F066
:108B8000BFFC084BE06A1A68904288BF186000EB8F
:108B9000800005EB80003146BDE8704001F086BCE6
:108BA000E07D0020587E0020044B1A681AB1196835
:108BB0008A6C01328A641868704700BFD47D002037
:108BC0002DE9F04FAD4EDFF8C482AD4D89B033686A
:108BD0001C68002C00F08E80DB681C68FFF7AAFB85
:108BE000FFF7B0FBD8F80030984207465DD38442C7
:108BF000C8F8000040F20B810022E11B2868FFF753
:108C00005FF8FFF73DFC88B99E4A4FF080535360F0
:108C100040BFBFF34F8FBFF36F8F07E0019B0399F6
:108C200020469847009B002B80F23881286800225C
:108C30006946FEF7C7FC0028C9D0009B029C002BA8
:108C4000ECDB636913B1201D01F05AFCFFF77AFBDE
:108C5000D8F800309842814643D3009BC8F8009072
:108C6000092BE3D8012202FA03F313F4047F69D13C
:108C700013F0C70F40F0A1809B06D7D594F82C3095
:108C8000002BD3D12046FEF793F9CFE7DB68DC68F1
:108C9000D3F800A004F10409484601F031FC636AEE
:108CA00020469847E369012B36D033681A68002ABA
:108CB000ECD17549C8F800700A6832600B60FFF7A4
:108CC000DFFBB3E7DB68DF68D3F800B007F1040A25
:108CD000504601F015FC7B6A38469847FB69012B2A
:108CE00025D033681A68002AECD167490A683260D7
:108CF0000B60B2E7FFF71EFBFFF724FBD8F800304C
:108D000083420746D1D8604BC8F800701B681A68C8
:108D1000B2FA82F2520970E7A36953449A45494670
:108D200022D263602461306801F0D0FBBDE7BB69EB
:108D30005B449B45514627D27B603F61306801F020
:108D4000C5FBCEE7019B246103EB09024A45A36101
:108D500062602CD8002B3FF469AF4B4B211D186883
:108D600001F0B4FB286862E72B68002B9DD000233C
:108D7000CDE9043A0694FFF763FE00231A4604A9DE
:108D80002868FEF795F990E72B68002BA9D00023FF
:108D9000CDE9043B0697FFF753FE00231A4604A9CA
:108DA0002868FEF785F99CE74B4500D998B13068F3
:108DB000211D01F08BFB286839E7019BA269246122
:108DC00099182CBF0120002049456160ECD8A9EB1F
:108DD00003039A42C1D8636A20469847E369012B8E
:108DE0007FF424AF019BA2692868134400283FF454
:108DF0001EAF0022CDE904230694FFF721FE0023D5
:108E00001A4604A92868FEF753F928680FE7FFF708
:108E100037FB3368DB68D3F80C9009F1040A50463D
:108E200001F06EFBD9F81C30012B04D0D9F82430A6
:108E300048469847FAE6D9F81830C9F81090E21871
:108E4000BA42C9F8042004D95146306801F03EFB0B
:108E5000ECE73F1BBB421BD82B68002BE6D000235E
:108E6000CDE90434CDF81890FFF7EAFD00231A4647
:108E700004A92868FEF71CF9D8E700BFD87E0020B7
:108E80005C81002000ED00E0DC7E002008810020F5
:108E9000034B5146186801F019FBC7E7029CD0E666
:108EA000DC7E0020F0B5204C89B000F093F82568F6
:108EB000FDB100F099F82068C8B1002407AA06A9FE
:108EC00005A8CDE9054400F0D1FFDDE90530022118
:108ED000CDE90010079A0293144915482346FEF77E
:108EE000E7FF144A0346001B18BF0120136009B0B6
:108EF000F0BD114F114E384601F0C8FA304601F06E
:108F0000C5FA0F4A0F4900950F4B17600E600F4AC4
:108F100010212020FEF75AF820600028C9D00C4903
:108F2000FEF7BCFEC5E700BF5C81002064E00300E3
:108F3000C18B030060810020E0800020F4800020CD
:108F4000D87E0020DC7E00200C810020E07E002006
:108F50005CE00300402383F31188FEE730B46FF038
:108F600002034FF08075074C40F8045C40F80C4C4D
:108F700040F8081C40F8202C40F8243C30BC443811
:108F8000704700BF558F03000F4C08B5E02384F8ED
:108F9000223000F077F80D4B0D4A00211960D4F80B
:108FA000883043F47003C4F88830536843F040437A
:108FB0005360236943F01003236100F04FF940230D
:108FC00083F31188FEE700BF00ED00E0648100201C
:108FD00030EF00E0402383F31188024A1368013325
:108FE0001360704764810020034A1368013B1360DB
:108FF0000BB983F3118870476481002041DF70470B
:1090000012DF704770B51B4B00251D6082B01B68D6
:109010000193019BEFF31186402383F31188164AD5
:10902000164BD2F804451D601B680093009BFFF7A8
:1090300089F9241A24F07F44012C0DD844B1FFF79C
:109040008FF9054625B10E4B4FF080525A6040BF54
:1090500086F3118802B070BDFFF7F2FC0228EED152
:10906000013CFFF77DF9013C631C45EA0005F8D19E
:10907000E8E700BF4011014000100140001101402D
:1090800000ED00E00B4B0C4930B41F200B4DC3F832
:10909000080501220224E020C3F804232A601A6094
:1090A000C3F8444381F811034FF400330B6030BC24
:1090B000704700BF0010014000E100E008100140CF
:1090C0002DE9F041804684B0EFF3108272B6584C1F
:1090D000A36883B9574B58480121A160D3F8801089
:1090E00001402160C3F88000D3F8841061604FF024
:1090F000FF31C3F8841002B962B6504ED6F8047539
:10910000FFF784FC00283DD04D4A4E49424528BF18
:109110004246BB1823F07F4301200025C6F8080310
:10912000C6F840350D600B6801934FF48033019908
:10913000C6F80433BFF34F8FB8F1000F54D13F4B43
:10914000404D41494FF48030C3F8080300202860A7
:109150002D680395039D086009680291012102981A
:10916000C3F80413D3F804353249DB1B23F07F45E1
:10917000954228BF15464FF40033012DC1F88031C8
:1091800011D827D0A3685BB1EFF3108372B6294AD8
:1091900021681160616851600022A26003B962B663
:1091A00004B0BDE8F081681EFFF7D2F8274BDB68FA
:1091B000DA010FD5264A1368DB070BD5254B51681A
:1091C00003FB05F5A5F57425A5F51075AD0A01EBB2
:1091D00085155560FFF7C4F80028D3D01E4B4FF01B
:1091E00080525A6040BFCDE7F1EE103A23F09F0362
:1091F000E1EE103AF1EE103A0E4B04A84FF4806104
:109200004026C3F88461C3F8841100F8045DFFF7B9
:10921000F7FE9DF80C1039B920BFD3F80001D3F840
:1092200004110143F8D08AE7FFF7E8FE87E700BFA3
:109230007888002000E100E0FC06FFBD001001403E
:10924000FDFFFF004011014000110140F0ED00E082
:10925000001000E040420F0000ED00E00748006809
:1092600080F3088862B661B6BFF34F8FBFF36F8F8C
:109270004FF0E00080F3118800DF00BF00600200C3
:10928000064B19680868B0E8F04F80F30988BFF30F
:109290006F8F4FF0000080F311887047D47D00205D
:1092A000EFF30980BFF36F8F144B1A681EF0100F95
:1092B00008BF20ED108A20E9F04F10604DF8043D02
:1092C0004FF0400080F31188BFF34F8FBFF36F8FD3
:1092D000FFF72EFA4FF0000080F3118808BC1968E0
:1092E0000868B0E8F04F1EF0100F08BFB0EC108A0D
:1092F00080F30988BFF36F8F704700BFD47D0020D3
:10930000704700BF0A490B4A0B4B9B1A03DD043B15
:10931000C858D050FBDC094809494FF0AD32026013
:1093200004300439FBD100F043FCECF791FF00005E
:109330004CE3030000600020FC63002000F80320E1
:1093400000080000FEE7FEE7FEE7FEE7FEE7FEE7B7
:10935000FEE7FEE7FEE7FEE708B50020ECF7B2FF08
:10936000F6F74CFD0E4B43B10E4B7BB1F6F748FEC2
:1093700000F05AFDAFF30080F8E7F6F741FE00F089
:1093800053FDF6F73DFE00F04FFDF6E7F6F738FE29
:1093900000F04AFDF6F734FE00F046FDF6E700BFA8
:1093A000000000000000000000B583B000F0A8FE3F
:1093B000FDF798F80E4B019301234FF480620D499D
:1093C00000930D480023FEF7DDFD4FF4407000F0E0
:1093D0004BFEFEF749FFBFF34F8F0849084BCA68A1
:1093E00002F4E0621343CB60BFF34F8F00BFFDE791
:1093F000688100206CE003005993030000ED00E059
:109400000400FA05FDF776BDFDF774BDFDF78CBDD0
:10941000FDF78ABD084A094908B51368184488420F
:1094200002D81060184608BD01F0BCFE0C23036092
:109430004FF0FF33184608BDEC61002000F8032010
:10944000114B1A78EAB90178104810B40A464FF067
:10945000804402F00102C1F34001C4F88015C4F851
:1094600078250268D20706D4E021012280F8001393
:10947000C0F880210260012205481A705DF8044B93
:1094800070470448704700BF7488002000E100E086
:109490000000AD0B0C00AD0B0268074B4FF0804095
:1094A00010B400214FF46074C0F80843196002B191
:1094B0001A605DF8044B7047748100204FF08043C0
:1094C0004FF46072C3F80423704700BF10B54FF02B
:1094D000804386B0D3F80443620705D5D3F808214A
:1094E00003F58473002A4ED1A30603D52A4B1A68CC
:1094F000002A3FD1600603D5284B1A68002A2FD1D5
:10950000210602D5264B1A680ABBE20502D5254B77
:109510001A6892B9A3050ED5234B1A685AB10022D6
:109520001A601A68214B0592059A1B68022006B042
:10953000BDE81040184706B010BD00221A601B4A53
:109540001B68049301201368049A9847E2E70020FF
:109550001860164A1B6803931368039A9847D4E768
:1095600000221A60124A1B68029301201368029AB3
:109570009847C5E7002018600D4A1B6801931368DF
:10958000019A9847B6E700221A600A4A1B680093BE
:109590001368009A9847A7E714010040180100409B
:1095A0001C01004020010040240100407481002083
:1095B000708100206C8100202DE9F04F04799D4DD1
:1095C000E6003719BF0005EB070E83B09EF81CC0FC
:1095D000BCF1000F40F0E58091F80CC00068EA5142
:1095E000CEF80430BCF1010F0B7840F2DE801F2B67
:1095F00087BF03F01F08DFF840E298464FF0A04E07
:10960000012707FA08F7CEF808751F2B8BBF03F068
:109610001F071F46DFF820E24FF0A04E07F5E07766
:109620004FF001084EF827804F78FF2F00F0E980B7
:109630001F2F8ABF07F01F09B946DFF8FC8100978A
:1096400098BF4FF0A04809F5E07A4FF0010E0EFAEE
:1096500009FE4FF00309C8F80CE548F82A9091F884
:1096600002E0BEF1FF0F00F0D580BEF11F0F91F8B0
:109670000EA088BFDFF8C0B1CDF804E08EBF0EF0B9
:109680001F08F0464FF0A04B08F5E0784FEA8A0A31
:109690004BF828A006EB040805EB880888F820E0C2
:1096A00091F803E088F81FE0BEF1FF0F2AD091F88F
:1096B0000490F046B9F1000F40F08680BEF11F0F14
:1096C00087BF0EF01F0B5C4FF3464FF0A0474FF0E3
:1096D000010A0AFA0BFAC7F808A5BEF11F0F86BFE8
:1096E0000EF01F08DFF850A14FF0A04A08F5E0780F
:1096F00006EB040E4FF0030B05EB8E0E4AF828B074
:109700008EF81E9091F80DE0C0F80835009BD1F856
:109710000880C0F80C351EF1000318BF0123019F1B
:10972000C0F81075BCF1020FC0F824857FD0BCF1E1
:10973000030F79D0BCF1010F56D0C0F854358B79A6
:10974000C0F8C035002A58D040220723C0F80423AF
:10975000C0F800354A79000B43B25201002BD1B258
:10976000C0B25BDB5A09920002F1604203F1604330
:10977000012702F5614203F5614300F01F0007FA7B
:1097800000F083F80013C2F880011060344405EB48
:1097900084052A48002201236A772B7703B0BDE8AD
:1097A000F08F274803B0BDE8F08F1F2B87BF03F071
:1097B0001F08DFF884E098464FF0A04E012707FA13
:1097C00008F7CEF80C7520E7BEF11F0F87BF0EF02B
:1097D0001F0B194FF3464FF0A0474FF0010A0AFA4A
:1097E0000BFAC7F80CA578E743F00203C0F854352C
:1097F0008B79C0F8C035002AA6D10723C0F8003500
:10980000C4E791F802E04FF0FF37BEF1FF0F009779
:109810007FF42BAF4FF0FF3701973BE7094B00F088
:109820000F0003441976B1E743F0060385E743F0E0
:10983000040382E778810020000300500000AD0B94
:109840000500AD0BFCEC00E0F0B40479294A036894
:10985000E1000D19AD005659EEB11F0B7EB2002E7E
:1098600011DB760920360123DFF89CC007F01F07C3
:1098700003FA07F74CF82670BFF34F8FBFF36F8FD3
:10988000555903683DB1081902EB80001A4DC3F821
:109890000853407F10BB081902EB800090F82000AD
:1098A000FF280BD01F288ABF00F01F004FF0A045F3
:1098B000124D00F5E070022645F8206010480025A2
:1098C0008342C3F8005502D10E4B01201860214499
:1098D00002EB810200231377F0BC7047012058612E
:1098E000D3F804010028FBD0081902EB8000002502
:1098F0004577D0E77881002052010800000300502E
:1099000000F0024004F0024000E100E02DE9F04FD9
:109910000479644F4FEAC40C0CEB04039B008646A9
:10992000F8180E46417F83B0002940F0918057F827
:1099300003909046B9F1000F04D012F0140F04BF49
:10994000012343770CEB040507EB850596E80F0030
:1099500095F81FA005F10C0BBAF1FF0F8BE80F0073
:1099600010D0AA7F5346002A76D0BAF11F0F86BFC7
:109970000AF01F034C494FF0A041012202FA03F301
:10998000C1F8083532686AB102F06043B3F1005F94
:1099900008D0644407EB8407002344487B7703B076
:1099A000BDE8F08FB16821B101F06043B3F1005F11
:1099B000EFD1DEF800307568F068C3F84425002266
:1099C000C3F84855C3F83415C3F83805C3F818214F
:1099D000D3F818210192019A18F0010218BF012250
:1099E000C3F8502518F0020218BF012218F0080F22
:1099F000C3F8402504BF01221A61B9F1000F0BD052
:109A00002B48402218F0040F14BFC3F80823C3F8F2
:109A1000042303B0BDE8F08FD3F81821002AFBD04F
:109A2000BAF1FF0F2CD0644407EB8407BB7F4BB324
:109A3000BAF11F0F84BF0AF01F0A1B4A1C4898BFC7
:109A40004FF0A042012303FA0AF3C2F80C35A6E74F
:109A5000184803B0BDE8F08FBAF11F0F4FF00102B4
:109A600088BF0AF01F0302FA03F388BF0E49326869
:109A700098BF4FF0A041C1F80C35002A84D191E77E
:109A80000B488CE7BAF11F0F84BF0AF01F0A064A81
:109A9000074898BF4FF0A042012303FA0AF3C2F827
:109AA00008357CE778810020000300500A00AD0BE8
:109AB0000000AD0B0B00AD0B194BD3F8182102B908
:109AC00070470021174AC3F81811D3F81811D37F33
:109AD00082B0FF2B019101990DD0917F99B11F2B7D
:109AE00086BF03F01F0310484FF0A040012101FA88
:109AF00003F3C0F80C35002353771372D2E9003119
:109B00000A4802B018471F2B86BF03F01F03064800
:109B10004FF0A040012101FA03F3C0F80835EAE74D
:109B20000030024078810020000300508081002036
:109B30001B4BD3F8182102B970470021194AC3F80A
:109B40001811D3F8181192F8433082B0FF2B01910D
:109B500001990ED092F84210A9B11F2B86BF03F0D5
:109B60001F0311484FF0A040012101FA03F3C0F890
:109B70000C35002382F8413082F82C30D2E90931CB
:109B80000A4802B018471F2B86BF03F01F03064880
:109B90004FF0A040012101FA03F3C0F80835E8E7CF
:109BA00000F002407881002000030050A4810020D2
:109BB000604B1B6830B45C1C37D05F4A082B1268BE
:109BC00000F08F805B4B5C4A1B681268082B15D035
:109BD000591C23D0584A1268082B12D0574AD2F881
:109BE000883043F47003C2F88830BFF34F8FBFF35F
:109BF0006F8F534B534A1A6030BC7047002A00F0F5
:109C00008280032AEAD84FF08043D3F80024D20799
:109C100044BF6FF00102C3F80024DFE74A4A4B4B10
:109C200012681B78C2F30312D6E7484A464B1278F3
:109C30001B68082AC3F3031301D1032B53D9424AEB
:109C4000424B12681B78C2F30312082BBAD1032AC5
:109C5000B8D84FF080523E4BD2F80414C3F8201508
:109C6000D2F80814C3F82415D2F80C14C3F8281538
:109C7000D2F81014C3F82C15D2F81414C3F8301508
:109C8000D2F81814C3F83415D2F81C14C3F84015D0
:109C9000D2F82014C3F84415D2F82414C3F8481598
:109CA000D2F82814C3F84C15D2F82C14C3F8501568
:109CB000D2F83014C3F85415D2F83414C3F8601530
:109CC000D2F83814C3F86415D2F83C14C3F86815F8
:109CD000D2F84014C3F86C15D2F84424C3F87025A8
:109CE00070E7032A0CD8134B1B684FF08042002109
:109CF000581CC2F80C11C2F81011C2F838159ED0C9
:109D00000D4A1268A1E7134C1349144D25601448FD
:109D1000144AFB24C1F8184501681268124C21F05E
:109D20000F0102F00F020A434FF40071026021603C
:109D300050E700BF300100103401001000ED00E0DA
:109D4000F06100200090D003E80F00F0E00F00F079
:109D500000C000408C56004000F0004048810300E5
:109D6000E40E0040580200104096024070B4284CA7
:109D7000284B2568284CA3FB05639B0C02FB03F2D0
:109D800054F82000254B1F28A3FB02324FEA920211
:109D900034D80123002903FA00F114BF084600203B
:109DA0004FF0A04401E0013A25D0D4F810350B4023
:109DB0008342F8D001E0013A1DD0D4F810350B40B1
:109DC0008342F8D1002002E00130824213D0D4F85F
:109DD00010650E40B342F7D070B1114A43F2C82368
:109DE000A2FB052503FB00F0AD0900F57A50B0FB9E
:109DF000F5F070BC7047002070BC7047203801231C
:109E0000002903FA00F114BF08460020054CCCE7F6
:109E1000F061002083DE1B4390DF03004FECC44E53
:109E2000D34D62100003005008B5ECF751FA054B12
:109E30004FF080525A6040BFBFF34F8FBFF36F8F18
:109E400008BD00BF00ED00E0704700BF704700BFD5
:109E5000044B036010B46423034C0C6013605DF882
:109E6000044B7047C081002014820020054B036022
:109E700010B44FF48073044C0C6013605DF8044B15
:109E8000704700BFA4830020F883002070B51F4CEA
:109E900084B04FF0FF3203A92068FDF793FB002840
:109EA000F7D00398037A4568052B0DD8DFE803F057
:109EB000272A221C1503D0E90361D0E90523C069D4
:109EC00000903046A847039803681BB11846FDF779
:109ED0002BF80398FDF728F8DBE7D0E90523D0E954
:109EE0000301A8470398EFE7D0E90412C068A84728
:109EF0000398E9E7D0E90301A8470398E4E7A847F6
:109F00000398E1E7C068A8470398DDE7FC870020D5
:109F10002DE9F0432D4B2E4C5B6885B0C3F308034D
:109F2000019001AF2068002B44D0002339461A4627
:109F3000FDF7CEFA01283AD0DFF89880D8F8000073
:109F4000002240000421FDF771F8064678B3DFF8DF
:109F50008890D9F80000FEF78FF8FFF73BF802E091
:109F60003046FDF7A5F8002203A92068FDF72AFB7B
:109F700000230546642203A90028F1D12068FDF7DB
:109F800069FE2660FFF730F8D9F80000FEF726F9E1
:109F9000D8F800300D4A20685B00C8F800305368DC
:109FA000C3F30803394653B96422FDF781F805B0BD
:109FB000BDE8F08339466422FDF77AF8BAE72B460C
:109FC0002A46FDF785FA05B0BDE8F08300ED00E014
:109FD000FC870020F8870020008800202DE9F84346
:109FE0009DF8205006460F4691469846CDB1A800F0
:109FF0000C30FCF77FFF044688B10023C0F80490C2
:10A000000572036006B177B92DB1AA00414604F18B
:10A010000C0001F027F92046FFF77AFF0120BDE888
:10A02000F8831020E5E73846FCF764FF814620609E
:10A03000A0B13A46314601F015F9002DEBD0691E6A
:10A04000C9B208EB8101A8F1040353F8042FB2420E
:10A0500008BFC3F800909942F7D1D6E72046FCF735
:10A0600063FF4846DBE700BF30B540230B4D83B0AC
:10A0700004460022184604212B60FCF7D7FF084B4A
:10A08000084918600223CDE90031A2B20023064935
:10A090000648FDF777FF03B030BD00BFF88700200A
:10A0A000FC8700200088002074E003008D9E0300E0
:10A0B00011DF704708B50446FFF7FAFF0D4B4FF06C
:10A0C00080414FF0FF32C3F88020C3F88021C3F8ED
:10A0D0008420C3F88421C1F81C45BFF34F8F064983
:10A0E000064BCA6802F4E0621343CB60BFF34F8FA4
:10A0F00000BFFDE700E100E000ED00E00400FA052C
:10A100004FF08043194AD3F80014194830B4116055
:10A11000D3F80054D3F80024164C17492A43C3F847
:10A120000024D4F84025026001224FF40030C3F827
:10A1300018259A60C1F88000BFF34F8FBFF36F8F6F
:10A140000E4C03F588334FF0A0454FF480304FF0AC
:10A15000FF31C3F84803C3F808035A609A60C5F892
:10A160000815C4F8081530BC704700BF04880020EB
:10A170000888002000A0004000E100E0000300503B
:10A1800008B54E20FFF796FF2F281BD83C4B53F8FD
:10A1900020301F2B86BF03F01F033A4A4FF0A04226
:10A1A0000E290FD8DFE801F0655F59534D4740395C
:10A1B000322B241D160F080003F5E07340F20371E3
:10A1C00042F82310704703F5E07340F2036142F850
:10A1D0002310704703F5E07340F2035142F8231057
:10A1E000704703F5E07340F2034142F823107047D3
:10A1F00003F5E07340F2033142F82310704703F592
:10A20000E07340F2032142F82310704703F5E07336
:10A2100040F2031142F82310704703F5E0734FF446
:10A22000403142F82310704703F5E0734FF40031DA
:10A2300042F82310704703F5E073134942F82310E6
:10A24000704703F5E073114942F82310704703F596
:10A25000E073042142F82310704703F5E0730C21EA
:10A2600042F82310704703F5E073032142F82310EE
:10A27000704703F5E073002142F82310704700BFD8
:10A2800090DF030000030050040002000C000300F4
:10A290002F2811D80A4B53F820301F2B88BF03F00A
:10A2A0001F034FF001028CBF06484FF0A04002FA96
:10A2B00003F311B1C0F808357047C0F80C3570478A
:10A2C00090DF0300000300502F2818D80D4B53F8DF
:10A2D00020201F2A8ABF0C494FF0A04102F01F0224
:10A2E000D1F8140501239340034214BFD1F804258B
:10A2F000D1F81025134214BF012000207047002020
:10A30000704700BF90DF03000003005030B40160CD
:10A310000022BFF35B8F4260BFF35B8F01688260F6
:10A32000FF254FF0FF340582C2608274C1F8644596
:10A3300030BC7047214B5B6809B90020704710B4EE
:10A34000BFF35B8F4368BFF35B8F994200F1040456
:10A3500016D0BFF35B8F4368BFF35B8F83B903688D
:10A36000D3F86025D3F86405D2430028D3F86805F4
:10A370004FEAD272A8BF0132002805DBD3F86C3552
:10A3800000205DF8044B7047D3F86C050028F7DA1D
:10A39000002AF5D1D3F80035002BF1D1BFF35B8F44
:10A3A00054E8003F002B03D144E80012002AF7D103
:10A3B000BFF35B8F0CBF01200020E2E700ED00E05F
:10A3C0001F4B5B6809B90020704710B4BFF35B8F67
:10A3D0004368BFF35B8F8B4200F1040403D000207D
:10A3E0005DF8044B70470368D3F86025D3F8640523
:10A3F000D2430028D3F868054FEAD272A8BF0132D1
:10A40000002802DBD3F86C35E9E7D3F86C050028A7
:10A41000E5DA002AE3D1D3F80035002BDFD1BFF312
:10A420005B8F54E8003F8B4203D144E800200028B2
:10A43000F7D1BFF35B8F0CBF01200020D0E700BF36
:10A4400000ED00E008B509490948FFF75FFF094939
:10A450000948FFF75BFF09490948FFF757FF09491A
:10A460000948BDE80840FFF751BF00BF00C00140E8
:10A470000C880020001002402088002000200240AC
:10A480003488002000D002404888002000F10803F2
:10A490004FF0FF310022816002604360C0E9033366
:10A4A000704700BF00230361704700BF4368026824
:10A4B00010B49C688C609C684B600132616099604C
:10A4C0005DF8044B08610260704700BF30B40D684E
:10A4D0006B1C11D000F1080200E01A4653681C689A
:10A4E000AC42FAD904684B60013499608A605160CB
:10A4F0000861046030BC704702695368F2E700BF2E
:10A5000042688168036910B4916081685C684A6040
:10A510001A68844208BF5960013A002101611A603B
:10A5200018685DF8044B70470B460146184600F06A
:10A530002BBE000010EE102A22F00041CB0D7F3B15
:10A54000162B1CDC002B10EE100A21DB19491941D7
:10A550000A421CD0DFED187A70EE277AF5EEC07A49
:10A56000F1EE10FA13DD002A04DD4FF4000242FA86
:10A5700003F3184420EA010300EE103A7047B1F1EA
:10A58000FF4F04D330EE000A70479FED0C0A70476E
:10A59000DFED097A70EE277AF5EEC07AF1EE10FA67
:10A5A000F5DD002AF1DB0029F7EE007A18BFB0EEE6
:10A5B000670A7047FFFF7F00CAF249710000008000
:10A5C00010EE102A22F00041CB0D7F3B162B1CDC35
:10A5D000002B10EE100A1EDB194919410A4227D040
:10A5E000DFED187A70EE277AF5EEC07AF1EE10FA08
:10A5F0001EDD002A04DA4FF4000242FA03F3184485
:10A6000020EA010300EE103A7047B1F1FF4F0FD37B
:10A6100030EE000A7047DFED0B7A70EE277AF5EE28
:10A62000C07AF1EE10FA03DD002A02DB9FED060A84
:10A6300070470029FFEE007A18BFB0EE670A704736
:10A64000FFFF7F00CAF249710000000081F0004165
:10A6500002E000BF83F0004330B54FEA41044FEA07
:10A66000430594EA050F08BF90EA020F1FBF54EAA2
:10A67000000C55EA020C7FEA645C7FEA655C00F03E
:10A68000E2804FEA5454D4EB5555B8BF6D420CDD0F
:10A690002C4480EA020281EA030382EA000083EA92
:10A6A000010180EA020281EA0303362D88BF30BD32
:10A6B00011F0004F4FEA01314FF4801C4CEA113188
:10A6C00002D0404261EB410113F0004F4FEA0333E7
:10A6D0004CEA133302D0524263EB430394EA050F72
:10A6E00000F0A780A4F10104D5F1200E0DDB02FAE1
:10A6F0000EFC22FA05F2801841F1000103FA0EF275
:10A70000801843FA05F359410EE0A5F120050EF13A
:10A71000200E012A03FA0EFC28BF4CF0020C43FA6B
:10A7200005F3C01851EBE37101F0004507D54FF078
:10A73000000EDCF1000C7EEB00006EEB0101B1F5C8
:10A74000801F1BD3B1F5001F0CD349085FEA30000E
:10A750004FEA3C0C04F101044FEA445212F5800F19
:10A7600080F09A80BCF1004F08BF5FEA500C50F1B6
:10A77000000041EB045141EA050130BD5FEA4C0C99
:10A78000404141EB010111F4801FA4F10104E9D122
:10A7900091F0000F04BF01460020B1FA81F308BF19
:10A7A0002033A3F10B03B3F120020CDA0C3208DDE5
:10A7B00002F1140CC2F10C0201FA0CF021FA02F1C0
:10A7C0000CE002F11402D8BFC2F1200C01FA02F130
:10A7D00020FA0CFCDCBF41EA0C019040E41AA2BF55
:10A7E00001EB0451294330BD6FEA04041F3C1CDA1D
:10A7F0000C340EDC04F11404C4F1200220FA04F03D
:10A8000001FA02F340EA030021FA04F345EA0301E6
:10A8100030BDC4F10C04C4F1200220FA02F001FAA8
:10A8200004F340EA0300294630BD21FA04F029462A
:10A8300030BD94F0000F83F4801306BF81F48011C3
:10A840000134013D4EE77FEA645C18BF7FEA655C36
:10A8500029D094EA050F08BF90EA020F05D054EA08
:10A86000000C04BF1946104630BD91EA030F1EBF0D
:10A870000021002030BD5FEA545C05D14000494111
:10A8800028BF41F0004130BD14F580043CBF01F504
:10A89000801130BD01F0004545F0FE4141F47001EA
:10A8A0004FF0000030BD7FEA645C1ABF19461046C5
:10A8B0007FEA655C1CBF0B46024650EA013406BFC6
:10A8C00052EA033591EA030F41F4002130BD00BF85
:10A8D00090F0000F04BF0021704730B54FF4806442
:10A8E00004F132044FF000054FF0000150E700BFC3
:10A8F00090F0000F04BF0021704730B54FF4806422
:10A9000004F1320410F0004548BF40424FF000010E
:10A910003EE700BF42004FEAE2014FEA31014FEA51
:10A9200002701FBF12F07F4393F07F4F81F06051A0
:10A93000704732F07F4208BF704793F07F4F04BFEB
:10A9400041F40021704730B54FF4607401F00045C8
:10A9500021F000411CE700BF50EA010208BF704728
:10A9600030B54FF000050AE050EA010208BF704719
:10A9700030B511F0004502D5404261EB41014FF482
:10A98000806404F132045FEA915C3FF4D8AE4FF08A
:10A9900003025FEADC0C18BF03325FEADC0C18BF6D
:10A9A000033202EBDC02C2F1200300FA03FC20FABE
:10A9B00002F001FA03FE40EA0E0021FA02F114440B
:10A9C000BDE600BF70B54FF0FF0C4CF4E06C1CEA24
:10A9D00011541DBF1CEA135594EA0C0F95EA0C0F95
:10A9E00000F0DEF82C4481EA030621EA4C5123EA08
:10A9F0004C5350EA013518BF52EA033541F4801137
:10AA000043F4801338D0A0FB02CE4FF00005E1FBE9
:10AA100002E506F00042E0FB03E54FF00006E1FB33
:10AA200003569CF0000F18BF4EF0010EA4F1FF0476
:10AA3000B6F5007F64F5407404D25FEA4E0E6D41B6
:10AA400046EB060642EAC62141EA55514FEAC520C7
:10AA500040EA5E504FEACE2EB4F1FD0C88BFBCF543
:10AA6000E06F1ED8BEF1004F08BF5FEA500E50F1F4
:10AA7000000041EB045170BD06F0004646EA0101BA
:10AA800040EA020081EA0301B4EB5C04C2BFD4EBEC
:10AA90000C0541EA045170BD41F480114FF0000EE5
:10AAA000013C00F3AB8014F1360FDEBF002001F053
:10AAB000004170BDC4F10004203C35DA0C341BDCCD
:10AAC00004F11404C4F1200500FA05F320FA04F09F
:10AAD00001FA05F240EA020001F0004221F00041D3
:10AAE00010EBD37021FA04F642EB06015EEA430E46
:10AAF00008BF20EAD37070BDC4F10C04C4F1200576
:10AB000000FA04F320FA05F001FA04F240EA020028
:10AB100001F0004110EBD37041F100015EEA430EF9
:10AB200008BF20EAD37070BDC4F1200500FA05F219
:10AB30004EEA020E20FA04F301FA05F243EA020398
:10AB400021FA04F001F0004121FA04F220EA0200A7
:10AB500000EBD3705EEA430E08BF20EAD37070BDED
:10AB600094F0000F0FD101F00046400041EB0101CD
:10AB700011F4801F08BF013CF7D041EA060195F0AF
:10AB8000000F18BF704703F00046520043EB030369
:10AB900013F4801F08BF013DF7D043EA0603704756
:10ABA00094EA0C0F0CEA135518BF95EA0C0F0CD061
:10ABB00050EA410618BF52EA4306D1D181EA0301A7
:10ABC00001F000414FF0000070BD50EA410606BFA1
:10ABD0001046194652EA430619D094EA0C0F02D1E6
:10ABE00050EA013613D195EA0C0F05D152EA03362B
:10ABF0001CBF104619460AD181EA030101F0004149
:10AC000041F0FE4141F470014FF0000070BD41F091
:10AC1000FE4141F4780170BD70B54FF0FF0C4CF46B
:10AC2000E06C1CEA11541DBF1CEA135594EA0C0F8A
:10AC300095EA0C0F00F0A7F8A4EB050481EA030ED7
:10AC400052EA03354FEA013100F088804FEA0333BE
:10AC50004FF0805545EA131343EA12634FEA02228C
:10AC600045EA111545EA10654FEA00260EF000414D
:10AC70009D4208BF964244F1FD0404F5407402D29F
:10AC80005B084FEA3202B61A65EB03055B084FEA30
:10AC900032024FF480104FF4002CB6EB020E75EB2D
:10ACA000030E22BFB61A754640EA0C005B084FEA55
:10ACB0003202B6EB020E75EB030E22BFB61A7546D2
:10ACC00040EA5C005B084FEA3202B6EB020E75EB1D
:10ACD000030E22BFB61A754640EA9C005B084FEA95
:10ACE0003202B6EB020E75EB030E22BFB61A7546A2
:10ACF00040EADC0055EA060E18D04FEA051545EA91
:10AD000016754FEA06164FEAC30343EA52734FEA39
:10AD1000C2025FEA1C1CC0D111F4801F0BD141EAB2
:10AD200000014FF000004FF0004CB6E711F4801F17
:10AD300004BF01430020B4F1FD0C88BFBCF5E06FF7
:10AD40003FF6AFAEB5EB030C04BFB6EB020C5FEA07
:10AD5000500C50F1000041EB045170BD0EF0004E5C
:10AD60004EEA113114EB5C04C2BFD4EB0C0541EA8E
:10AD7000045170BD41F480114FF0000E013C90E68B
:10AD800045EA060E8DE60CEA135594EA0C0F08BF4F
:10AD900095EA0C0F3FF43BAF94EA0C0F0AD150EA4E
:10ADA00001347FF434AF95EA0C0F7FF425AF1046E1
:10ADB00019462CE795EA0C0F06D152EA03353FF409
:10ADC000FDAE1046194622E750EA410618BF52EA86
:10ADD00043067FF4C5AE50EA41047FF40DAF52EA5A
:10ADE00043057FF4EBAE12E74FEA4102B2F1E043D4
:10ADF00024BFB3F5001CDCF1FE5C0DD901F0004C62
:10AE00004FEAC0024CEA5070B2F1004F40EB8300B1
:10AE100008BF20F00100704711F0804F21D113F1DD
:10AE20003872BCBF01F00040704741F480114FEA16
:10AE30005252C2F11802C2F1200C10FA0CF320FA9F
:10AE400002F018BF40F001004FEAC1234FEAD323BC
:10AE500003FA0CFC40EA0C0023FA02F34FEA430326
:10AE6000CCE77FEA625307D150EA01331EBF4FF0AF
:10AE7000FE4040F44000704701F0004040F0FE40CA
:10AE800040F40000704700BF53B94AB9002908BF19
:10AE900000281CBF4FF0FF314FF0FF3000F072B9B7
:10AEA000ADF1080C6DE904CE00F006F8DDF804E021
:10AEB000DDE9022304B070472DE9F047089E0446FF
:10AEC0008846002B4BD18A42154667D9B2FA82F2E6
:10AED0004AB1C2F1200701FA02F320FA07F79540C0
:10AEE00047EA030894404FEA154E230CB8FBFEF7DF
:10AEF0001FFA85FC0EFB178843EA084307FB0CF199
:10AF0000994209D9EB1807F1FF3080F01B81994273
:10AF100040F21881023F2B445B1AA4B2B3FBFEF04F
:10AF20000EFB103344EA034400FB0CFCA44509D992
:10AF30002C1900F1FF3380F00781A44540F2048111
:10AF400002382C4440EA0740A4EB0C0400271EB151
:10AF5000D4400023C6E900433946BDE8F0878B4260
:10AF600009D9002E00F0EB800027C6E90001384621
:10AF70003946BDE8F087B3FA83F7002F47D18B42FB
:10AF800002D3824200F2FA80841A61EB03030120AB
:10AF90009846002EE0D0C6E90048DDE702B9FFDEA2
:10AFA000B2FA82F2002A40F08F80491B4FEA154E18
:10AFB0001FFA85F80127B1FBFEFC230C0EFB1C11C8
:10AFC00043EA014308FB0CF1994207D9EB180CF155
:10AFD000FF3002D2994200F2CD808446591AA3B2C2
:10AFE000B1FBFEF00EFB101443EA044408FB00F82A
:10AFF000A04507D92C1900F1FF3302D2A04500F279
:10B00000B6801846A4EB080440EA0C409FE7C7F15D
:10B01000200CBB4022FA0CFE4EEA030E01FA07F4A4
:10B0200020FA0CF521FA0CF34FEA1E482543B3FB36
:10B03000F8F92C0C08FB19331FFA8EFA44EA034383
:10B0400009FB0AF49C4202FA07F200FA07F10BD955
:10B050001EEB030309F1FF3080F087809C4240F231
:10B060008480A9F1020973441B1BADB2B3FBF8F055
:10B0700008FB103345EA034400FB0AFAA24508D94D
:10B080001EEB040400F1FF336BD2A24569D90238EC
:10B09000744440EA0940A0FB0289A4EB0A044C4531
:10B0A000C2464B4654D351D0002E69D0B1EB0A05AD
:10B0B00064EB030404FA0CFCFD40FC404CEA05057B
:10B0C000C6E90054002747E7C2F1200320FA03F73E
:10B0D000954001FA02F021FA03F34FEA154E384386
:10B0E000010CB3FBFEF71FFA85F80EFB173341EA9C
:10B0F000034107FB08F38B4204FA02F407D96918ED
:10B1000007F1FF3C2FD28B422DD9023F2944CB1AA5
:10B1100081B2B3FBFEF00EFB103341EA034100FBAA
:10B1200008F38B4207D9691800F1FF3C17D28B4214
:10B1300015D902382944C91A40EA07473BE7374680
:10B14000304609E70746E7E61846FBE64145ABD23D
:10B15000B8EB020A69EB0E0201381346A4E7604619
:10B16000E9E7184695E76746D1E781467CE702386C
:10B170002C4447E7ACF1020C2B442FE7384608E794
:10B180003746E9E6704700BF10B5054C13462CB1B1
:10B190000A4601460220AFF3008010BD2046FCE7BE
:10B1A00000000000014B1868704700BF04620020D7
:10B1B00008B5074B044613B10021AFF30080054BDF
:10B1C0001868836A03B19847204602F0E3F900BF8C
:10B1D0000000000080E0030070B50D4E0D4CA41B74
:10B1E000A4100025A54209D10B4E0C4C02F0D4F955
:10B1F000A41BA4100025A54205D170BD56F825302A
:10B2000098470135EEE756F8253098470135F2E7C3
:10B21000D4630020D4630020D4630020F8630020AE
:10B22000024B0146186800F0A5B800BF0462002078
:10B23000024B0146186800F04FB800BF04620020BE
:10B2400082B001B901A942B14BB113780B601278F9
:10B25000101C18BF012002B070471046FBE76FF0CA
:10B260000100F8E710B5431E0A44914200D110BD19
:10B2700011F8014B03F8014FF7E7884210B501EBD5
:10B28000020307D8421E99420AD011F8014B02F876
:10B29000014FF8E78342F5D98118D21AD34200D181
:10B2A00010BD13F8014D01F8014DF7E702440346C4
:10B2B000934200D1704703F8011BF9E738B502FB50
:10B2C00001F4214600F056F8054618B12246002147
:10B2D000FFF7ECFF284638BD38B50546002945D0B4
:10B2E00051F8043C0C1F002BB8BFE41801F030FCEF
:10B2F0001F4A1368104633B9636014602846BDE8DE
:10B30000384001F026BCA3420CD921686218934250
:10B3100004BF1A685B68636004BF5218226004604F
:10B32000ECE713465A680AB1A242FAD919685818CC
:10B33000A0420BD120680144581882421960DDD127
:10B34000106852685A6001441960D7E702D90C238B
:10B350002B60D3E7206821188A4204BF1168526825
:10B36000626004BF091821605C60C7E738BD00BF98
:10B370005C88002070B5CD1C25F0030508350C2D28
:10B3800038BF0C25002D064601DBA94203D90C234A
:10B390003360002070BD01F0DBFB214A14682146B8
:10B3A00091B9204C23681BB9304600F0A1FC206005
:10B3B0002946304600F09CFC431C24D10C2333600A
:10B3C000304601F0C6FBE4E70B685B1B18D40B2B7F
:10B3D0000FD90B60CD50CC18304601F0BAFB04F108
:10B3E0000B00231D20F00700C31AD3D05A42E250AD
:10B3F000D0E78C424B6816BF636013600C46EBE7E6
:10B400000C464968CCE7C41C24F00304A04205D0D4
:10B41000211A304600F06CFC0130CFD02560DBE70C
:10B420005C880020608800202DE9FF4755EC104B18
:10B430000D9FDDF830A0002D0E4691461946B8BF8D
:10B4400022462B4627F02007BBBF05F100431D46CF
:10B4500000232D23B8BF1446462F0B7004D0452F70
:10B4600000D10136022100E0032103AB019302ABBE
:10B4700000933246534645EC104B00F04DFD472FEC
:10B48000804602D119F0010F26D0462F08EB06099D
:10B4900011D198F80030302B0AD100220023204629
:10B4A000294602F007F818B9C6F10106CAF800608B
:10B4B000DAF800309944002200232046294601F0A2
:10B4C000F9FF38B93022039B4B4505D2591C039133
:10B4D0001A70F8E7CDF80C90039B0E9AA3EB0803C3
:10B4E0004046136004B0BDE8F087F7B50029044674
:10B4F000BABF49422D232B23092904F8022B43709C
:10B5000020DD0DF107031F460A2691FBF6F506FB29
:10B5100015113031092D03F8011C03F1FF322946C2
:10B5200009DC3031023B02F8011CBB42224604D345
:10B53000101A03B0F0BD1346E7E713F8012B04F827
:10B54000012BF2E7302319448370021DC170EFE72D
:10B550002DE9F04F8DB00C46DDF8588016461F4699
:10B56000054601F091FA03680493184600F0D8FBF1
:10B5700000230A93D8F800300590073323F007031F
:10B5800003F1080294F818A0D4F800B0C8F800201D
:10B59000D3E90023C4E91223D4E9128929F0004336
:10B5A0000793CDF818804FF0FF32A74BDDE9060175
:10B5B00001F0B2FF70BB4FF0FF32A34BDDE9060193
:10B5C00001F08CFF30BB002200234046494601F0C9
:10B5D0007BFF10B12D2384F843309C4A9C4BBAF179
:10B5E000470F8CBF9046984603232BF0040223613B
:10B5F00022604FF00009009733460BAA21462846E7
:10B6000000F0E6F9013040F08D804FF0FF300DB0D2
:10B61000BDE8F08F42464B464046494601F07CFF6C
:10B6200010B18C4A8C4BDAE761684B1C4BF480629A
:10B630000AA83ED1062363600023CDE9020309ABCB
:10B64000009349EC108B0DF123032260CDF804A088
:10B6500061682846FFF7E8FE0AF0DF03472B8046C3
:10B6600009D1099BD81C02DB6268934247DDAAF12D
:10B67000020A5FFA8AFABAF1650F099924D80139EA
:10B68000524604F150000991FFF72FFF0A9A131850
:10B69000012A8146236102DC2268D10701D50133EA
:10B6A00023619DF82330002BA5D02D2384F843304F
:10B6B000A1E7BAF1670F00F07781BAF1470FBBD16C
:10B6C0000029B9D10123B6E7BAF1660F19D10029D3
:10B6D00063680CDD216113B92268D20702D50133FA
:10B6E0000B442361099BA3654FF00009D9E713B907
:10B6F0002268D00701D50233F3E70123F1E74FF0C9
:10B70000670ADDE90932934205DB22682361D1072C
:10B71000E8D50133E5E7002BD4BFC3F102030123D1
:10B720001344DEE723685A0507D4236942463146AD
:10B730002846B84701302BD167E7BAF1650F40F2D0
:10B74000DC8000220023D4E9120101F0B3FE0028BE
:10B7500033D00123414A31462846B84701303FF4EF
:10B7600054AFDDE909239A4202DB2368D8070FD5DD
:10B77000DDE9042331462846B84701303FF445AFA0
:10B780004FF0000804F11A090A9B013B434509DC0C
:10B7900023689B0700F10381E0680B9B9842B8BFC8
:10B7A000184634E701234A4631462846B847013057
:10B7B0003FF42BAF08F10108E6E7099B002B2BDCD7
:10B7C0000123264A31462846B84701303FF41DAFD1
:10B7D000099B23B90A9B13B92368D907D8D5DDE99A
:10B7E000042331462846B84701303FF40EAF4FF0EE
:10B7F000000904F11A0A099B5B424B4501DC0A9BD4
:10B8000094E70123524631462846B84701303FF4B9
:10B81000FCAE09F10109EEE70A9AA36D9A42A8BFAE
:10B820001A46002A914607DD13463146424628460D
:10B83000B84701303FF4E9AE04F11A034FF0000BB2
:10B8400029EAE979069315E0FFFFEF7F92E0030014
:10B850008EE003009AE0030096E003009EE0030000
:10B860000123069A31462846B84701303FF4CDAE51
:10B870000BF1010BD4F858A0AAEB09035B45EFDCF0
:10B88000DDE909239A42D04415DB2368DA0712D494
:10B890000A9B0999A3EB0A02A3EB010A9245A8BFF0
:10B8A0009246BAF1000F0EDC4FF000082AEAEA7A5D
:10B8B00004F11A0919E0DDE9042331462846B847A6
:10B8C0000130E5D1A1E65346424631462846B84705
:10B8D0000130E9D199E601234A4631462846B84766
:10B8E00001303FF492AE08F10108DDE909239B1A0B
:10B8F000A3EB0A034345EEDC4AE70A9A012A01DC7E
:10B90000DB073AD50123424631462846B847013085
:10B910003FF47BAEDDE9042331462846B8470130C9
:10B9200008F101083FF471AE0A9B002203F1FF3ACF
:10B93000D4E91201002301F0BDFDC8B953464246C7
:10B9400031462846B84701300ED15EE60123524603
:10B9500031462846B84701303FF457AE08F1010898
:10B960000A9B013B4345F1DC4B4604F15002DEE605
:10B970004FF0000804F11A0AF2E70123DFE7012380
:10B980004A4631462846B84701303FF43EAE08F1FA
:10B990000108E3680B9A9B1A4345F0DCFCE64FF084
:10B9A000000804F11909F4E700293FF48BAE0023E5
:10B9B000CDE9020309AB009349EC108B2260CDF86E
:10B9C00004A00DF123032846FFF72EFD804648E62C
:10B9D0002DE9F04791461F468A680B69DDF8208003
:10B9E0009342B8BF1346C9F8003091F84320064689
:10B9F0000C4612B10133C9F800302368990642BFE2
:10BA0000D9F800300233C9F80030256815F0060572
:10BA100007D104F1190AE368D9F800209B1AAB4258
:10BA200028DC94F843302268003318BF01239206C3
:10BA30002DD404F1430239463046C047013020D0AE
:10BA40002368E568D9F8002003F00603042B08BF3B
:10BA5000AD1AA36822690CBF25EAE575002593425B
:10BA6000C4BF9B1AED184FF000091A344D451AD186
:10BA7000002008E00123524639463046C0470130D5
:10BA800003D14FF0FF30BDE8F0870135C3E7E1187F
:10BA90005A1C302081F84300224494F8451082F863
:10BAA00043100233C5E70123224639463046C047DA
:10BAB0000130E6D009F10109D8E700002DE9F04393
:10BAC00001F1430C0C46097E85B06E2917460646E7
:10BAD00098460C9A00F0B38022D8632936D00AD851
:10BAE000002900F0B980582900F0838004F1420554
:10BAF00084F8421032E0642901D06929F6D1206827
:10BB00001368050603F104012AD51B681160002B98
:10BB100003DA2D225B4284F843206F480A2239E081
:10BB2000732900F09D8008D86F2920D07029DDD1BD
:10BB3000236843F02003236003E0752917D0782998
:10BB4000D4D1782384F84530644855E01368191D32
:10BB50001B68116004F1420584F8423001238CE037
:10BB60001B68116010F0400F18BF1BB2CFE71368BD
:10BB70002568181D1060280601D51B6802E06806BC
:10BB8000FBD51B8854486F2914BF0A2208220021C4
:10BB900084F843106568A560002DC0F29580216887
:10BBA00021F004012160002B3DD1002D40F08E805A
:10BBB0006546082A0BD12368DB0708D5236962682C
:10BBC0009A42DEBF302305F8013C05F1FF35ACEBAE
:10BBD00005032361CDF800803B4603AA2146304689
:10BBE000FFF7F6FE01304DD14FF0FF3005B0BDE854
:10BBF000F083394884F84510136821681D1D1B68BF
:10BC000015600A060BD5CA0744BF41F02001216028
:10BC10001BB9226822F0200222601022B7E74D06ED
:10BC200048BF9BB2EFE76546B3FBF2F102FB11336D
:10BC3000C35C05F8013D0B460029F5D1B9E713684F
:10BC400025686169181D106028061B6801D51960F8
:10BC500002E06A06FBD51980002323616546B9E737
:10BC60001368191D11601D6862680021284600F0E4
:10BC70001FFF08B1401B606063682361002384F8E4
:10BC80004330A7E723692A4639463046C04701308A
:10BC9000AAD023689B0713D4E068039B9842B8BFDF
:10BCA0001846A3E701234A4639463046C0470130CB
:10BCB0009AD00135E368039A9B1AAB42F2DCEBE7BA
:10BCC000002504F11909F5E7002BACD1037884F8BD
:10BCD000423004F142056CE7A0E00300B1E003004C
:10BCE000024B0A460146186801F010BA04620020AF
:10BCF00038B5064C0023054608462360FDF78AFB4D
:10BD0000431C02D1236803B12B6038BD8488002016
:10BD1000034611F8012B03F8012B002AF9D17047D3
:10BD2000034613F8012B002AFBD1181A013870477B
:10BD300010B56AB10139841810F8013B11F8012FD0
:10BD4000934203D1A04201D0002BF5D1981A10BD27
:10BD50001046FCE710B5034601448B4202D01A7826
:10BD60005C1C0AB9181A10BD2346F6E730B5141E3C
:10BD700005469BB0184605DA8B232B604FF0FF3049
:10BD80001BB030BD4FF40273ADF80C3014BF04F19A
:10BD9000FF332346029305934FF6FF7300910491FE
:10BDA000ADF80E3002461E9B6946284601F02EFA79
:10BDB000431CBCBF8B232B60002CE1D0009B0022D6
:10BDC0001A70DDE707B5009313460A46014603489B
:10BDD0000068FFF7CBFF03B05DF804FB04620020AE
:10BDE00049B1FF2A85BF8A2303600A704FF0FF30F4
:10BDF00098BF01207047084670472DE9F74F036947
:10BE00000C69A3428046C0F28280013C01F1140714
:10BE10004FEA840C00F1140657F8245056F8240019
:10BE200006EB0C03013507EB0C090193B0FBF5F5AC
:10BE300095B34FF0000A3846B646D34650F8042B67
:10BE400093B205FB03A34FEA134A9BB2ABEB030388
:10BE5000120CDEF800B005FB02A213FA8BF34FEAD6
:10BE6000124A1FFA82FBDEF80020CBEB124202EBF3
:10BE700023429BB243EA024381454FEA224B4EF8EC
:10BE8000043BDBD256F80C3033B9019B043B9E4295
:10BE90001A4630D3C8F81040404601F071F8002827
:10BEA00025DB013530464FF0000C57F8042BD0F855
:10BEB00000E093B2ACEB0303120C13FA8EF3C2EB67
:10BEC0001E4202EB23429BB243EA0243B9454FEACA
:10BED000224C40F8043BE8D256F8242006EB8403B9
:10BEE0002AB9043B9E421A460BD3C8F81040284694
:10BEF00003B0BDE8F08F1268043B002ACAD1013CB0
:10BF0000C5E71268043B002AEFD1013CEAE70020B4
:10BF1000EEE70000000000002DE9F04F57EC106B39
:10BF200097B0456A069104460B921293DDF8808023
:10BF3000CDE900673DB91020FAF7DCFF6062C0E987
:10BF400001550560C560636A196851B15A684A6055
:10BF5000012393408B60204600F030FE636A00228C
:10BF60001A603B1EBBBF23F0004301930023012254
:10BF7000ACBFC8F80030C8F80020AF4BDDF8048033
:10BF800033EA080314D1129A42F20F731360009B34
:10BF900023B9C8F31300002800F04285219BDFF885
:10BFA000ACB2002B00F044850BF1030300F03EBD62
:10BFB000DDE90067002200233046394601F07AFAB5
:10BFC000814668B1129A01231360219B002B00F077
:10BFD00024859A4B219A03F1FF3B136000F028BDA2
:10BFE00014AA15A947EC106B204601F040F8C8F3DD
:10BFF0000A550490002D7CD0C7F3130343F07F5BF8
:10C00000B2464BF4401BA5F2FF35CDF84C90002210
:10C010008B4B50465946FEF71DFB81A3D3E9002305
:10C02000FEF7D0FC80A3D3E90023FEF715FB0646FC
:10C0300028460F46FEF75CFC7DA3D3E90023FEF7FC
:10C04000C1FC02460B4630463946FEF705FB064664
:10C050000F4601F077FA0022824600233046394627
:10C0600001F032FA48B15046FEF742FC32463B46F8
:10C0700001F020FA08B90AF1FF3ABAF1160F59D8BF
:10C08000704901EBCA01DDE90023D1E9000101F0AB
:10C0900039FA002850D00AF1FF3A00230F93149B7D
:10C0A0005D1BB5F1010849BFC5F1010300230593EC
:10C0B0004FF0000858BF0593BAF1000F3EDB002394
:10C0C000D044CDF838A00793069B092B00F290804E
:10C0D000052BC4BF043B0693069BA3F10203CCBF10
:10C0E00000250125032B00F28F80DFE803F07D7F20
:10C0F0003171DDE914531D4405F23240202813DD6F
:10C10000C0F14000009B08FA00F805F2124023FA43
:10C1100000F048EA0000FEF7DBFB01238246A1F1B4
:10C12000F87B013D139372E7009BC0F1200003FAF6
:10C1300000F0F0E70123B1E70F90B0E7059BA3EB18
:10C140000A030593CAF10003079300230E93BBE78C
:10C1500001230A930B9B002B59DD02939946666AD3
:10C1600000227260042202F114009842716853D9CF
:10C17000204600F0EFFC636A3060B9F10E0FD3F88F
:10C1800000B000F2E680002D00F0E3809DED007B22
:10C19000BAF1000F8DED107B74DD2A4A0AF00F030F
:10C1A00002EBC30393ED007B4FEA2A16F0068DEDF8
:10C1B000087B65D5244BDDE91001D3E90823FEF7A0
:10C1C0002BFDCDE9000106F00F0603251E4F4CE0C4
:10C1D00001230A930B9B534403F1010902934B463D
:10C1E000012BB8BF0123BAE70023B2E70023F0E731
:10C1F0000125002306930A954FF0FF3302939946D9
:10C20000002212230B92AAE701230A93F4E70123E9
:10C21000029399461A46F5E7013171605200A2E790
:10C2200061436F63A787D23FB3C8608B288AC63F3C
:10C23000FB799F501344D33F0000F07F9FE0030041
:10C240000000F83F58E2030030E20300CCE10300B5
:10C25000F10708D5DDE90801D7E90023FEF7B2FBB5
:10C26000CDE90801013576100837002EF0D1DDE95F
:10C270000823DDE90001FEF7CFFCCDE900011AE05B
:10C280000225A3E700F0A080CAF100069F4BA04F53
:10C2900006F00F0203EBC203D3E90023DDE910012E
:10C2A000FEF790FBCDE90001361100230225002E98
:10C2B0007FD1002BE1D10F9B002B00F08780DDE9BF
:10C2C00000670022934B3046394601F0FDF8002804
:10C2D0007CD0B9F1000F79D0029B002B35DD0AF13B
:10C2E000FF330893394600228B4B3046FEF76AFB3A
:10C2F000CDE90001029F01352846FEF7F9FADDE994
:10C300000023FEF75FFB0022844BFEF7A5F90546EC
:10C31000A1F15076002F5DD10022814BDDE90001B3
:10C32000FEF798F92A463346CDE9000101F0EAF814
:10C33000002840F088822A4606F10043DDE900012A
:10C3400001F0C2F8002840F07C82DDE91023CDE93D
:10C350000023159B002BC0F25081BAF10E0F00F3A1
:10C360004C816A4B03EBCA0393ED007B0B9B002BC4
:10C370008DED027B80F2D880B9F1000F00F3D480FC
:10C3800040F05E820022664B51EC170BFEF71AFB61
:10C39000DDE9002301F0ACF84F464E46002840F09E
:10C3A000348231230BF101058BF800300AF1010AC8
:10C3B0002FE2F20705D5D7E90023FEF703FB01358D
:10C3C00001237610083772E7022574E7CDF820A024
:10C3D0004F4691E74D4B03EBC70353E902010A9B1C
:10C3E000002B47D002460B4600204E49FEF714FCB6
:10C3F0002A463346FEF72EF9CDE90C015D46DDE90C
:10C40000000101F09FF80646FEF772FA02460B465D
:10C41000DDE90001FEF71EF9303605F8016BDDE9B4
:10C420000C23CDE9000101F04FF8002863D1DDE9CC
:10C43000002300203749FEF70DF9DDE90C2301F058
:10C4400043F8002840F0B780A5EB0B039F427FF72D
:10C450007CAF0022304BDDE90C01FEF7B3FA00227D
:10C46000CDE90C012C4BDDE90001FEF7ABFACDE97B
:10C470000001C4E72A463346FEF7A4FACDE90C01D1
:10C480000BEB07055E46DDE9000101F05BF80746AE
:10C49000FEF72EFA303702460B46DDE90001FEF7C3
:10C4A000D9F806F8017BAE42CDE900014FF0000259
:10C4B00026D11C4BDDE90C01FEF7CEF802460B46F7
:10C4C000DDE9000101F01EF8002874D1DDE90C233C
:10C4D00000201449FEF7BEF802460B46DDE90001D4
:10C4E00000F0F2FF00283FF430AF15F8013C302B8C
:10C4F00005F1FF3202D0DDF820A04AE01546F4E74E
:10C50000054BFEF75FFACDE90001BCE758E20300F6
:10C5100030E203000000F03F0000244000001C4017
:10C52000000014400000E03FDDE900675D46DDE902
:10C53000022330463946FEF76FFB01F003F88046D0
:10C54000FEF7D6F9DDE90223FEF73CFA02460B4678
:10C550003046394608F13006FEF77CF805F8016BE5
:10C56000A5EB0B06B14502460B4639D1FEF774F830
:10C57000DDE9022306460F4600F0C4FFC8B9DDE935
:10C5800002233046394600F095FF10B118F0010F34
:10C590000FD10499204600F011FB0023129A2B7052
:10C5A0000AF101031360219B002B00F041821D6002
:10C5B0003EE2CDF820A015F8012C392A05F1FF3311
:10C5C00008D19B450AD1089B0133089330238BF88F
:10C5D00000305B461A7801321A708CE71D46EAE794
:10C5E00000229B4BFEF7EEF90022002306460F4681
:10C5F00000F060FF00289AD0CBE70A9A002A00F0EA
:10C600008B80069A012A6EDC139A002A67D003F207
:10C610003343079F059D059A01211A442046059240
:10C62000984400F06BFB0646002D0CDDB8F1000FBE
:10C6300009DD4545059A2B46A8BF4346D21A059207
:10C64000ED1AA8EB0308079BEBB10A9B002B67D000
:10C650008FB131463A46204600F0F0FB049A01467D
:10C660000646204600F053FB04990890204600F04F
:10C67000A5FA089B0493079BDA1B04D00499204673
:10C6800000F0DCFB04900121204600F037FB0E9BFC
:10C690000746002B00F0D0811A460146204600F0E4
:10C6A000CDFB069B012B074640DC009B002B39D1BC
:10C6B000019BC3F31303002B36D1019B23F00043EE
:10C6C0001B0D1B052BB1059B0133059308F10108D8
:10C6D000012307930E9B002B2AD1012030E0149BED
:10C6E000C3F1360395E7079B09F1FF37BB42BFBF94
:10C6F000079B0797FA1A0E9BBBBF9B180E93DF1B75
:10C700000027B9F1000FB5BF059B059DA3EB0905F7
:10C710004B46B8BF00237EE7079F059D0A9E83E72F
:10C72000079AABE70023D4E7009BD2E700230793E7
:10C730003B6907EB8303186900F092FAC0F120000F
:10C74000404410F01F0047D0C0F12003042B3BDD14
:10C75000059BC0F11C000344059305448044059BE0
:10C76000002B05DD1A460499204600F0B5FB049025
:10C77000B8F1000F05DD39464246204600F0ACFB1B
:10C7800007460F9B53B33946049800F0F9FB002885
:10C7900024DA00230A220499204600F026FA0A9B94
:10C7A00004900AF1FF3A002B00F04D81002331463E
:10C7B0000A22204600F019FA029B002B06464FDCA5
:10C7C000069B022B4CDD11E0C9D0059A1C331A449C
:10C7D00005921D449844C2E70346F6E7B9F1000FFD
:10C7E00038DC069B022B35DDCDF80890029B63B93F
:10C7F00039460522204600F0F8F90146074604981C
:10C8000000F0BEFB00283FF7CCAD0B9B5D466FEA06
:10C81000030A4FF000093946204600F0CFF9002EF8
:10C820003FF4B7AEB9F1000F05D0B14503D049468A
:10C83000204600F0C3F93146204600F0BFF9A8E6D3
:10C8400000273E46E1E7DDF820A03E46A9E500BF0F
:10C85000000024400A9BCDF80890002B00F0FA80DD
:10C86000002D05DD31462A46204600F035FB064600
:10C87000079B002B4CD07168204600F06BF93269A1
:10C8800002320546920006F10C010C30FEF7EAFC7C
:10C8900001222946204600F01FFB009BCDF814B072
:10C8A00003F00103B1460793064639460498FFF7A3
:10C8B000A4FA4946054600F13008049800F060FBF0
:10C8C000324600903946204600F074FBC3680246A9
:10C8D00003BB01460890049800F052FB089A0346F7
:10C8E00011462046089300F069F9089BA3B9069AFF
:10C8F00092B9079A82B9B8F1390F29D0009B002B61
:10C9000001DD05F13108059B5D1C83F8008082E79D
:10C910003046C2E70123E3E7009A002A04DB25D171
:10C92000069A1ABB079A0ABB002BECDD0122049978
:10C93000204600F0D1FA3946049000F021FB00288F
:10C9400003DCE0D118F0010FDDD0B8F1390FD8D1F8
:10C95000059B059A5D1C3923137015F8013C392B92
:10C9600005F1FF324FD00133137054E7059A002BC5
:10C9700002F1010506DDB8F1390FE9D008F101082F
:10C98000059BC2E7029A05F8018CA5EB0B039342C5
:10C9900021D000230A220499204600F026F9B1454F
:10C9A00004904FF000034FF00A024946204605D19B
:10C9B00000F01BF981460646059576E700F015F96B
:10C9C0003146814600230A22204600F00EF9064631
:10C9D000F2E74FF0000901220499204600F07CFAAA
:10C9E0003946049000F0CCFA0028B6DC02D118F0E9
:10C9F000010FB2D115F8013C302B05F1FF327FF465
:10CA00000AAF1546F6E7934505D131230AF1010A2D
:10CA10008BF80030FFE615469FE7DFF864B007E0CB
:10CA2000219BDFF860B01BB10BF10803219A136062
:10CA3000584617B0BDE8F08F069B012B7FF735AE47
:10CA40000E9B079349E6029B002B03DC069B022BFF
:10CA50003FF7CCAE5D4639460498FFF7CEF900F1BA
:10CA6000300805F8018B029AA5EB0B039A42B0DD62
:10CA700000230A220499204600F0B7F80490EAE760
:10CA80009EE00300C3E10300044B1B68186A044BDB
:10CA9000002808BF1846F030704700BF046200202D
:10CAA000686200200000000000000000000000009C
:10CAB00001F0FF01102A2BDB10F0070F08D010F84F
:10CAC000013B013A8B422DD010F0070F42B3F6D153
:10CAD000F0B441EA012141EA014122F007047FF06C
:10CAE00000070023F0E80256083C85EA010586EAC3
:10CAF000010685FA47F5A3FA87F586FA47F6A5FAFF
:10CB000087F68EB9EED1F0BC01F0FF0102F007020A
:10CB100032B110F8013B013A83EA010313B1F8D1B5
:10CB20000020704701387047002D06BF3546033896
:10CB3000073815F0010F07D1013015F4807F02BFCF
:10CB4000013015F4C03F0130F0BC0138704700BF20
:10CB50007047704770B5456A04460E463DB91020CF
:10CB6000FAF7C8F96062C0E901550560C560656AF9
:10CB7000EB6883B1636ADB6853F82600B8B901211A
:10CB800001FA06F56A1D92002046FEF797FB60B198
:10CB9000C0E901650EE0212204212046FEF78EFB4C
:10CBA000636AE860DB68002BE4D1002070BD026896
:10CBB00043F826200023C0E90333F7E770B5446A41
:10CBC00006460D463CB91020FAF794F97062C0E9A8
:10CBD00001440460C4603DB1736A6A68DB6853F85D
:10CBE0002210296043F8225070BD2DE9F0410D69F3
:10CBF0001F4606460C4601F1140C0023DCF8000029
:10CC000081B202FB01710F0C000C02FB007089B2B3
:10CC1000013301EB00419D424FEA10474CF8041BE1
:10CC2000ECDCD7B1A368AB4212DC6168304601315D
:10CC3000FFF790FF2269023204F10C018046920056
:10CC40000C30FEF70FFB21463046FFF7B7FF444696
:10CC500004EB850301355F6125612046BDE8F08165
:10CC6000020C12040346B2B90304102013F07F4FE4
:10CC700004BF1B02083013F0704F04BF1B010430C7
:10CC800013F0404F04BF9B000230002B06DB5B001B
:10CC900003D5013070470020E8E720207047036883
:10CCA00013F0070201460BD0DA0723D4980749BFD7
:10CCB0005B089B0801200B605CBF0B600220704783
:10CCC00098B2A8B91B0C102013F0FF0F04BF1B0A69
:10CCD00008301A0704BF1B0904309A0704BF9B08D9
:10CCE0000230DA0702D45B0806D001300B607047CF
:10CCF0001046E9E7002070472020704710B50C4629
:10CD00000121FFF727FF01224461026110BD2DE9D7
:10CD1000F74F14460A6923699A42B8BF0B46884602
:10CD2000BCBFA0461C46D8F81070D4F81090D8F8B4
:10CD30000830D8F8041007EB0906B342B8BF013138
:10CD4000FFF708FF00F1140505EB860E2B460022C5
:10CD5000734516D304F1140208F1140102EB8903A0
:10CD600001EB87070093009B019293420CD8002EA1
:10CD700003DD5EF8043D002B5DD0066103B0BDE825
:10CD8000F08F43F8042BE3E7B2F800B0BBF1000FDB
:10CD900023D08946AC464FF0000859F8044BDCF824
:10CDA00000A0A3B21FFA8AFA0BFB03A34FEA144AAE
:10CDB000DCF8004043444FEA14480BFB0A8404EBC0
:10CDC0001344E2469BB243EA04434F454FEA1448FA
:10CDD0004AF8043B2BD8CCF80480019BB3F802A09E
:10CDE0000432BAF1000F20D02B688946A8464FF0D4
:10CDF000000BB9F800C0B8F802400AFB0C445C44D0
:10CE0000C4469BB243EA04434CF8043B59F8043B44
:10CE1000B8F804B01B0C0AFB03B303EB14434F45F3
:10CE20004FEA134B05D8C8F8043004359BE7D446C5
:10CE3000B3E7E046DDE7013E99E700002DE9F8435E
:10CE4000154612F0030206460F4607D0013A214C60
:10CE5000002354F82220FFF7C8FE0746AD1035D056
:10CE6000746A3CB91020FAF745F87062C0E90144D1
:10CE70000460C460D6F82480D8F808404CB940F269
:10CE800071213046FFF73AFF0023C8F80800044636
:10CE900003604FF00008EB070AD5394622463046BA
:10CEA000FFF735FF394681463046FFF787FE4F468C
:10CEB0006D100BD0206838B9224621463046FFF766
:10CEC00026FF2060C0F800800446E4E73846BDE84D
:10CED000F88300BF20E303002DE9F0470C464FEA3A
:10CEE000621A236949680AEB0309A36807461646D4
:10CEF00009F10105AB4232DB3846FFF72BFE002378
:10CF0000804600F114011A4653452BDB20692AEABA
:10CF1000EA7A04F1140316F01F0201EB8A0103EB15
:10CF2000800C25D0C2F1200E00201E688A46964053
:10CF300030434AF8040B53F8040B9C4520FA0EF0DA
:10CF400014D8486008B109F10205013D3846C8F817
:10CF500010502146FFF732FE4046BDE8F087013110
:10CF60005B00C7E741F823200133CDE75146DCE7FA
:10CF7000043953F8042B41F8042F9C45F9D8E4E711
:10CF800003690A699B1A30B50CD192001430143130
:10CF90008418114454F8045D51F8042D954203D0CF
:10CFA00005D30123184630BDA042F3D3FAE74FF072
:10CFB000FF33F7E72DE9F0470D46074611462846AF
:10CFC0001446FFF7DDFF061E08D131463846FFF74D
:10CFD000C1FD0123C0E90436BDE8F087A4BF2346A4
:10CFE0002C4638466168A6BF1D4600260126FFF77D
:10CFF000B1FD2B69C660266905F1140904F114021C
:10D0000002EB860709EB830800F114054FF0000ED0
:10D0100052F804AB59F8044B1EFA8AF1A3B2C91AAC
:10D02000230CC3EB1A4303EB214389B24FEA234E8F
:10D03000C84541EA0343944645F8043BE8D8BC455B
:10D0400004D355F8043D83B10661C5E75CF8041BC1
:10D050001EFA81F31A1402EB11429BB243EA024317
:10D060004FEA224E45F8043BE9E7013EE9E72DE9A6
:10D07000F7430E46012159EC108B1546FFF76AFD68
:10D08000C9F30A540746C9F3130334BB0193B8F13B
:10D09000000327D002A840F8083DFFF700FE0099E2
:10D0A000F0B1019AC0F1200302FA03F30B43C2402E
:10D0B0007B610192019BBB61002B14BF0221012106
:10D0C0003961C4B1A4F2334404443460C0F1350082
:10D0D0002860384603B0BDE8F08343F48013D5E7F9
:10D0E0007961E7E701A8FFF7DAFD019B7B61012188
:10D0F00039612030E5E707EB8103A0F23240306070
:10D100001869FFF7ADFDC0EB4110E1E7F8B5074640
:10D1100014460E4621B91146BDE8F840FEF72AB97B
:10D1200022B9FEF7D9F825462846F8BD00F064F983
:10D13000A0420FD221463846FEF71CF905460028CA
:10D14000F2D031462246FEF78DF831463846FEF7DA
:10D15000C3F8E9E73546E7E72DE9F0478E689E42D8
:10D1600082460C469046994637D88A8912F4906FC9
:10D1700031D0256809696F1A6569022305EB4505F9
:10D1800095FBF3F509F101033B449D4238BF1D4671
:10D19000530530D52946FEF7EDF8064650B90C2365
:10D1A000CAF80030A38943F04003A3814FF0FF3059
:10D1B000BDE8F0873A462169FEF754F8A38923F4C5
:10D1C000906343F08003A381266165613E44ED1BBB
:10D1D0002660A5604E464E4500D94E463246414631
:10D1E0002068FEF74AF8A3689B1BA36023681E44CF
:10D1F00026600020DCE72A46FFF788FF0646002865
:10D20000E2D121695046FEF767F8C8E72DE9F04FF3
:10D210009DB0804603938B891D060C4616460FD59C
:10D220000B696BB94021FEF7A5F82060206128B991
:10D230000C23C8F800304FF0FF30C7E04023636193
:10D240000023099320238DF8293030238DF82A30CC
:10D250004FF0010B37463D4615F8013B0BB1252B2E
:10D260003ED1B7EB060A0BD0534632462146404624
:10D27000FFF772FF013000F0A480099B534409932B
:10D280003B78002B00F09D8000234FF0FF32CDE96A
:10D290000523049307938DF853301A932F460522E4
:10D2A00017F8011B4F48FFF703FC049BD0B9D906C0
:10D2B00044BF20228DF853201A0744BF2B228DF83B
:10D2C00053202A782A2A15D0079A2F4600200A25AB
:10D2D000394611F8013B303B092B4DD9B8B10FE06D
:10D2E0002F46B8E73F4A801A0BFA00F01843049023
:10D2F0003D46D3E7039A111D12680391002A01DB12
:10D30000079204E0524243F00203079204933B78F1
:10D310002E2B0CD17B782A2B33D1039B1A1D1B6833
:10D320000392002BB8BF4FF0FF33023705932E4D09
:10D33000397803222846FFF7BBFB38B14023401B56
:10D3400003FA00F0049B034301370493397827481C
:10D350008DF8281006227E1CFFF7AAFB002838D083
:10D36000234B13BB039B073323F0070308330393BB
:10D37000099B4B4409936DE705FB023201200F46E0
:10D38000A6E700230137059319460A25384610F809
:10D39000012B303A092A03D9002BC8D00591C6E7E2
:10D3A00005FB012101230746F0E703AB009322466A
:10D3B000104B04A94046FEF7CBF8B0F1FF3F814681
:10D3C000D6D1A3895B063FF536AF09981DB0BDE8FD
:10D3D000F08F03AB00932246064B04A94046FEF7AC
:10D3E0006DFBEAE72CE3030032E3030036E30300BE
:10D3F00051B5030059D1030051F8043C181F002B0C
:10D40000BCBF0B58C01870474FF0FF3C06E000BF90
:10D410004FF0010C02E000BF4FF0010C4DF804CDBD
:10D420004FEA410C7FEA6C5C4FEA430C18BF7FEA7D
:10D430006C5C1BD001B050EA410C0CBF52EA430CAB
:10D4400091EA030F02BF90EA020F0020704710F12B
:10D45000000F91EA030F58BF994208BF90422CBFBA
:10D46000D8176FEAE37040F0010070474FEA410CB3
:10D470007FEA6C5C02D150EA013C07D14FEA430CD1
:10D480007FEA6C5CD6D152EA033CD3D05DF8040B42
:10D49000704700BF8446104662468C461946634674
:10D4A00000E000BF01B5FFF7B7FF002848BF10F14B
:10D4B000000F01BD4DF808EDFFF7F4FF0CBF012090
:10D4C00000205DF808FB00BF4DF808EDFFF7EAFF0C
:10D4D00034BF012000205DF808FB00BF4DF808EDC7
:10D4E000FFF7E0FF94BF012000205DF808FB00BFBC
:10D4F0004DF808EDFFF7CEFF94BF012000205DF846
:10D5000008FB00BF4DF808EDFFF7C4FF34BF012052
:10D5100000205DF808FB00BF4FEA410C7FEA6C5C1D
:10D5200002D150EA013C0AD14FEA430C7FEA6C5C1D
:10D5300002D152EA033C02D14FF0000070474FF095
:10D54000010070474FEA410212F5001215D211D5C1
:10D550006FF47873B3EB625212D94FEAC12343F0F0
:10D56000004343EA505311F0004F23FA02F018BF72
:10D57000404270474FF00000704750EA013005D13B
:10D5800011F0004008BF6FF0004070474FF00000FE
:10D59000704700BFFEE700BFF8B500BFF8BC08BC8D
:10D5A0009E467047F8B500BFF8BC08BC9E46704761
:10D5B00054696E795553422053657269616C00005D
:10D5C00000000000000000003165020089630200D5
:10D5D000796302006D630200F16202003D630200A4
:10D5E00011630200D1630200F0FFFFFF00000000A2
:10D5F0002965020012010002000000408628440054
:10D60000000101020301000009020900000100A05D
:10D610003200000030313233343536373839414248
:10D620004344454653656565640000005849414FD1
:10D630002D57696F2D53583132363200416461667F
:10D6400072756974000000004D6173732053746F2C
:10D650007261676500000000312E300075736264EE
:10D6600000000000050F3900021810050038B60848
:10D6700034A909A0478BFDA0768815B66500010185
:10D68000011C100500DF60DDD88945C74C9CD265C0
:10D690009D9E648A9F00000306B200020001030001
:10D6A0000000000015700200A5700200D170020099
:10D6B0001971020025720200F972020000000000D8
:10D6C00000000000717D020000000000817D02006A
:10D6D000917D0200297E0200797F02000000000097
:10D6E00000000000B1740200C9740200CD74020091
:10D6F000E5740200AD750200D5770200000000005D
:10D7000000000000718C0200958C0200998C0200D0
:10D71000BD8C0200E58D020065950200000000004E
:10D7200000000000957802000579020031790200BE
:10D73000597902008D7A0200917A020000000000FF
:10D740000000000049860200A1860200BD8602009A
:10D75000E1860200396D0200198802000000000015
:10D760005F757362645F7164656600004F4E000010
:10D770004F4646006175746F2D4341443A206368FB
:10D78000616E6E656C206275737920616674657276
:10D7900020726574726965732C2061626F727420E7
:10D7A0005458000054585F52455155455354206C0D
:10D7B000656E3D2575207372633D25752073746118
:10D7C00074653D2564000000737461727454726165
:10D7D0006E736D69742829206661696C65642C20FC
:10D7E00073746174653D25640000000054585F4403
:10D7F0004F4E452061697274696D653D256C7520D9
:10D8000075732C2073656E74207669612073726362
:10D810003D257500545820686172642074696D65F7
:10D820006F7574202825752062797465732920E24C
:10D83000809420726573657474696E672072616488
:10D84000696F0000434144204952512074696D655D
:10D850006F757420E2809420726573657474696ECC
:10D860006720726164696F002D2D2D006175746FE2
:10D870002D43414420257300646973706C617920E5
:10D880006E616D6520E286922027257327000000D7
:10D89000726164696F205354414E44425900000044
:10D8A000726164696F20524553554D4520286F6B56
:10D8B0003D25642900000000454E5445525F424F0B
:10D8C0004F544C4F414445522072657175657374D5
:10D8D000656420E2809420726573657474696E6774
:10D8E00020696E746F204446550000004F54415F1C
:10D8F000424547494E20726563656976656420E25A
:10D90000809420666C6173682077726974657220F8
:10D910006E6F7420696D706C656D656E7465640002
:10D920006672616D65207061727365206572726FD9
:10D93000722030782530325820287372633D257567
:10D9400029000000494E464F000000004552522079
:10D95000000000005741524E000000005B25735D3F
:10D960002025730A0000000076302E382E3000008B
:10D970002D0000007869616F5F6E726635325F77E7
:10D98000696F00005B424F4F545D20726573657490
:10D990005F726561736F6E3D256420282573290AC7
:10D9A000000000005849414F206E5246353238344D
:10D9B00030202B2057696F2D5358313236320000FA
:10D9C0005B424F4F545D206669726D7761726520CE
:10D9D0002573206F6E20257320726561647920287D
:10D9E0006C6F6F702057445420257573290A00000E
:10D9F0003F0000000000FFFF00008000000000006A
:10DA0000080008000000000000000000E80300001B
:10DA1000FFFFFFFFFFFFFFFFFFFFFFFFFFFFFFFF16
:10DA2000FFFFFFFF0000000000000000E9140300FA
:10DA300001160300F1150300E1150300D1150300E1
:10DA4000C1150300B5150300AD150300D114030083
:10DA5000A9150300711503005D150300ED14030003
:10DA60004D150300FD14030045150300F5140300D4
:10DA70002D1603000D1603003115030025150300B4
:10DA800021150300E5140300B16403000000000049
:10DA90000338FDD8704700000000D9439A99994097
:10DAA0000A0000000000D9439A9999400000A04064
:10DAB0000000FA420A0010000000D9430000FA42B8
:10DAC0000907120A0800000022FB120011032100BE
:10DAD0001106210322021406110B120B110E120E55
:10DAE00011141116220B13152111240D21142116C6
:10DAF0002215231541134114331452136116521683
:10DB000053166316641674165358313236310000BA
:10DB1000000000000000000019CF0200A9D102009F
:10DB20005D300300E5490300254A0300654A030010
:10DB30007925030055610300E92D03000961030005
:10DB4000012A0300012C0300952C03001D2803006B
:10DB500009280300BD16030085540300E1500300AB
:10DB6000E1580300C95B0300AD5C0300211703000B
:10DB7000951603004D590300E15303005D55030062
:10DB800031570300092B0300E52A0300A52A0300EF
:10DB900095250300253203005D2703006D2803004F
:10DBA000552803007D270300492B0300212A030089
:10DBB000792D030055250300252F03009928030024
:10DBC00089270300D929030069510300B1510300DB
:10DBD00069510300B151030069510300B1510300C1
:10DBE00011220300D5270300A53503006129030096
:10DBF000912703005150030081500300E5510300B9
:10DC0000A1500300B54C0300C9200300211F0300ED
:10DC1000711C03009D1D0300CD180300111B0300A0
:10DC2000ED19030079170300FFFFFFFF000000005C
:10DC3000800100008001000012AD101B12AD000039
:10DC40000000000000000000D1270300F5290300B8
:10DC50005D300300E5490300254A0300654A0300DF
:10DC60007925030055610300E92D030009610300D4
:10DC7000012A0300012C0300952C03001D2803003A
:10DC8000092803007D60030085540300E150030070
:10DC9000E1580300C95B0300AD5C03008D60030025
:10DCA000956003004D590300E15303005D550300E7
:10DCB00031570300092B0300E52A0300A52A0300BE
:10DCC00095250300253203005D2703006D2803001E
:10DCD000552803007D270300492B0300212A030058
:10DCE000792D030055250300252F030099280300F3
:10DCF00089270300D929030069510300B1510300AA
:10DD000069510300B151030069510300B15103008F
:10DD100065600300D5270300A535030061290300D2
:10DD2000912703005150030081500300E551030087
:10DD3000A1500300B54C03000101000001000100E7
:10DD400000000100010000005000B000180178013F
:10DD5000B0021803C8053006300C980C0F060300FB
:10DD600000122436480416283A4C081A2C3E0C1E81
:10DD700030421022344601132537490517293B4DFF
:10DD8000091B2D3F0D1F314311233547021426383F
:10DD90004A06182A3C4E0A1C2E400E203244031517
:10DDA00027394B07192B3D4F0B1D2F410F213345B1
:10DDB0003500420055006B008400AB00D70008011D
:10DDC0005601AE011002AC025C0320045805B506F2
:10DDD0003C08AC0A640D6B101F170F1E160E1D15A4
:10DDE0000D1C140C1B130B1A120A19110900000048
:10DDF0000108AC000000000000000000000000006E
:10DE0000000000004D6003005D600300F16003004E
:10DE1000656003005D600300556103005560030009
:10DE2000096103005D6003005D6003006D60030035
:10DE3000756003005D6003007D6003007D6003008A
:10DE40007D6003006560030065600300856003007A
:10DE50008D600300956003006D6003007560030032
:10DE60009D6003009D600300AD600300B16003008E
:10DE7000B1600300B9600300C5600300C560030022
:10DE8000C960030075600300756003005D600300F6
:10DE9000D16003005D6003005D600300D16003009A
:10DEA000D9600300DD600300E1600300DD60030072
:10DEB000E5600300DD600300E5600300DD60030052
:10DEC000E560030065600300D1600300E9600300C2
:10DED0005D600300A56E03003021120312033021A0
:10DEE000031221302130031243703407251652618A
:10DEF000526125163407437007347043615216256A
:10DF00001625615270430734340743705261251659
:10DF10002516526143703407704307341625615249
:10DF20006152162507347043000000000000000015
:10DF30000000000000000000A56E0300A56E0300B5
:10DF4000A56E0300A56E0300A56E0300A56E030079
:10DF5000A56E0300A56E0300A56E0300A56E030069
:10DF6000A56E0300A56E0300A56E0300A56E030059
:10DF7000A56E0300A1640300A1640300A56403006F
:10DF8000A9640300A1640300AD640300B16403004D
:10DF9000FF000000FF00000002000000030000007E
:10DFA000040000000500000006000000070000005B
:10DFB00008000000090000000A0000000B0000003B
:10DFC0000C0000000D0000000E0000000F0000001B
:10DFD00010000000110000001200000013000000FB
:10DFE00014000000150000001600000017000000DB
:10DFF00018000000190000001A0000001B000000BB
:10E000001C0000001D0000001E0000001F0000009A
:10E01000200000002100000022000000230000007A
:10E02000240000002500000026000000270000005A
:10E0300028000000290000002A0000002B0000003A
:10E040002C0000002D0000002E0000002F0000001A
:10E05000000000000000000005650300546D7251CF
:10E0600000000000546D7220537663006C6F6F7077
:10E070000000000043616C6C6261636B0000000093
:10E08000086200204300504F534958002E00494E6B
:10E090004600696E66004E414E006E616E003000B3
:10E0A00030313233343536373839414243444546CE
:10E0B0000030313233343536373839616263646564
:10E0C000660000202020202020202020282828282A
:10E0D0002820202020202020202020202020202038
:10E0E0002020208810101010101010101010101088
:10E0F0001010100404040404040404040410101098
:10E100001010101041414141414101010101010143
:10E1100001010101010101010101010101011010D1
:10E120001010101042424242424202020202020217
:10E1300002020202020202020202020202021010A3
:10E14000101020000000000000000000000000008F
:10E1500000000000000000000000000000000000BF
:10E1600000000000000000000000000000000000AF
:10E17000000000000000000000000000000000009F
:10E18000000000000000000000000000000000008F
:10E19000000000000000000000000000000000007F
:10E1A000000000000000000000000000000000006F
:10E1B000000000000000000000000000000000005F
:10E1C000000000496E66696E697479004E614E0008
:10E1D000000000000000000000000000000000003F
:10E1E000000000000000000000000000000000002F
:10E1F000000000000000000000000000000000001F
:10E20000000000000000000000000000000000000E
:10E2100000000000000000000000000000000000FE
:10E2200000000000000000000000000000000000EE
:10E230000080E03779C34143176E05B5B5B8934602
:10E24000F5F93FE9034F384D321D30F94877825ACE
:10E250003CBF737FDD4F1575000000000000F03FEC
:10E2600000000000000024400000000000005940B1
:10E270000000000000408F40000000000088C34004
:10E2800000000000006AF8400000000080842E4179
:10E2900000000000D01263410000000084D79741C5
:10E2A0000000000065CDCD41000000205FA00242CB
:10E2B000000000E876483742000000A2941A6D4240
:10E2C000000040E59C30A2420000901EC4BCD64233
:10E2D00000003426F56B0C430080E03779C34143DE
:10E2E00000A0D8855734764300C84E676DC1AB4354
:10E2F000003D9160E458E143408CB5781DAF154472
:10E3000050EFE2D6E41A4B4492D54D06CFF080444C
:10E31000F64AE1C7022DB544B49DD9794378EA4461
:10E3200005000000190000007D000000232D302BA7
:10E330002000686C4C006566674546470000000099
:04E3400000000000D9
:08E344000C7FFE7F01000000C8
:10E34C00000000000A00000000000306B2000800F4
:10E35C0001000000A800080002000000A00014004A
:10E36C00030057494E5553420000000000000000C6
:10E37C0000008400040007002A00440065007600B9
:10E38C0069006300650049006E007400650072004E
:10E39C0066006100630065004700550049004400B9
:10E3AC007300000050007B00390037003500460038
:10E3BC0034003400440039002D003000440030009B
:10E3CC0038002D0034003300460044002D00380086
:10E3DC004200330045002D0031003200370043006D
:10E3EC004100380041004600460046003900440018
:10E3FC007D000000000000000400000010000C0074
:10E40C003473002060D703000000000000000000FF
:10E41C0000000000000000000000000000000000F0
:10E42C0000000000000000000000000000000000E0
:10E43C0000000000000000000000000000000000D0
:10E44C0000000000000000000000000000000000C0
:10E45C000000000000000000FF1600000000C6C213
:10E46C005051D53324F400000808161200100A018C
:10E47C000D0A526164696F4C696220496E666F0ABD
:10E48C0056657273696F6E3A202022372E372E3103
:10E49C002E30220D0A506C6174666F726D3A202218
:10E4AC004164616672756974206E52463532220D74
:10E4BC000A224A756E203131203230323622202227
:10E4CC0031363A34323A3432220000000100000076
:10E4DC000000000000000000000000000000000030
:10E4EC00000000000200000000000000000000001E
:10E4FC00000000000000000000000000030000000D
:10E50C0000000000000000000000000000000000FF
:10E51C0000000000000000000000000000000000EF
:10E52C0000000000000000000000000088880020AF
:10E53C000090D0030C880020208800203488002014
:10E54C00488800200862002000000000F0E1030071
:10E55C0010E20300D0E10300000000000000000006
:10E56C00000000000000000000000000000000009F
:10E57C00000000000000000000000000000000008F
:10E58C00000000000000000000000000000000007F
:10E59C00000000000000000000000000000000006F
:10E5AC00000000000000000043000000000000001C
:10E5BC00000000000000000000000000000000004F
:10E5CC0000000000000000004300000000000000FC
:10E5DC00000000000000000000000000000000002F
:10E5EC0000000000000000004300000000000000DC
:10E5FC00000000000000000000000000000000000F
:10E60C0000000000000000004300000000000000BB
:10E61C0000000000000000000000000000000000EE
:10E62C00000000000000000043000000000000009B
:10E63C0000000000000000000000000000000000CE
:10E64C00000000000000000043000000000000007B
:10E65C0000000000000000000000000000000000AE
:10E66C00000000000000000043000000000000005B
:10E67C00000000000000000000000000000000008E
:10E68C000000000000000000E1BD030041B20300E7
:10E69C0000000000C2E003008CE0030031E3030043
:10E6AC0031E3030031E3030031E3030031E3030002
:10E6BC0031E3030031E3030031E3030031E30300F2
:10E6CC00FFFFFFFFFFFFFFFFFFFFFFFFFFFF00004C
:10E6DC0001004153434949000000000000000000C4
:10E6EC00000000000000000000000000000000001E
:10E6FC0000004153434949000000000000000000A5
:10E70C0000000000000000000000000000000000FD
:10E71C000000000001620200356202002566020062
:10E72C00B5D10200C1030300D949030021630300E2
:0CE73C008569030045A40300116202007F
:040000033000930531
:00000001FF
