:020000022000DC
:106000000000042099400400D9400400DB40040053
:10601000DD400400DF400400E14004000000000017
:10602000000000000000000000000000AD3F040080
:10603000E540040000000000CD3F0400E9400400FA
:1060400085420400EB40040035140400EB400400DA
:10605000EB400400EB4004007D180400EB4004001A
:10606000EB400400EB400400EB400400EB40040074
:10607000EB400400EB400400EB400400EB40040064
:10608000EB400400313D0400EB400400EB40040011
:10609000EB400400EB400400EB400400EB40040044
:1060A000EB400400EB400400EB400400EB40040034
:1060B000EB400400EB400400000000000000000082
:1060C000EB400400EB400400EB4004007148040086
:1060D000EB400400EB400400EB400400F16C0200D4
:1060E00081140400EB400400EB40040000000000B9
:1060F00000000000EB40040000000000E94804003C
:10610000000000000000000000000000000000008F
:10611000000000000000000000000000000000007F
:10612000000000000000000000000000000000006F
:10613000000000000000000000000000000000005F
:10614000000000000000000000000000000000004F
:10615000000000000000000000000000000000003F
:10616000000000000000000000000000000000002F
:10617000000000000000000000000000000000001F
:10618000000000000000000000000000000000000F
:1061900000000000000000000000000000000000FF
:1061A00000000000000000000000000000000000EF
:1061B00000000000000000000000000000000000DF
:1061C00000000000000000000000000000000000CF
:1061D00000000000000000000000000000000000BF
:1061E00000000000000000000000000000000000AF
:1061F000000000000000000000000000000000009F
:10620000F1EE103A43F08073E1EE103A704700BFB0
:1062100010B5054C237833B9044B13B10448AFF3E0
:1062200000800123237010BD2C64002000000000BA
:1062300054AB040008B5034B1BB103490348AFF34B
:10624000008008BD000000003064002054AB040052
:10625000154B002B08BF134B9D46A3F5803A002138
:106260008B460F461348144A121A1FF0C4FF0F4BF7
:10627000002B00D098470E4B002B00D098470020F1
:10628000002104000D000D48002802D00C48AFF397
:1062900000801FF037FF200029001DF04FFF1FF086
:1062A0000BFF00BF000008000000042000000000F9
:1062B000000000002C64002030A20020000000003C
:1062C000000000000146014800F08EBA646400201E
:1062D00038B5064B1D783DB100242046013400F04E
:1062E00049FEE0B28542F9D838BD00BF60640020A5
:1062F000407DFF2806D010B500F088FD044618B197
:10630000204610BD002070471EF06AFC204610BDDC
:10631000407DFF280ED000B583B00DF1070100F0DD
:10632000C9FD20B19DF8070003B05DF804FB4FF0F4
:10633000FF30F9E74FF0FF30704700BF407DFF2886
:1063400011D000B583B001220DF1070100F06AFD04
:1063500020B94FF0FF3003B05DF804FB9DF8070053
:1063600003B05DF804FB4FF0FF307047407DFF281D
:1063700001D000F0FFBD7047407DFF2801D000F044
:106380003FBE0020704700BFF8B50646407DFF289D
:106390001CD017465AB10D46144600F011FD29468F
:1063A000224680B1707D00F08FFD241A01D138465D
:1063B000F8BD05441EF014FC707D00F001FD294677
:1063C00022460028EED13F1B3846F1E70020F8BDF9
:1063D0000AB32DE9F043524991F81C6191F81D511F
:1063E00091F81E7193B0994614467B1CAA1C8046F6
:1063F000B01C81F81C0181F81D2181F81E3101A813
:10640000422200211FF0F7FEB9F1410F05D800200C
:1064100013B0BDE8F083422070478DF806608DF818
:106420000E608DF82660721C40F20126D2B2ADF8E3
:106430001060DFF8F0C08DF81E20242640F6083EDC
:106440006B1C8DF827208DF83120ADF804E08DF815
:1064500016608DF820608DF82460CDF818C00426F1
:106460004FF0060C65F07F0540F209424FF0010E37
:1064700098F81410ADF80C208DF81CE005228DF86A
:106480001F608DF830608DF822C040F207568DF8FD
:1064900025C08DF82A5020464FF0030E63F07F048C
:1064A0004FF0080C02234FF411658DF814108DF88D
:1064B00007308DF808308DF809308DF812308DF8DE
:1064C00021308DF815208DF823208DF82BE08DF8E4
:1064D0002CC04FF00A0EADF82E504FF0400C01A921
:1064E000ADF8286007258DF833308DF840208DF801
:1064F0004140422244F20204ADF838608DF83B304E
:106500008DF83A708DF834E08DF83CC08DF83F502E
:10651000ADF842401FF04BFE422013B0BDE8F083BF
:106520006464002020010524A0F11000FFF750BF93
:1065300070B50368184A5B6882B093428DF8071003
:1065400024D10546407DFF281DD000F039FC0DF117
:10655000070601243146224688B1687D00F0B4FC6C
:10656000241A02D1012002B070BD06441EF038FB8F
:10657000687D00F025FC314622460028EDD1C4F1AB
:10658000010002B070BD002002B070BD01220DF10B
:106590000701984702B070BD89630200437DFF2B5D
:1065A00000D07047094B1A78002AFAD110B500F1D3
:1065B000100442750649204601221A7000F0E0F9E5
:1065C00021460448BDE8104000F0F0B860640020A7
:1065D0002090040064640020407DFF2807D000B5AF
:1065E00083B000F0EDFB20B103B05DF804FB0020A8
:1065F000704701901EF0F4FA019803B05DF804FBB7
:1066000001B900B1704700B583B0694600F0EEFBF8
:10661000009BB3F5966F02D003B05DF804FB00F069
:106620007DFBF9E730B4084B084A4FF47F4102F193
:106630000805002430324FF47A7099821D60C3E956
:1066400001401A6130BC704748640020309004005B
:106650002DE9F0410024484E2546435D4719A3B17A
:1066600003F14002D2B2012A0AD9F42B08D81A0643
:106670000ED44FF0010EA3F55842B2F5006F56D27A
:1066800001354719435D002BEAD12046BDE8F08172
:1066900003F0E002C02A57D003F0F002E02A66D0EF
:1066A00003F0F802F02AEBD103F007024FF0040EDA
:1066B0007B7803F0C00CBCF1800FE1D197F802C0E9
:1066C0000CF0C00803F03F03B8F1800F43EA8213D7
:1066D000D6D10CF03F0CBEF1030F4CEA83132DD042
:1066E000FA7802F0C007802FCAD102F03F0242EAD6
:1066F0008313A3F58032B242C2D8A3F55847B7F549
:10670000006FBDD3B3F5803F05F1040510D31E2CF7
:10671000BBDC6300970A0B44C2F30902A7F52057BC
:10672000A2F5105221F814705A80023495E775448E
:10673000202CAAD021F8143001348EE7A3F5006292
:10674000B2F5784F97D39BE77A7802F0C007802F95
:1067500003F01F0394D102F03F0242EA8313A3F136
:106760008002B2F5F06F8BD24FF0020E83E703F098
:106770000F024FF0030E9BE7FFFF0F0090F8503120
:106780000B2B0CD871B103F1480210B45C1C80F8DB
:10679000504140F822105DF8044B18467047002322
:1067A000184670470B461846704700BF70B5044640
:1067B0000E68B4F81821B4F81A31656936689B1A66
:1067C00008469BB294F81C112A44B04758B1B4F85B
:1067D00018216369104480B2A4F81801588094F815
:1067E0001C211A71012070BD2DE9F043284DDFF8FE
:1067F000B090AC4604468846BCE80F0089B003AFB1
:106800000FC703AE0FCE05F1140E25460FC59EE847
:106810000700DCF800303B806B4636682E8003C3EF
:106820006B4603CB012504F118034FF480766361B6
:10683000A061E16184F8202004F59870C4F81891F3
:106840002022A4F81C61002184F81E511FF0D3FC03
:1068500040F20947042240F2EF230E4E0E48C4F8DE
:1068600028010021C4F82C1184F85021A3804FF492
:10687000E131A571C4F82071C4F824610748FFF71D
:106880008DFE404600F038FA284609B0BDE8F08396
:1068900064900400949004009C90040048640020DC
:1068A000090000010048704764640020014B5869EA
:1068B000704700BF646400202DE9F04F89B0F8B143
:1068C000032816D02B4C94F8503183424FD94830CE
:1068D00004F5AA7154F82000FFF7BAFEC0B20130E7
:1068E000400040F44070A4F85201234809B0BDE8CC
:1068F000F08F204CD4F82C0150B104F5AA71EBE7CD
:106900001C4CD4F82031A4F854314FF44170EAE71C
:10691000684600F005FA054610B300F1FF3A0DF1A4
:106920000103164FE94653FA8AFAA64604AE97E8E1
:106930000F0019F801CB86E80F000CF00F080DF1DD
:10694000200BD8440BEB1C1C18F8108C1CF8103CC6
:10695000AEF85681D145AEF854310EF1040EE6D1B1
:106960006800C0B20130400040F44070BBE7002036
:10697000BCE700BF64640020B6650020849004007A
:1069800010B504460248FFF7F9FE207110BD00BFA4
:106990006464002030B5144C236883B013B31868C6
:1069A00051B90CF0DDFA236893F90400012103B01A
:1069B000BDE830401EF048BB0C4B0093002501237E
:1069C0008DF805308DF8045002AB13E906000CF089
:1069D00063FA236893F90400294603B0BDE8304008
:1069E0001EF032BB03B030BDF865002080BA8C01C8
:1069F0000448006828B108B500680CF0B7FA012017
:106A000008BD7047F8650020084B1B6843B141B9C9
:106A1000074B4022C3F88020BFF34F8FBFF36F8F27
:106A20007047034B40221A60704700BFF865002092
:106A300000E100E0024B53F8200000B1C06870474D
:106A4000FC65002030B4094CBDF8085054F82040D3
:106A500044B1246934B10846A44611461A462B466F
:106A600030BC6047002030BC704700BFFC65002090
:106A700030B4084CBDF8085054F8204044B1646963
:106A800034B10846A44611461A462B4630BC60472E
:106A900030BC7047FC65002000207047024B18682E
:106AA00008B190F860007047046600202DE9F843B3
:106AB000234C2568002D3CD01E462C2303FB00539D
:106AC0001746D3F8209088460446B9F1000F32D01B
:106AD000484620F05CFA2C2303FB0454D4E9095403
:106AE000DFF864C0174B08280246494628BF082231
:106AF0004046002D08BF6546002C08BF1C461FF00D
:106B000056FB284620F043FA10280246294628BFA3
:106B1000102238461FF04BFB204620F038FA04289C
:106B200002462146304628BF0422BDE8F8431FF044
:106B30003EBBBDE8F883DFF814900820CBE700BF28
:106B400004660020C4900400B4900400A8900400DF
:106B500070B5104E3368D3B12C2404FB00340546C5
:106B600062691AB19047336884F832002C2202FB24
:106B7000053393F8324014B10124204670BD2846F5
:106B800023463A22022101F0E7F8204670BD1C4658
:106B9000204670BD04660020074B1B6853B110B43B
:106BA0002C2404FB0030C46A038E0C6013805DF853
:106BB000044B7047704700BF0466002008B52022D0
:106BC0000023052101F0C8F84FF0FF3008BD00BFD9
:106BD00030B4094C24685CB10D4611462C2202FBEE
:106BE0000044E46924B11A462846234630BC1847BD
:106BF000012030BC704700BF0466002030B4094C4F
:106C0000029A246854B10D462C2101FB0044A4686B
:106C100024B119462846234630BC18474FF0FF30B0
:106C200030BC70470466002030B4094C029A2468D6
:106C300054B10D462C2101FB0044E46824B11946EF
:106C40002846234630BC18474FF0FF3030BC704711
:106C500004660020044B1B682BB12C2202FB003081
:106C6000036903B11847704704660020054B1B6891
:106C70002BB12C2202FB0030836903B1184701209D
:106C8000704700BF0466002005F0DCBB00B5164B62
:106C900083B04022002483F8272301A90123204642
:106CA0008DF804308DF8054002F0DAFE4FF0804395
:106CB00002A8D3F8385400F8084D1DF09DFA0B4B8C
:106CC000019301A81DF0C4FA1DF0D4FAEB0707D414
:106CD00000214FF0FF3002F04DFFFFF7F9FAF7E720
:106CE000204605F0AFFBF3E700E100E0896C02000D
:106CF000002005F01DB800BF00B5002383B00322BB
:106D0000CDE9002303490448C8221BF0D1FF03B09A
:106D10005DF804FBC89004008D6C02001EF00CB9F5
:106D20004FF08052536E1BBA0360136E1BBA436060
:106D30000820704700487047D090040070B51E4C82
:106D40002368D3B1012901D0012070BD1578C5F3A6
:106D50004115012D13D0022D0FD15478012C21D0D3
:106D6000022CF1D19388072B07D1144C11462389AB
:106D70002246BDE8704003F035BE002070BD51785A
:106D80002229E1D111465288003218BF01225A75DA
:106D900003F010FE2268D369002BD5D0507D9847B0
:106DA000284670BD9C69002CE7D011462378224606
:106DB000BDE8704003F016BE0866002004600020A5
:106DC00010B5044602F034FE08B9002010BD02F0F0
:106DD00037FE0028F9D1044B4FF4367202FB04341D
:106DE000207900F0010010BD8C660020064A4FF4A7
:106DF000367303FB00230833186808609A889B7970
:106E00008B718A80704700BF8C66002008B5044AE9
:106E10004FF4367303FB0020103002F055FC08BD20
:106E20008C6600202DE9F8434FF4367404FB00F41F
:106E30001E4E4FF6FF73074604F110054FF6FE7025
:106E4000824288BF1A463544284692B202F066FC58
:106E5000804602F0EDFD10B94046BDE8F88302F02F
:106E6000EFFD81460028F7D13444E378002BF3D0BE
:106E7000284602F041FC3F28EED9E178484603F06D
:106E8000E7FC0028E8D0284602F036FC3F2804D86A
:106E9000E178484603F0ECFCDEE7054AE178484635
:106EA00002EBC712402303F0F3FCD5E78C66002009
:106EB0000C660020034A4FF4367303FB00201030A9
:106EC00002F096BC8C6600202DE9F8434FF436752D
:106ED00005FB00F5244F4FF6FF73064605F1240429
:106EE0004FF6FE70824288BF1A463C4492B220465A
:106EF00002F0B8FC8046204602F0E6FB3F2802D8AC
:106F00004046BDE8F88302F093FD0028F8D002F077
:106F100097FD81460028F3D1204602F0D5FB0028DA
:106F2000EED03D444846A97803F092FC0028E7D013
:106F30000E4B402202EBC6161E442046314602F09C
:106F4000EDFB034660B13246A978484603F0A0FC49
:106F50000028D5D1064B1B68DB07D1D500BECFE793
:106F6000A97803F085FCCBE78C6600200C66002036
:106F7000F0ED00E02DE9F041804602F059FD10B936
:106F80000020BDE8F08102F05BFD07460028F7D144
:106F90004FF4367404FB08F4164E04F1240535440E
:106FA000284602F091FB0028EAD026443846B17802
:106FB00003F04EFC0028E3D040220F4B02EBC81830
:106FC00098442846414602F0A9FB044660B1424677
:106FD000B1783846234603F05BFC40B9074B1B6889
:106FE000DB07CDD500BECCE7B17803F041FC2046ED
:106FF000C7E700BF8C6600200C660020F0ED00E0C3
:1070000008B5044A4FF4367303FB0020243002F025
:1070100073FB08BD8C66002070B5204C82B0002147
:107020004FF4367220460D461FF0E5F8FF234FF46B
:10703000E132082604F138016371A26001234FF4A4
:107040008072009504F11000A67302F001FB144B4E
:107050001B78C3F38003009304F59C7101234FF464
:10706000807204F1240002F0F3FA04F50E7101209D
:107070001BF062F804F52271064601201BF05CF853
:1070800006B130B9074B1B68DB0700D500BE02B064
:1070900070BDC4E90756C4E90C05F8E78C6600200A
:1070A000B8600020F0ED00E038B5094C206A256B8F
:1070B00020B11BF065FC0023C4E907332DB128463D
:1070C0001BF05EFC0023C4E90C33012038BD00BF77
:1070D0008C66002010B50E4C0E482378002202600A
:1070E0000271DA0709D59B070DD521780A48C1F34B
:1070F0008001BDE8104002F063BC103002F040FC9B
:1071000023789B07F1D4044802F03AFCEDE700BF76
:10711000B86000208C660020B06600202DE9F041A8
:107120004B79022B82B004D00025284602B0BDE87E
:10713000F0818B79022BF7D1364EB3782BB1364BD9
:107140001B68DB07F0D500BEEEE78B7833700C7858
:107150000C4407466378242B4FF009050BD1082A0D
:1071600002D822E0AA4220D323781C441D4463782D
:10717000242BADB2F6D0052B38D0042B15D1637972
:107180000A2B12D1254A94F8008001920223013281
:107190000092384604EB08011A4603F095FA0028DD
:1071A000CDD00E3518FA85F5ADB202F041FC0028BD
:1071B000BBD002F045FC04460028B6D1F378002B82
:1071C000B3D0174802F098FA3F28AED9F17820469C
:1071D00003F03EFB0028A8D0114802F08DFA3F28AA
:1071E000F17811D8204603F043FB9EE7214638464C
:1071F00003F00AFB0028A2D0A378737023781C4404
:107200001D44ADB26378B8E7064A2046402303F038
:107210003FFB8AE78C660020F0ED00E08E660020E0
:107220009C6600200C66002038B5137803F06003DC
:10723000202B01D0002038BD294C938825789D4211
:10724000F8D15378203B032BF4D8DFE803F008157E
:107250001E02012936D0032939D0012038BD012969
:107260000CD00329F9D11F4B002BF6D01E4900206A
:10727000AFF30080012038BD0129EED1114607236C
:10728000194A03F0AFFB012038BD01291AD00329A8
:10729000E3D1164B55881B781548257113F004016E
:1072A0001CBFE94301F0010102F08AFB114B002BE6
:1072B000D3D0C5F3400205F001010020FFF7A0F98B
:1072C000012038BD114603F075FB012038BD0A4B83
:1072D000002BC2D051880020AFF30080BDE700BF73
:1072E0008C6600200000000094660020B86000203A
:1072F000B066002001660200000000002DE9F047A2
:107300005F4CE2788A420D4680461F4659D15D4E59
:107310009AB2314604F1100002F0A4FA5A4BC3B1FC
:107320006379FF2B15D0A7B106EB070A04F110090A
:1073300002E056450DD0637916F8012B9A42F8D138
:10734000484602F0D1F90028F3D16179AFF300800B
:10735000EFE74E4B23B14E4802F0C6F9002863D048
:1073600002F066FB002862D1A3789D4202D0012082
:10737000BDE8F087474B13B10020AFF3008002F067
:1073800057FB00282BD1444802F09EF90028EED18B
:10739000002FECD017F03F07E9D1A178404603F069
:1073A00057FA0028E3D0A17840463B463A4603F01E
:1073B0006FFA0028DBD1394B1B68DA070CD500BE09
:1073C000D6E7A3788B42D5D0344B1B68DB0703D5B7
:1073D00000BE0020BDE8F0870020BDE8F08702F085
:1073E0002FFB05460028CED12B4802F06DF900286E
:1073F000C9D0A178284603F02BFA0028C3D0402238
:107400002749254802F08AF9034600282CD028464F
:10741000234AA17803F03CFA0028A8D11F4B1B682F
:10742000D907B0D500BEAEE7AFF3008098E702F011
:1074300007FB0646002897D1E378002B94D0144828
:1074400002F05AF93F288FD9E178304603F000FA6C
:10745000002889D00E4802F04FF93F28304607D85F
:10746000E17803F005FA7FE7A17803F001FA8AE7F3
:107470004023044AE17803F00BFAA37875E700BFD4
:107480008C6600200C660020000000000000000058
:107490009C66002000000000B0660020F0ED00E0D7
:1074A0004C660020704700BF01207047704700BF46
:1074B000704700BF044B0022C3E90022C3E9022247
:1074C000C3E90422704700BFE46A0020012070472E
:1074D000044B0022C3E90022C3E90222C3E90422CB
:1074E000704700BFE46A00202DE9F0434B79032B7D
:1074F00083B004D00024204603B0BDE8F0830B79AC
:10750000C3EBC3041234A4B2944205D9254B1B68C3
:10751000DA07EFD500BEEDE7234A5578002D3ED0BF
:10752000557B002DF2D102F10C054FF4A0770E78B7
:107530008A1992F801C0BCF1210FE7D1AA608946EF
:10754000895D80466E1CA81C1144CDE900061A46D0
:107550004046032303F0B8F80028D7D099F8063046
:10756000A978012B04BF99F80730EB700123AB71A8
:1075700099F80220AB682A70B3F80730AB80002975
:10758000B9D00A4A40463A44402303F081F9002822
:10759000B1D1044B1B68DB07ADD500BEABE7154688
:1075A0008027C4E7F0ED00E0E46A00206469002071
:1075B0002DE9F047137803F01F06012E82B003D0A7
:1075C000002002B0BDE8F087DFF80882978898F8BD
:1075D0000040FFB2BC4200F0B08098F80C40BC42C2
:1075E000EED13746B4464FF0C00E4FF0130A4FF0BD
:1075F000120913F060030C460546164604D1012912
:1076000000F0A4800120DCE7202BD9D15378013B86
:107610000A2BD5D801A252F823F000BFF176020060
:10762000E7760200D1760200C1750200C175020042
:10763000C1750200C1750200C17502009176020099
:10764000697602004976020001291BD00329D9D1AD
:1076500073880C2606FB0786DBB260461946B371B9
:10766000FFF720FF0120ACE70129CBD173880C2262
:1076700002FB07871B0A60461946FB71FFF714FFE0
:1076800000289DD03146284603F094F9012098E760
:10769000012900F086800329B4D1F48871884B4B0E
:1076A000402C4FEA1122204628BF402011F0FF0154
:1076B000734407D0012C05D91C788C4202D10138C3
:1076C00080B2013300906046FFF7D2F9012078E7DD
:1076D000012997D108EB090231462846234603F0D9
:1076E00081F920466DE701298CD108EB0A02F3E706
:1076F000012987D1F3887188344F402B4FEA11223A
:10770000184628BF402011F0FF01774454D0012BC8
:1077100052D9013880B239707B1C00906046FFF767
:1077200091F90444A3B2002B49D1294A1268D20727
:107730007FF546AF00BE184643E74FF0000E774690
:10774000F4464FF0070A4FF0060952E75378062B2C
:107750007FF436AF53881B0A212B12D0222B7FF4E3
:107760002FAF6046FFF766F97B001F4408EB8708E0
:10777000024631462846B8F8043003F033F9204673
:107780001FE77B001F4408EB8708D8F80820002A71
:107790003FF416AF1378314602B0BDE8F04703F06E
:1077A00021B9F388402B3FF60BAF084A31467244AB
:1077B00003F018F9204604E73B460024ADE73A46BB
:1077C0003146284603F00EF90120FAE664690020EC
:1077D000F0ED00E0E46A0020F0B52C4CA678657866
:1077E0008E4283B0074610D0A9422CD0A07B657B87
:1077F00088423FD0A94244D0254B1B68DA0702D407
:10780000002003B0F0BD00BEFAE780264FF0400C28
:107810000020A9429BB21AD01E4D3544FAB90093FC
:1078200011462B460222FFF723F92A46A178384653
:10783000402303F02DF80028E3D1154B1B68DB072C
:10784000DED500BEDDE74FF0400C00209BB21149B1
:1078500061444AB91A46FFF729FE0120D1E72A46BA
:107860000221FFF725FEE0E70A460121FFF720FE8F
:107870000120C6E70C344FF4A0764FF4807C012041
:10788000C7E74FF4807C0120E0E700BFE46A0020F6
:10789000F0ED00E06469002070B5194C82B0002161
:1078A0000D464FF4EC7220461EF0A5FC04F13801A1
:1078B0000123802204F11000009501F0C9FE04F1BB
:1078C000B80101238022009504F1240001F0C0FEDC
:1078D00004F59C7101201AF02FFC04F5C4710646D2
:1078E00001201AF029FC30B9064B1B68DB0700D5D4
:1078F00000BE02B070BDC4E90756C4E90C05F8E744
:107900007C6B0020F0ED00E038B5094C206A256B57
:1079100020B11BF035F80023C4E907332DB1284608
:107920001BF02EF80023C4E90C33012038BD00BF42
:107930007C6B002010B5084C002304F11000C4E952
:107940000033C4E9023302F01BF804F12400BDE85F
:10795000104002F015B800BF7C6B00202DE9F04309
:107960004B79012B83B004D00025284603B0BDE835
:10797000F0838B79012B0C46064616D049780429F2
:10798000F2D10025032BEFD1E379002BECD1DFF806
:10799000FC8098F8013013B998F802700FB3384B97
:1079A0001B68DB07E0D500BEDEE7CB79002BDBD11F
:1079B0000B781C449DB2617824290BD1954202D9E1
:1079C000D2E7AA42D0D323781C442B4461782429DF
:1079D0009DB2F6D00429C7D16379012BC4D1A37914
:1079E000D0E7A37888F8003094F8009021794D44CE
:1079F000ADB2A14439B925E099F800308F421D4459
:107A0000ADB299441ED2AA421CD399F80130052B7D
:107A1000F2D149463046019202F0F6FE019A002862
:107A2000BDD099F80230D90914BF88F8013088F820
:107A3000023099F80030217901371D44FFB2ADB210
:107A40009944D9E70F4801F057FE3F288DD998F89F
:107A50000210002002F0FCFE002886D0094801F048
:107A60004BFE3F2898F8021003D8002002F000FFD8
:107A70007BE7054A4023002002F00AFF75E700BFBC
:107A8000F0ED00E08C6B00203C6B00207C6B002054
:107A900000207047F8B53C4DAA788A421F4612D1A3
:107AA0009AB23A4905F1100001F0DCFE384B13B1EF
:107AB0000020AFF30080374801F01EFE3F282CD88D
:107AC00001242046F8BD6B788B4208D0324B1C68ED
:107AD00014F00104F5D000BE00242046F8BD06468F
:107AE00005F1240001F0F0FD40BB2C4801F0ECFD55
:107AF0000028E5D1002FE3D017F03F07E0D16978E7
:107B0000304602F0A5FE04460028D9D069783046F8
:107B10003B463A4602F0BCFED3E7A978002002F0CB
:107B200097FE04460028CBD01A4801F0E5FD3F2817
:107B3000A9781ED8002002F09BFEC2E769780020D9
:107B400002F086FE0028D0D04022154905F124001D
:107B500001F0E4FD034690B1114A6978002002F07B
:107B600097FE0028ACD10C4B1B68DB07BDD500BECF
:107B7000BBE7064A4023002002F08AFEA1E76978AD
:107B800002F076FEB1E700BF7C6B00203C6B00206A
:107B9000000000008C6B0020F0ED00E0A06B0020E6
:107BA000FC6A002030B4114B9C689A6B93F83C50EF
:107BB00083F82C10A21A022183F830109A6225B99A
:107BC00042F2050183F83E50998744B13AB11A7BDD
:107BD000D20906D193F82F1030BC02F099BE30BC08
:107BE000704793F82E1030BC02F092BE546F002004
:107BF00038B5214B214C05461BB1607BFFF736F8A9
:107C0000A8B1A06BA36894F82F101D4A1B1AB3F5F6
:107C1000007F28BF4FF4007328469BB202F038FE65
:107C200020B9184B1B68DB0700D500BE38BDA26821
:107C3000A36B84F83E0042F20771D31A0120A1879A
:107C40000221A36284F82C0084F83010002AEDD0C1
:107C5000002BEBD0237BDB0906D194F82F102846AC
:107C6000BDE8384002F054BE94F82E102846BDE816
:107C7000384002F04DBE00BF6D6C0200546F002012
:107C8000546D0020F0ED00E070B5304CE28AA3683E
:107C900052BA92B286B0054612B1B3FBF2F292B27A
:107CA000A66BD4F81110607B9B1BB3F5007F28BF37
:107CB0004FF4007309BA0093B6FBF2F302FB1362B0
:107CC0001944234BFEF79AFF031E20DB94F82E2065
:107CD0000DD011469BB228461D4A02F0D9FDA0B92D
:107CE0001C4B1B68DB0710D500BE06B070BD072417
:107CF000194603A88DF80C508DF8102005938DF8C7
:107D000011308DF80D4002F0B7FB06B070BDA268CF
:107D1000A36B43F602200021D31AA08784F83E10FB
:107D200001200221A36284F82C0084F83010002A7C
:107D3000EBD0002BE9D0237BDB0914BF94F82E1085
:107D400094F82F10284602F0E3FDDEE7546F002080
:107D5000546D0020F0ED00E010B4054C012084F8D3
:107D60003C1084F83D2084F83E305DF8044B7047A9
:107D7000546F00204022002101481EF03CBA00BF91
:107D8000546F00204022002101481EF034BA00BF89
:107D9000546F00204B79082B01D0002070478B795D
:107DA000062BFAD1CB79502BF7D1162A06D81C4BCB
:107DB0001B68D907F1D500BE0020704770B5194D7A
:107DC0008B7885F82D300B7882B005F12F0205F104
:107DD0002E0619440223CDE900261A46044602F075
:107DE00073FC48B90E4B1B68DA0702D500BE02B01F
:107DF00070BD002002B070BD204695F82F100A4AD1
:107E000000241F2385F8304002F042FD30B9044BB6
:107E10001B68DB0702D500BE1720E8E71720E6E75E
:107E2000F0ED00E0546F0020546D0020012901D0D6
:107E300001207047F0B5137803F07F01022985B067
:107E4000054606D003F06003202B1AD0002005B0B1
:107E5000F0BD5478012CF5D15388002BF6D1434E58
:107E6000918896F83030042BC9B279D096F82E401C
:107E70008C423DD096F82F408C4257D0012005B05F
:107E8000F0BD5378FE2B16D0FF2BDFD15388002B8B
:107E9000DCD1D488A3B2002BD8D1344E1146284669
:107EA00086F83030C6E90D33B48786F83E3002F0EC
:107EB00081FD0120CBE75388002BC7D1D388012B4C
:107EC000C4D12B498DF80F3000294DD00192FEF717
:107ED000E5FD019A0028B9D0431EDBB204AC11467F
:107EE00004F8013D28462246012302F07BFDC5E748
:107EF000022BC3D1B26BB3681E4F9B1AB36206F15B
:107F000020030FCB07C73A46214602F80C39032459
:107F100028460D2386F8304002F0BAFC0028ADD187
:107F2000154B1B68DB0791D500BE90E7002BA5D150
:107F3000214602F0DFFC0028A0D12146284602F0AD
:107F400005FD00289AD1002496F82F10094A86F8DA
:107F5000304028461F2302F09BFC0028E0D08DE72C
:107F600002F0D6FC204672E70B46B7E7546F0020BC
:107F70009D6A0200546D0020F0ED00E02DE9F04113
:107F8000B44C94F83050012D8EB01E46074645D0B3
:107F900028D3032D05D0022D5FD001200EB0BDE8FF
:107FA000F08194F82E308B42F7D10D2EF5D1E37B82
:107FB000282B00F01A812A2B40F00D81A64B13B11B
:107FC000607BFEF747FE002594F82F10A34A84F843
:107FD00030501F23384602F05BFC002861D094F833
:107FE0003050D8E794F82F508D42D6D11F2B06D1B0
:107FF000DFF868829A4BD8F800209A4271D00423A7
:1080000094F82E1084F83030384602F081FC38465F
:1080100094F82F1002F07CFC0020BFE7B3F5007F3E
:1080200008D9904B1B68D90700D500BE00200EB0C0
:10803000BDE8F081E27BA36B282A00F087802A2A22
:1080400000F08F80217B626B1E44CB09A66336D083
:1080500096422CD3022384F8303094F82E10384600
:1080600002F074FC002898D1A368A26B94F82E60EB
:10807000934202D9217BC9092ED19B1A7A4AA36265
:108080000FCA764D07C52A46314602F80C3903253A
:1080900038460D2384F8305002F0FAFB00287FF4B4
:1080A0007CAF704B1B68DB07C0D500BE76E76D4B1D
:1080B0001B68DA0793D500BE94F830506BE793B293
:1080C000607B664A04F10F01FEF778FD0028C0F2DC
:1080D0009F80A66B626BBBE73146384602F018FC06
:1080E0005BE7C446BCE80F0026460FC69CE80F00BD
:1080F00007C626F8023B1B0C3370D4E90123E17B51
:108100005A4E626201200022282963632662A2621D
:1081100084F82C20A26384F8300000F0AD802A2976
:1081200000F0DF80002B00F0EF80227BD20940F0CE
:10813000EB80B3F5007F00F26F819BB22946474A7E
:10814000384602F0A5FB0028ABD048E7626B1E441E
:108150009642A663BFF47EAFFFF796FD94F83050C9
:1081600019E7E28A52BA92B21AB1A168B1FBF2F2EF
:1081700092B2D4F81110394DB3FBF2FC09BA02FBEC
:108180001C32607B009661442B46FEF74DFD0028B3
:10819000C0F2FB81864230D9361A40B1A36B291850
:1081A00013FA80F332462846A3631EF00BF800232F
:1081B00094F82F508DF818500722194605A88DF80D
:1081C000147007968DF819308DF8152002F054F9C7
:1081D00094F83050DFE6264B002B3FF4F4AE04F168
:1081E0000F01607BAFF30080EDE6224B002B3FF4E4
:1081F000EAAE607BAFF30080E5E6D4E90D231E44D0
:108200009642A663BFF426AF3846FFF7F1FCE6E6D8
:10821000A368A66B94F83C1084F82C509A1B02209B
:10822000A26284F8300021B942F2050084F83E10C1
:10823000A087002B3FF44EAF002A3FF44BAF237BC7
:10824000DB0940F0E58194F82F10384602F060FB1E
:108250003FE700BF546F0020556C0200546D0020B2
:1082600055534243F0ED00E0746F002055534253E4
:108270000000000000000000E28A52BA92B20BBB7C
:10828000002A3FF4E7AE94F83C10A362022284F87F
:108290002C2084F8302000297FF4DFAE42F2050163
:1082A0000022A18784F83E20002B3FF4D6AE237B2A
:1082B000DB0940F09A812946384602F029FB94F800
:1082C000305068E6207BC00913D0002A00F080817E
:1082D000B3FBF2F2002A00F0A3812829384694D19A
:1082E0003AE7E28A52BA92B2002BC9D0207BC00989
:1082F000EBD094F83C10A362022284F82C2084F87E
:1083000030200029CAD0D2E7667B252900F22B81D4
:10831000DFE811F0220129012901E50029012901E5
:1083200029012901290129012901290129012901FD
:108330002901290129012901BD002901290129015A
:108340002901290129012901990087002901290111
:10835000710029012901290129014C002901260068
:10836000304604AA05A9FEF717FC059B002B00F078
:108370004481BDF81020002A00F03F81013B1BBA68
:1083800012BAC8E900320820A368002B44D09842F2
:1083900028BF184683B26063A64A94F82E10384668
:1083A00002F076FA00283FF47CAE18E605AD002313
:1083B0000DF10E02304604A96B600593AB60FEF729
:1083C000EBFB049A002A00F01881BDF80E30002B58
:1083D00000F0138112BA082106925BBA0222ADF8AE
:1083E0001E308DF817108DF81C2095E8070088E8DE
:1083F00007000C20C8E7904B03B33046227DE17C98
:10840000AFF30080D0B994F83C302BB943F6022288
:108410000023A28784F83E3001213846FFF7C2FBD3
:10842000DDE5864B53B1E17C3046C1F3400301F0FA
:1084300001020909FEF7CCFB0028E4D0A368002B59
:108440003FF408AEE8E79DF816307D49002203F0BE
:10845000800362F3C7138DF8163003238DF81520BF
:108460008DF817208DF81430002900F0E180304697
:10847000FEF7FCFB9DF8163080F0010060F3C71397
:108480008DF81630059BC8F8003004207CE74FF0CB
:10849000203302250022CDE90522304607A909AA8A
:1084A00008934FF0800C079309930D93CDE90A339D
:1084B0000C931F260DAB8DF816508DF8175005AD97
:1084C0008DF818608DF815C0FEF7F0FA0FCD594EF3
:1084D0000FC60FCD0FC62B683360242054E794F8E5
:1084E0003C2094F83D0094F83E10DFF848C1DFF8D6
:1084F00058E14FF000084FF00003CDE90588CDE9C1
:10850000078862F303038DF81630F0220A23ADF8D2
:1085100024808DF820008DF821108DF814208DF81E
:108520001B3005AD0FCDACE80F002B68ACF8003068
:10853000BEF1000F76D0ACF1100130464FF400725E
:10854000AFF300800028A4F83C8084F83E800FDB65
:1085500000283FF473AF17E73046FEF7F9FA00281A
:108560003FF451AF6AE794F83C30002B7FF454AFEE
:10857000A38E304A3349607BFEF720FB0028FFF6CC
:108580004BAF00283FF45AAFFEE6A36BA2681E442F
:1085900043F602200021931BA08784F83E1001209F
:1085A0000221A663A36284F82C0084F83010002A0C
:1085B0003FF453AD002B3FF450AD237BDB0914D1C6
:1085C00094F82F10384602F0A3F994F83050E2E402
:1085D000012294F83C1084F82C200222A36284F833
:1085E000302000293FF45AAE5EE694F82E1038464B
:1085F00002F08EF994F83050CDE494F83C30002B22
:108600007FF40AAF43F6022284F83E30A28703E7E4
:1086100094F82E10384602F07BF9D4E90D2617E5C0
:108620000222D6E7A4F83CE084F83EE01220ABE654
:1086300001201FE7546D002000000000D16B0200F4
:108640006D6C0200636F00200000000070B5134CD9
:10865000134E84B020464FF4AE7200211DF0CBFDC6
:108660004025002304F58E720092CDE901561A468A
:10867000194604F1B000039504F068F92E4404F1A2
:1086800070020023CDE90025CDE90265201D1946C1
:10869000012204F05BF904B070BD00BF147000202B
:1086A000946F002010B5054C04F1B00004F07AF985
:1086B000201D04F077F9012010BD00BF14700020C8
:1086C00038B5074C2046002500F8B85B01F058F992
:1086D00004F10C0001F054F984F8B150657138BD13
:1086E000147000204B79FF2B01D0002070472DE93A
:1086F000F04FDFF824B19BF8B13083B04BBB9BF84F
:10870000053033BB0B788A460AEB02050AEB0304FB
:1087100089788BF80010A542064614D91AF8032070
:10872000A3189D420FD36278042A0CD00B2A0AD0DA
:10873000052A0BF1B8080BF1B0070BF10C0917D0A3
:108740009D421C4609D8A4EB0A0080B203B0BDE8E4
:10875000F08F002003B0BDE8F08F1A7813449D42DB
:10876000F1D36278042AEED00B2AECD0052AE7D1A7
:108770002146304602F048F8002843D0A378DB09B0
:1087800005D19BF8B1301BB32278A318D8E79BF82A
:108790000530002BF8D14846019301F0F1F8A2789A
:1087A0008BF80520A2889BF804C0019B1849C2F3EE
:1087B0000A02A2F50072B2FA82F2520962F3410C87
:1087C00018468BF804C004F037F92278A318B7E7ED
:1087D000404601F0D5F8A3788BF8B130A3889BF818
:1087E000B020C3F30A03A3F50073B3FA83F35B0964
:1087F00063F34102394630468BF8B02004F064F947
:108800000028C1D1034B1B68DB07A2D500BEA1E73E
:1088100018700020F0ED00E01470002070B51C4CC2
:1088200094F8B1208A4205461E460FD1B4F8BC2008
:10883000F2B9184B23B1B2B217490020AFF3008050
:108840002846164904F040F9012070BD63798B4237
:1088500001D0002070BD124B1BB1B1B20020AFF3AC
:1088600000801049284604F0E7F848B1012070BDA7
:10887000B2B2D4F8B41004F1B80000F0F3FFD8E7B6
:1088800032462846074904F099F8012070BD00BF20
:108890001470002000000000946F0020C4700020BD
:1088A0000000000018700020F8B50E688D88B778B9
:1088B0003544AE420BD23B469F42344603D10BE0D7
:1088C0006378042B05D023781C44A542F8D80020F7
:1088D000F8BDA3789F42F6D1E3789A42F3D1A5423E
:1088E000F5D9237D012B06D9144B1B68DA07EED589
:1088F00000BE0020ECE723790D46DBB1012BE6D169
:108900002278E389617A1344114423442144994233
:1089100004D3DCE70A7811448B42D8D94A78052A77
:10892000F8D101F071FF28B9044B1B68DB07CED5E5
:1089300000BEF8BDA41BEC800120F8BDF0ED00E006
:10894000C28832B9654B1B68DB0700D500BE00202A
:108950007047F0B40378624803EB830403EB4403ED
:10896000C058831803D08E781C7BA64207D95B4B76
:108970001B68D90700D500BE0020F0BC70472EB997
:10898000012C01D90120F8E701268E7001248C60AA
:10899000C1F80E404C7700256FF03F0481F822505B
:1089A0008C766FF003056FF06404CD760C774D4D37
:1089B000C1F81E50082481F82340825CB3F80D40B2
:1089C00014441C441344A342D1D2474F9D78102D28
:1089D0000CD827FA05F0C04310F0010006D1DA7870
:1089E000964203D107E05A78242AEFD01A7813442C
:1089F0009C42F8D8BBE79C42B9D0062D06D0102D7A
:108A000004D0042DB9D1012248730A73CF781A79A2
:108A1000974218D81FB9012AB4D80127CF701A7805
:108A20001A44A2420FD2967806F0FD0CBCF1050F55
:108A30000FD0112E03D10CE05678242EF3D01678E7
:108A400032449442F8D8254B1B68DA0794D500BE0F
:108A500093E7D678B742F2D19442F4D0D1F81240DD
:108A60008CB9062D30D0102D2ED0042D09D1B2F89E
:108A70000560B2F807505C7D05FB06F304FB03F4C8
:108A8000E408C1F812404B6863B9557E012D3FF6EA
:108A900079AFD2F81A3025B9D2F81E209A427FF465
:108AA00071AF4B60114AA2FB03235A0BCBD0631E5C
:108AB0001344B3FBF2F30233B3F5807F28BF4FF4C6
:108AC0008073C1F816305DE7B2F80530B2F80740A0
:108AD00004FB03F42401E408D3E700BFF0ED00E059
:108AE0007071002003010101501001005917B7D126
:108AF0002DE9F84F0B785D4C03EB83050E4603EB35
:108B000045030989E7589146804679B13944CB78C5
:108B100003F00303012B00F09480738933B13B44CD
:108B2000DA7802F00302012A00F091807488B58897
:108B300000233C44B381F38133827382B382F38296
:108B40003D44A278AC4238BF134609D29A4203D1C1
:108B50000CE06378042B06D023781C44A542F8D897
:108B60000020BDE8F88FA3789A42F5D1E3789945C3
:108B7000F2D1A542F4D994F804A0BAF1020F15D8A5
:108B8000E31BF380B9F1000F16D023781C44BAF12F
:108B9000000F4CD04FF0000B06E06378052B28D077
:108BA000042B03D023781C44A542F6D8304B1B6815
:108BB000DA07D5D500BED3E7737F012B12D006F1BB
:108BC0001E03494686F81D90A6F81890A6F81A903C
:108BD000184630221DF00FFB01463046FFF7B0FE6D
:108BE0000028BDD023781C44BAF1000FD2D1012057
:108BF000B7E7E37803F00303B9F1000F01D0012BCD
:108C000018D0022BACD12146404601F0FDFD28B31F
:108C100006EB4B03E21B1A8122780BF101039A4504
:108C200014444FF0010BBFD8B9F1000FDFD002237D
:108C30007377DCE7A388B269C3F30A039342E2D2F5
:108C40008EE700233381897801F08EFE65E70022EC
:108C500072819978404601F087FE67E7044B1B68F4
:108C6000DB077FF57DAF00BE7BE700BF70710020A2
:108C7000F0ED00E010B4064C06480023C4E90033D0
:108C80001946C4F807304E225DF8044B1DF0B3BA04
:108C9000707100207C7200200120704710B4064CD7
:108CA00006480023C4E900331946C4F807304E22B1
:108CB0005DF8044B1DF09FBA707100207C7200209B
:108CC0002DE9F0414B790E2B04D04FF000084046BF
:108CD000BDE8F0818B79012BF7D1CB79012BF4D151
:108CE0003E4E33682BB13E4B1B68DB07EDD500BE13
:108CF000EBE714460F461A46314605463760B48006
:108D0000FFF7D2FD0028E0D0F2883368B978134429
:108D10003C44A74293F814C03B4605D308E05A7878
:108D2000042A4DD00B2A4BD01A7813449C42F6D813
:108D3000BCF1000F4ED02B494A88002AD3D1D81B52
:108D40001FFA80F83272A1F802809C4293F802E088
:108D50000A8098BF034605D80BE05A78042A2BD026
:108D60000B2A29D01A7813449C42F6D8DB1B1FFA31
:108D700083F80022BCF1010FA1F804804A77B2D138
:108D800017FA80F017FA83F3984281780AD2827832
:108D90008A4203D118E04278042AF8D002781044BD
:108DA0008342F8D8284600220E49FFF7A1FE00288A
:108DB0008BD0A6F804808AE79A787245D2D0D5E79E
:108DC0009A788A42B0D0B3E7C278012AE6D18342CA
:108DD000EFD1E7E7DB1B1FFA83F8EAE770710020A9
:108DE000F0ED00E07C7200202DE9F047167806F0E7
:108DF0001F04012C8CB004D0002420460CB0BDE828
:108E0000F087DFF8F892B2F804C0D9F80070804615
:108E100015465FFA8CF317B1BA789A422CD0B44F4A
:108E20007C88002CE9D03A7802EB820002EB400209
:108E300059F802E07444A2789A42DDD1C6F3411693
:108E4000F3B2002B00F09C80012B12D15FEA1C2CA6
:108E50000FD16B881B0A022B00F02E81062B00F02D
:108E60001781012B00F0F580A24B1B68DB0700D5B2
:108E700000BE07233B77BFE7C6F34116F4B2002CD0
:108E800047D0012C25D15FEA1C2C26D0B9F806204A
:108E9000BB18B95CDA89114419448B420ED29A7816
:108EA000023A052A06D8DA78624503D107E05A78F3
:108EB000242AF4D01A7813449942F8D849B10023EF
:108EC00089F80930012498E78A4B1B68D90700D537
:108ED00000BE072389F809308EE76B881B0A012B37
:108EE00000F09580022BEFD16B78812B00F0478149
:108EF000862BE9D10129E2D10B46404629467E4A1C
:108F000001F070FD0028DAD1FF2389F80930002430
:108F100073E76B780A2B4AD00B2B3ED10129CED1B7
:108F2000EB88002BF0D1B9F80630FA181179A9B105
:108F3000F85CD189537A0144034413440A449342B0
:108F400005D395E119780B449A4240F29181597802
:108F50000529F7D19978404601F006FD0026A9F8C9
:108F600006606A8865494046FFF79EFC0446002873
:108F7000CAD02946404601F01DFD89F809603CE74A
:108F80006B780A2B27D00B2B7FF46EAF012900F0F2
:108F9000BD8000233B7701242FE7564B1B6813F05D
:108FA00001032FD107221C4689F8092025E7012952
:108FB00085D1EB88012BA7D1B9F80620BF18A3D023
:108FC0000CAAF97802F8301D294601F00BFD044681
:108FD0000028D2D198E70129DBD1EB88012B35D1CC
:108FE000FB889BB31EEB030330D00CAADB7802F89E
:108FF000303D40460B46294601F0F4FC044628B3B8
:109000003E77FAE600BE072389F80930F5E66B786B
:10901000812B00F0D180862B00F0BE80012B7FF4E5
:1090200053AF012900F0CB8002297FF448AF344BC5
:10903000002B3FF444AF99F80A100020AFF30080F2
:10904000B0FA80F489F809006409D6E6FF233B777B
:10905000D2E67B7F0BB187F81DC06C78842C61D879
:10906000822C65D2012C00F00A81812C7FF4FCAEA9
:1090700001298ED1EB883BB1294640463023214A55
:1090800001F0B0FC002884D1FF233B770024B4E634
:109090006B78812B00F0A180862B7FF4E5AE01294F
:1090A0007FF477AF294640460123134A01F09AFC2A
:1090B00000287FF46EAFE7E76B78812BD8D040F2C1
:1090C000B080852B00F09780862B7FF4CDAE0129F0
:1090D0007FF45FAFEB88012BD6D10B464046294683
:1090E000094A01F07FFC00287FF453AFCCE700BFB2
:1090F0007C720020F0ED00E0099104007071002006
:10910000000000009A7200200A9104006A88394623
:109110004046FFF7EDFC002898D02946404601F074
:1091200049FC36E7862CD2D065D3872C7FF49CAEE1
:1091300001297FF42EAFEB88002BA5D0B64EE9466F
:1091400006F1300A30687168B268F368CC46ACE862
:109150000F0010365645E146F4D19DF80210002963
:1091600040F09F80832C00F08381872C00F0648185
:10917000822C00F0618108233B7700243DE6012921
:109180007FF49DAE294640460123A44A01F02AFC03
:1091900000287FF494AEB7E601297FF490AEEB8807
:1091A000012B7FF4B1AE294640469D4A01F01AFCDE
:1091B00000287FF484AEA7E601297FF480AEEB8817
:1091C000012B7FF4A1AE294640460123954A01F0C8
:1091D00009FC00287FF473AE96E601297FF4D9AE2E
:1091E0000B464046294607F11C0201F0FBFB002814
:1091F0007FF4CFAE48E701297FF4CBAEEB88022B9A
:109200007FF442AF0CAA302122F8301D4046294697
:1092100001F0E8FB044600283FF436AF00233B771B
:10922000EBE5012B7FF420AE01293FF425AF0229A5
:109230007FF4AFAE7849A1F11E00FFF781FB044631
:1092400060B3794B7A6BBA613BB1734A79783878FD
:10925000AFF3008000287FF49CAE74490023022005
:109260004FF480720880C7E903337B61BA83C4E599
:109270006F4B1B68D8077FF547AE00BE44E6012957
:109280003FF4FAAE02297FF484AE6349A1F11E00D7
:10929000FFF756FB044600287FF47BAE08233B779C
:1092A000ABE59DF8030000287FD1FA88002A3AD068
:1092B0001EEB020337D01EF80220B3F80D005D4EFE
:1092C00010441844134498420FD99A78102A04D8AD
:1092D00026FA02F2D20700F1D5801A781344984298
:1092E000F1D95A78242AF8D1EDE70346832C5AD0D5
:1092F000872C4CD0822C7FF43EAF01218DF80310D7
:109300001A781A44904237D9947804F0FD06052E55
:1093100010D0112C0ED0147822449042F2D95478F7
:10932000242CF8D1EEE7424B1B68D9077FF523AF19
:1093300000BE20E7D478A142EDD1997806291DD04E
:1093400010291BD004297FF416AFB2F80510B2F82B
:1093500007205B7D02FB01F203FB02F3DB08CDF883
:1093600012306A4629464046302301F03BFB044652
:1093700000283FF489AE51E70246DEE7B2F8051057
:10938000B2F8073003FB01F31B01DB08E7E79A782B
:10939000062A06D0102A02D0042A7FF4ECAE997D6A
:1093A000ACE79979AAE71979A8E7019B002BD8D1F6
:1093B000FA88002AB7D01EEB0203B4D01EF802E0F0
:1093C000B3F80D20DFF86CC072449E1873449E42BF
:1093D0000ED99A78102A03D82CFA02F2D20756D462
:1093E0001A7813449E42F2D95A78242AF8D1EEE72B
:1093F00033461A7813449E4264D99A7802F0FD01EC
:10940000052948D0112A46D01A7813449E42F2D931
:109410005A78242AF8D1EEE79A7200207971002058
:109420000A9104007A710020000000007C71002085
:10943000F0ED00E05010010001238DF8023001230F
:109440004FF00112029300230392ADF810304FF653
:10945000C0428DF8223040F29B13ADF81A20ADF8CF
:109460001C30404ACDF81E2008238DF8233078E7C1
:10947000FB88002BE3D01EEB0303E0D01B7B8DF8B1
:109480000230DCE7DA7891427FF427AF2EE7DA7812
:109490009142A5D1ADE7DA789042B5D1823C052C56
:1094A0003FF669AE01A252F824F000BF2D950200EC
:1094B00011950200F3940200779102007791020067
:1094C000C99402003346E9E7D3F8151042F210734D
:1094D000B1FBF3F3019100293ED0DDF812208BB9E6
:1094E000931CB3F5807F28BF4FF48073CDF81630FE
:1094F00037E75A7E72BBD3F8221042F21073B1FBE9
:10950000F3F3E7E7013A1A44B2FBF3F30233E8E777
:109510005A7ECAB1053203EB8202D2F80210D3F8A8
:109520001A3042F21072B3FBF2F3D3E75A7E72B1F3
:10953000053203EB8202D2F80220D3F81A1042F26D
:109540001073B2FBF3F3C5E7D3F81E10E7E7D3F8C7
:109550001E20F2E7002301930023ADF81630ADF88A
:109560001830FEE6030101012DE9F84F334C238941
:1095700053B12278324F02EB820502EB45057D594B
:109580002B449F788F420AD02E4B1B68DB0703D5F4
:1095900000BE0020BDE8F88F0020BDE8F88FD4E9B8
:1095A00004369E4205460BD327490023C4E9033302
:1095B000636119B161781046AFF300800120E9E7DB
:1095C00001F046F90028E7D0DFF88090A36999F808
:1095D0000000D4E9042BA2EB0B0808EB00069E4226
:1095E00028BF1E46B04213D9164B1B6813F0010367
:1095F00001D000BE002339462846144A01F048F93C
:109600000028DBD10F4B1B68DA07C5D500BEC1E7C8
:10961000E168A6EB000A5944484452461CF0C7FDD5
:109620000BEB0A03D0456361B3B2E4D199F8012092
:1096300042F0020289F80120DDE700BF7C720020C1
:1096400070710020F0ED00E0000000007C7100204F
:109650002DE9F041B2F5004F9DF8188030D804464E
:10966000C0681E460F46154618B14FF0FF3118F07E
:10967000D1FF206918B14FF0FF3118F0CBFFE2881D
:10968000E068276066F30E02C2F30721002368F347
:10969000C711E2806381A580E171238118B11A4668
:1096A000194618F06FFB206938B100231A46194695
:1096B00018F068FB0120BDE8F0810120BDE8F081D1
:1096C0000020BDE8F08100BF03894289808892B202
:1096D0009BB2934236BFC2EB40029B1A9B189BB2CF
:1096E000984228BF18467047028943899BB2981A4E
:1096F000B0FA80F04009704703894289808892B2AD
:109700009BB2934236BFC2EB40029B1A9B189BB29E
:10971000984286BFC01A80B2002070472DE9F843F6
:10972000054600690E46174618B14FF0FF3118F094
:1097300071FF2B896989A8889BB289B28B4236BF99
:10974000C1EB40045C1AE418A4B2002C4AD0A04239
:1097500006D283422CBF191A191889B269810446AE
:10976000BC4228BF3C468842A4B203D8091A89B239
:109770008842FBD9EA882B68401AC2F30E0887B2E8
:109780001FFA88F2BC4202FB013125D917FB08F908
:109790001FFA89F94A4630461CF009FDE21B12FB0C
:1097A00008F206EB090092B229681CF000FD6A89F4
:1097B000A88892B211198BB29A4215D940001B1A8F
:1097C0009BB228696B8120B100231A46194618F014
:1097D000D9FA2046BDE8F88302FB04F230461CF0BB
:1097E000E6FCE4E769898BB240008342E9DBE6E707
:1097F00038B5054600690C4618B14FF0FF3118F036
:1098000009FF29896B89AA8889B29BB2994236BF20
:10981000C3EB4200C81A401880B200B3824209D29A
:1098200091422CBF8B1A8B189BB29A426B8103D842
:109830009B1A9BB29A42FBD9EA882968C2F30E02AE
:10984000204602FB03111CF0B2FC0124286920B160
:1098500000231A46194618F095FA204638BD0446EA
:10986000F4E700BF2DE9F0471446002A4FD0054623
:10987000C0680F4618B14FF0FF3118F0CBFEEA79FF
:109880002E896989AB88D209B6B289B242D18E429B
:1098900036BFC1EB4301711A891989B2994252D27C
:1098A000591A89B28C42E88828BF0C46C0F30E08CA
:1098B000B342304603D8C01A80B29842FBD21B1A7A
:1098C0002A681FFA83F9A14508FB002047D219FB3B
:1098D00008FA1FFA8AFA524639461CF068FCA4EBD3
:1098E000090212FB08F207EB0A0192B228681CF089
:1098F0005EFCA3199BB2AA88B3424FEA420201D38D
:10990000934201DB9B1A9BB2E8682B81F8B9204691
:10991000BDE8F087E8889C42C0F30E080FD28E4263
:1099200023D3721A92B2580022448242C0DBCE186E
:10993000361BB6B2B14220D9361AB6B2B8E7E41A2D
:1099400008FB0477B3B9E86800240028DFD00023BF
:109950001A46194618F016FA2046BDE8F08708FBAB
:1099600004F239461CF023FCC3E75800421A324483
:1099700092B2D9E70E461C4698E7B04298DCDBE786
:1099800010B50446C06818B14FF0FF3118F042FE20
:10999000206918B14FF0FF3118F03CFEE068002359
:1099A0006381238118B11A46194618F0EBF9206932
:1099B00020B100231A46194618F0E4F9012010BD21
:1099C00038B5C379B1EBD31F1FD00446C0680D462C
:1099D00018B14FF0FF3118F01DFE206918B14FF09B
:1099E000FF3118F017FEE379E06865F3C713E37100
:1099F00020B100231A46194618F0C4F9206920B195
:109A000000231A46194618F0BDF9012038BD00BFE1
:109A1000704700BF704700BF0020704700207047AC
:109A2000704700BF704700BF704700BF704700BF5E
:109A3000024B5878003018BF012070472473002073
:109A4000024B1878C0F38000704700BF24730020D9
:109A5000024B1878FF3818BF0120704718610020AA
:109A60002DE9F047374E3378FF2B82B004D0012523
:109A7000284602B0BDE8F087002946D03822884643
:109A80000746002130481CF0B6FB304B304900251A
:109A900001201D7018F050FB2E4B1860002834D0A8
:109AA0002D4C2346626833F80C0B6188009518F042
:109AB000F7F8A168054618F087FF284B1D6075B3BD
:109AC000274B23B12748AFF30080274B1860254C64
:109AD000DFF89CA02278DFF8909000252B460EE05E
:109AE000D9F8003013EB45130FD05B686BB1984782
:109AF00022780135EDB2511DA9422B4615DBAA4251
:109B0000EED89B1A0AEB4313EFE7184B1B68DA07F2
:109B100000D500BE0025284602B0BDE8F087134BF3
:109B20001B68DB07F6D500BEA2E741463846377012
:109B300001F050FE05460028F1D0384601F04CFEF9
:109B400096E700BF186100202473002024740020D1
:109B5000D47200205C730020BC6000206073002081
:109B600000000000D0720020CC720020F0ED00E078
:109B70000C910400B94B1B78FF2B00F0A1812DE95B
:109B8000F04F04468BB04FF47A7200238002A10D8F
:109B90001CF0CCF8B24DDFF8E4B2B24E8246671C3E
:109BA000286800F02481002C00F02181BAF1000F18
:109BB00014BF5246012207A918F09AFBC0B19DF8C4
:109BC0001D30013B072B00F21481DFE813F0F20097
:109BD000D300CA00BF00B700410014000800089B72
:109BE0000BB109989847286818F0C0FE0028D6D114
:109BF0000BB0BDE8F08F9DF820109B4B01F07F0764
:109C000003EB470303EBD11393F826006FF3000037
:109C100083F8260093F826006FF3820083F826006D
:109C2000002F00F04581914A1B7D12789342C0F0CD
:109C30003381501D9842C0F234819B1A0BEB4313C1
:109C40009F699DF82120099B9DF81C00B847CAE731
:109C5000874A1378002B00F024811378013BDBB294
:109C60001370137803F0FF00002BBCD1DFF8F891DC
:109C70009DF81C8099F8003043F0010389F800300A
:109C800099F8263060F3000389F8263099F82630D9
:109C900060F3820389F8263099F8273060F30003D7
:109CA00089F8273099F8273060F3820389F8273044
:109CB00000F002FF9DF8203003F06002602A00F0FF
:109CC0000681402A00F00A8103F01F03012B00F0F7
:109CD000D581C0F01281022B40F0F9809DF824104C
:109CE00001F07F07082F00F2F2807B00C809019382
:109CF0004B44034400905D481F7D03789F4280F0F1
:109D00000F82336803EB4717002A00F0108257B127
:109D1000786900F0D1FE7B69404608AA0121984786
:109D200000287FF460AF9DF81C00002101F0BEFF09
:109D300080219DF81C0001F0B9FF54E74A4B1B78C5
:109D4000D8077FF550AFFFF771FE4CE7464B1A7806
:109D5000D7077FF548AF1878C0F3C000FFF764FE5F
:109D600041E7414BDB78D9077FF53DAF0898FFF716
:109D700051FE38E73D4F9DF81C903A7800239846F5
:109D800010E0336813EB481300F08080DB6848462E
:109D900098473A7808F101085FFA88F8511D88451C
:109DA000434645DC9045A3EB0203EAD30BEB431398
:109DB000ECE72E4F9DF81C903A78002398460FE070
:109DC000336813EB48135BD0DB68484698473A7812
:109DD00008F101085FFA88F8511D884543460FDCF9
:109DE0009045A3EB0203EBD30BEB4313ECE72246C6
:109DF000E1E6204B1B68DA077FF5F5AE00BEF2E620
:109E00003822002118481CF0F6F91B4A4FF0FF33A6
:109E1000C2E90533C2E90033C2E90233D3611384D6
:109E2000136100F03FFE104B9DF820209A70DAE697
:109E3000382200210C481CF0DEF90F4A4FF0FF33A6
:109E4000C2E90533C2E90033C2E90233D3611384A6
:109E5000136100F027FEFFF7E5FDC4E6186100205E
:109E600060730020CC72002024730020D072002088
:109E700024740020F0ED00E0287300200C91040011
:109E8000A44B1B68D907CCD500BECAE7A14B1B6801
:109E9000DA07DED500BEDCE7326812EB43137FF44D
:109EA000CFAE9C4B1B68DB077FF5A2AE00BE9FE6E2
:109EB000099B9DF821209DF81C0000F013FE92E6FE
:109EC0007047FCF7F3FC0246002840F0E981914B13
:109ED0001B68DA077FF527AF00BE24E78E4800280D
:109EE0003FF421AF00F0E8FD404608AA0121FCF74D
:109EF00025FF00287FF477AE15E7202A00F0F180D7
:109F0000002AE4D19DF82130092BE0D801A252F8B3
:109F100023F000BF3BA002001BA00200CF9E020066
:109F20005DA00200CF9E0200FD9F0200A99F0200DB
:109F3000CF9E0200939F02003D9F02009DF82230B9
:109F400001931A4699F801309A4200F0548199F829
:109F50000130002B40F05481019B89F80130002B27
:109F600000F04781581EC0B2FCF7A0FC18B143783E
:109F7000022B00F0C181674B1B68DB0700D500BED8
:109F8000644B1B68D80700D500BE002389F8013058
:109F9000C9E60AAA99F8013002F80E3D40460123AD
:109FA00008A900F01FFD1EE6BDF82200030A5A1E94
:109FB000C0B20E2A3FF6B7AE01A151F822F000BFA1
:109FC000B3A202008FA202007FA20200279D02001E
:109FD000279D020061A202008FA20200279D0200BD
:109FE000279D0200279D0200279D0200279D020059
:109FF000279D0200279D0200E3A2020008A800F0AE
:10A0000061FD40469DF8221001F0ECFB99F800300C
:10A0100043F0020389F80030E5E5BDF82230012B5A
:10A020007FF481AE99F8003040466FF3C30308A96E
:10A0300089F8003000F0BEFCD5E599F800309908A9
:10A0400001F00201C3F340130AAA0B4322F80E3DAC
:10A050004046022308A900F0C5FCC4E5BDF8223043
:10A06000012B7FF460AE99F80030404643F00803BE
:10A0700008A989F8003000F09DFCB4E59DF8243073
:10A080000F2B3FF650AE4B44244A1B791778BB4246
:10A0900038D2376817EB43173FF445AE786900F0C4
:10A0A0000BFD7B6908AA01214046984700287FF4F0
:10A0B0009AAD9DF8203013F060077FF434AE9DF820
:10A0C00021300A3B012B3FF62EAE00F0F5FC9DF847
:10A0D00021300A2B00F0FC8008A9404600F06AFC01
:10A0E00081E59DF824300F2B3FF61DAE4B440B4A03
:10A0F0001B791778BB4260D2376817EB43173FF4E0
:10A1000012AE05E67A1D9A42FFF60DAEDB1B0BEB95
:10A110004317C3E7F0ED00E03D6D0200D072002070
:10A12000581DB84239DA002A7FF4FDAD17469DF874
:10A130002130012B03D036D3032B7FF4C8AEBDF8FA
:10A1400022200292AAB9B84A012B10783DD001F022
:10A15000ADFD019B009A4B44134493F8262042F036
:10A16000020283F8262093F8262042F0010283F8A9
:10A170002620002F3FF437AD786900F09DFC7B6905
:10A18000012108AA40469847002000F095FC99F864
:10A190002730D9073FF527AD9EE7FB1A0BEB431796
:10A1A000002AC4D0B4E5019B009A4B4413442033E9
:10A1B0000AAA9B79C3F3400348E77A1D9A42FFF647
:10A1C000B2ADDB1B0BEB4317A2E501F097FD019B42
:10A1D000009A02994B44134493F8262061F34102FC
:10A1E00083F8262093F8262061F3000283F82620C6
:10A1F000BFE7FFF717FC404608A900F0DBFBF2E4DD
:10A200000021404601F000FB404601F09FFB874FD4
:10A2100099F802300293002300943A781C460CE02F
:10A220000BEB4313DB68404698473A780134E4B2BD
:10A23000501D8442234600F3CE809442A3EB0203D8
:10A24000EED2336813EB4413ECD1794B009C1B68BE
:10A25000DB0700D500BE9DF8083089F802307BE6A8
:10A26000FFF7DAFB024600283FF45DAD4046137865
:10A2700008A900F0B7FB00287FF4B5AC53E5BDF8A2
:10A280002410FCF719FB02460028EFD14BE5022B06
:10A290003FF417AEFFF7C2FB024600283FF443AD80
:10A2A0004046538808A900F09DFB00287FF49BAC32
:10A2B00039E5FCF7F7FA024600283FF408AE4046BD
:10A2C000122308A900F08EFB00287FF48CAC2AE54D
:10A2D0000AAA08A902F80E7D4046012300F082FB7D
:10A2E00081E4544B002B3FF41EADFCF723FD0246E6
:10A2F00000283FF418ADD3E7C27999F80030511126
:10A3000061F30413921162F3451389F80030438816
:10A31000CDF81080CDE900A4C318039300F109071C
:10A32000039BBB4237D97B780B2B03BF3B7897F855
:10A3300003A0FF184FF0010A7B78042B43D1039B45
:10A340003A4ACDF814A0DB1B00219BB2029112788F
:10A3500088469A4617E0346814EB481433D05246C6
:10A360003946049823699847082808F1010201D961
:10A37000824543D22D4B5FFA82F81A78CDF80880D7
:10A38000511D88451CDC029B9045A3EB0202E2D3E1
:10A390000BEB4214E3E7DDF81080DDE900A4FFF7E2
:10A3A0003FFB28E70246434604463946224802F06E
:10A3B000B1FA1E4B029A1B78053393422744AFDA59
:10A3C000DDE900A4D7E51A4B1B68DF07DDE900A42F
:10A3D0007FF5D6ADD3E5382200211848009C1BF04C
:10A3E0000AFF174A4FF0FF33C2E90533D3611384E4
:10A3F000C2E90033C2E9023313612CE7DDF814A08F
:10A40000BAF1010F1ED00021CBB2534501F1010179
:10A41000C8D2BA78134459FA83F31A79FF2AD2D1F1
:10A4200083F80480F0E700BF18610020D07200209C
:10A43000F0ED00E0356D0200387300202473002039
:10A440002873002023690A4A0A498B4208BF4FF04B
:10A45000020A9342D7D17B79012BD4D1BB79012B4E
:10A46000D1D1FB79002B08BF4FF0020ACBE700BF28
:10A470005D7902001D7102002DE9F0434378023B33
:10A4800085B005460E46042B0CD8DFE803F0495D85
:10A49000037E3F00844B1A78D70715D51A7842F00F
:10A4A00004021A70814B18688EB933464FF0FF32A0
:10A4B000294617F067FC003018BF0120F0B97C4B2B
:10A4C0001B68DB0700D500BE05B0BDE8F08304AA19
:10A4D000002342F80C3D294617F064FE019B43B16E
:10A4E000744B4FF080525A6040BFBFF34F8FBFF3A1
:10A4F0006F8F003018BF01200028E0D03246697805
:10A500002878FFF785FA05B0BDE8F0836A4A13782A
:10A510000133DBB21370654B1868002ED7D1C4E746
:10A52000614B1A786FF300021A701A7800216FF3EA
:10A5300041021A7059701A7861F382021A705B4BEB
:10A540001868002EC3D1B0E75C4FDFF874913978FA
:10A55000DFF87081002423460AE0D8F8003013EBBE
:10A5600044130AD10134E4B24A1DA242234615DB4A
:10A570008C42F2D35B1A09EB4313DB69002BF1D059
:10A580006968287898473978ECE7474B1A78D407F8
:10A590009AD51A786FF382021A7083E7424C2378B7
:10A5A00058072FD5237841496FF3820323702B7806
:10A5B0008DF8043005220023CDF80A30CDF806309E
:10A5C000ADF80E3008688DF80520002E59D004AA89
:10A5D00001A942F8103D17F0E5FD009B43B1354B52
:10A5E0004FF080525A6040BFBFF34F8FBFF36F8F61
:10A5F000003018BF012000284DD12D4B1B68D90712
:10A6000000D500BEE378DA077FF55EAF274A2B78E6
:10A61000696810688DF8043003220023CDF80A30F1
:10A62000CDF80630ADF80E3002918DF80520F6B168
:10A6300004AA01A942F8103D17F0B4FD009B43B1F4
:10A640001C4B4FF080525A6040BFBFF34F8FBFF397
:10A650006F8F003018BF012000283FF430AF324622
:10A660009DF805109DF80400FFF7D2F92CE733465A
:10A670004FF0FF3201A917F085FB003018BF012011
:10A68000EAE733464FF0FF3201A917F07BFB0030B9
:10A6900018BF0120AFE732469DF805109DF8040071
:10A6A000FFF7B6F9AEE700BF247300206073002007
:10A6B000F0ED00E000ED00E024740020D0720020F6
:10A6C0000C910400CC7200202DE9F84F0A9F002A5B
:10A6D0004CD090464A78052A0C460ED1CE7806F02A
:10A6E0000306B34209D18A7802F07F02082A0DD905
:10A6F000204B1B68DA0700D500BE1E4B1B68DB072A
:10A7000002D40020BDE8F88F00BEFAE7DFF868B099
:10A71000DFF868A09BF8009000250EE06278052A1B
:10A72000EBD1E27802F00302B242E6D1A27802F065
:10A730007F02082ADCD89BF800909AF802100022C9
:10A74000204602F095F80028D2D04846214601F074
:10A750006FF80028D1D0A278D30916BF0B9B3A70AE
:10A760001A702278013545451444D7D10120BDE83F
:10A77000F88F00BFF0ED00E0186100202473002086
:10A7800030B51E4D85B0082400230290019303913B
:10A790008DF805402868144682B9134601A94FF088
:10A7A000FF3217F0EFFA003018BF0120E0B9144B68
:10A7B0001B68DB0700D500BE05B030BD04AA01A9A7
:10A7C00042F8103D17F0EEFC009B43B10D4B4FF0EB
:10A7D00080525A6040BFBFF34F8FBFF36F8F00307E
:10A7E00018BF01200028E2D022469DF805109DF8F0
:10A7F0000400FFF70DF905B030BD00BF6073002005
:10A80000F0ED00E000ED00E038B58B7803F07F0359
:10A81000082B06D90B4B1B68DB0700D500BE0020B8
:10A8200038BD094A094B0C46204691781D78002214
:10A8300002F01EF80028EDD021462846BDE8384039
:10A8400000F0F6BFF0ED00E0247300201861002056
:10A85000CB09263301F07F010348044A03EB410191
:10A860000844116801F0BABF247300205C73002013
:10A87000CB09263301F07F010348044A03EB410171
:10A880000844116801F0D6BF247300205C730020D7
:10A8900038B5154C01F07F0504EB450404EBD114E9
:10A8A0002034A079C00706D5104B1B68DA0700D505
:10A8B00000BE002038BDA5790D4845F0010500789F
:10A8C000A57101F0F1F80028F4D1A379074A60F3EB
:10A8D0000003A371A37960F38203A3711368DB07FC
:10A8E000E7D500BE38BD00BF24730020F0ED00E0C6
:10A8F00018610020054B01F07F0203EB420303EBDC
:10A90000D11191F8260000F0010070472473002057
:10A9100010B50C4B18780C4601F0C8F90A4904F040
:10A920007F0301EB430101EBD41191F8263043F092
:10A93000020381F8263091F8263043F0010381F8B4
:10A94000263010BD1861002024730020054B01F053
:10A950007F0203EB420303EBD11191F82600C0F311
:10A96000400070472473002010B50F4B18780C4638
:10A9700001F036F80D4904F07F0301EB430101EBD0
:10A98000D41191F826306FF3410381F8263091F805
:10A9900026306FF3000381F8263091F826306FF3EC
:10A9A000820381F8263010BD186100202473002036
:10A9B000704700BF0A4630B4094C49680546106824
:10A9C000234603C30023C4E9023392F900209A42CC
:10A9D0002846ACBF802119461A4630BCFFF758BF45
:10A9E00068740020F0B50E462B4C49680746306865
:10A9F000A260254603C50021E181F588AB4228BF4E
:10AA00002B4683B0A381ADB13BB3002A3DD094F96E
:10AA10000000402B28BF402300282CDB1F4A38466B
:10AA2000FFF736FF98B91E4B1B68DB0712D500BE37
:10AA300003B0F0BD96F90030002BACBF802100219F
:10AA400038462B462A46FFF723FF0028EBD001208B
:10AA500003B0F0BD002003B0F0BD94F90020002A3F
:10AA6000ACBF194680211A463846FFF711FF00286F
:10AA7000D9D00120ECE71146084801931A461BF093
:10AA800096FB064A019B8021EEE7054B1B68D90720
:10AA9000E0D500BE1046CBE7687400202874002083
:10AAA000F0ED00E0034B0022C3E90022C3E90222DB
:10AAB0001A61704768740020014B1861704700BF2D
:10AAC000687400200346064A5968006810B41346AB
:10AAD000002403C3C2E902445DF8044B704700BF81
:10AAE0006874002070B5404C2278C909B1EBD21FC0
:10AAF00082B0064615D03BB13C4B1B68DA0700D547
:10AB000000BE002002B070BD2146FFF751FF23694F
:10AB1000002B40D02246304603219847012002B046
:10AB200070BD94F90020A068002A08DB0028E8D056
:10AB30001A462F4901931BF03AFBA068019BE58957
:10AB4000E2881D44ADB21844AA42A060E58101D05C
:10AB50003F2B23D8236923B1234A0221304698474B
:10AB600088B194F9002000239A42ACBF8021194695
:10AB700030461A46FFF78CFE68B91C4B1B68DB0792
:10AB8000BFD500BEBEE70146304601F08FF8304623
:10AB9000802101F08BF8012002B070BDA28994F9E8
:10ABA0000010531B9BB2402B28BF402300290ADB17
:10ABB00095424FF0000112D00D4A3046FFF768FE73
:10ABC0000028DAD0E7E795420BD001461A4608483C
:10ABD00001931BF0ECFA8021054A019BEDE70A4640
:10ABE000EBE780210022E8E768740020F0ED00E048
:10ABF0002874002000B1704719F082B800B1704786
:10AC000019F088B80138C3B2042B07D856230D4A6F
:10AC100003FB00F013181B79DB0706D40A4B1B68F3
:10AC2000DB0700D500BE00207047CB09363301F0AA
:10AC30007F0103EB4101054B08441044196801F002
:10AC4000CDBD00BF7C740020F0ED00E02C7600202C
:10AC50000138C3B2042B07D856230A4A03FB00F07D
:10AC600013181B79DB0701D400207047CB0936335A
:10AC700001F07F0103EB4101034B084410441968C4
:10AC800001F0D8BD7C7400202C760020F0B5441E65
:10AC9000E5B2042D83B017D8562505FB04F5174EF1
:10ACA00001F07F0405EB4404344404EBD114303448
:10ACB000A779FF070BD5124B186810F0010001D0DF
:10ACC00000BE002003B0F0BD002003B0F0BD1F4661
:10ACD00013460A460146705DA579009745F00105C7
:10ACE000A57100F0BDFB0028ECD1A37960F300034F
:10ACF000A371A37960F38203A371E3E77C7400205E
:10AD0000F0ED00E02DE9F047764DAF798F4284B049
:10AD100091461E4604465BD0E2234FF0000AA9711B
:10AD20008DF809108DF80830ADF80CA0002E00F059
:10AD3000B380012103AF0DF10808FBF72BFE41465C
:10AD40003A4602232046FBF753FE51462046FBF7C6
:10AD500021FE9DF80C30EB702223D9F800908DF87D
:10AD60000730002E3ED020460121FBF713FE3A4665
:10AD70000DF1070101232046FBF73AFE9DF80C3048
:10AD8000EB704946082300222046FBF731FE20469F
:10AD90000021FBF7FFFD0026102241F2F2032046BE
:10ADA0000121EA71ADF80830ADF80C60FBF7F2FD57
:10ADB0003A46414602232046FBF71AFE314620461A
:10ADC000FBF7E8FD9DF80C30EB7004B0BDE8F087B0
:10ADD000222303AF0DF10808D9F800908DF8073051
:10ADE000002EC0D14FF0FF31E86D17F013FC314653
:10ADF0002046FBF709FE20460121FBF7CBFD3A4632
:10AE00000DF1070101232046FBF7F2FD9DF80C3000
:10AE1000EB703246082349462046FBF7E9FD3146F0
:10AE20002046FBF7B7FD20460121FBF7EDFD334639
:10AE300032463146E86D16F0A5FF102241F2F203CA
:10AE40004FF0FF31E86DEA71ADF80830ADF80C60F5
:10AE500017F0E0FB31462046FBF7D6FD20460121E6
:10AE6000FBF798FD3A46022341462046FBF7C0FD1A
:10AE700031462046FBF78EFD20460121FBF7C4FD3D
:10AE8000334632463146E86D16F07CFF9DF80C30B3
:10AE9000EB7004B0BDE8F0874FF0FF31E86D17F0BC
:10AEA000B9FB31462046FBF7AFFD03AF2046012139
:10AEB0000DF10808FBF76EFD3A4602234146204695
:10AEC000FBF796FD31462046FBF764FD2046012145
:10AED000FBF79AFD334632463146E86D16F052FFD5
:10AEE00037E700BF307600202DE9F04F4B781D0783
:10AEF0000E4685B090460978044662D1DA0600F124
:10AF00004881B26812B1B288002A5AD1E24D03F0EA
:10AF10002006AB7966F07F068B42F6B200F06481C2
:10AF2000E2230027A9718DF809108DF80830ADF8DB
:10AF30000C70B8F1000F00F06C82012120460DF179
:10AF40000C090DF1080AFBF725FD51464A4602237C
:10AF50002046FBF74DFD39462046FBF71BFD9DF8CB
:10AF60000C30EB70F223EE718DF8096000268DF83D
:10AF70000830ADF80C60B8F1000F40F0D980E86DF2
:10AF80004FF0FF3117F046FB41462046FBF73CFDF2
:10AF900020460121FBF7FEFC4A460223514620468B
:10AFA000FBF726FD41462046FBF7F4FC2046012135
:10AFB000FBF72AFD434642464146E86D16F0E2FEA5
:10AFC00045E0B54D13F02007AA7946D1914240F0F3
:10AFD000BE800DF10C090DF1080AB37813F0100FC3
:10AFE0000CBF10222022EA2300278DF809208DF8BB
:10AFF0000830ADF80C70B8F1000F00F0FA800121B4
:10B000002046FBF7C7FC02234A4651462046FBF781
:10B01000EFFC39462046FBF7BDFC9DF80C30EB7089
:10B020007378EB71F222012120468DF809308DF8FA
:10B030000820ADF80C70FBF7ADFC51464A460223E0
:10B040002046FBF7D5FC39462046FBF7A3FC9DF8CC
:10B050000C30EB7005B0BDE8F08F914240F0A1805C
:10B060000DF10C090DF1080AB37813F0100F0CBFA5
:10B0700040228022EA2300278DF809208DF808302D
:10B08000ADF80C70B8F1000F00F0E480012120460B
:10B09000FBF780FC514602234A462046FBF7A8FCFA
:10B0A00039462046FBF776FC9DF80C30EB70328871
:10B0B0002B899A422AD0B788F2887388BF1ABFB208
:10B0C0005B099F4228BF1F4617F0FF0740F0088129
:10B0D0003A23AF708DF8097000278DF80830ADF86D
:10B0E0000C70B8F1000F00F0D98001212046FBF769
:10B0F00051FC514602234A462046FBF779FC39466B
:10B100002046FBF747FC9DF80C30EB7033782B7230
:10B1100073786B727378EB71F22200268DF8093028
:10B120008DF80820ADF80C60B8F1000F3FF427AFA0
:10B1300020460121FBF72EFC51464A4602232046B9
:10B14000FBF756FC31462046FBF724FC7FE7E22361
:10B15000A9718DF80910ADF80C708DF80830B8F1B0
:10B16000000F00F0DE80012120460DF10C090DF1E9
:10B17000080AFBF70FFC51464A4602232046FBF71C
:10B1800037FC39462046FBF705FC9DF80C30EB7088
:10B1900023E7434606F10802FFF7B4FD05B0BDE81A
:10B1A000F08FE2230027A9718DF809108DF808307F
:10B1B000ADF80C70B8F1000F00F0D98001212046E5
:10B1C0000DF10C090DF1080AFBF7E4FB51464A4664
:10B1D00002232046FBF70CFC39462046FBF7DAFB3E
:10B1E0009DF80C30EB703FE70DF10C090DF1080AEA
:10B1F000B8E64FF0FF31E86D17F00CFA41462046F3
:10B20000FBF702FC01212046FBF7C4FB02234A4660
:10B2100051462046FBF7ECFB41462046FBF7BAFBC4
:10B2200001212046FBF7F0FB434642464146E86DCC
:10B2300016F0A8FD9DF80C30EB707378E86DEB719B
:10B24000F2224FF0FF318DF80930ADF80C808DF807
:10B25000082097E64FF0FF31E86D17F0DBF9414623
:10B260002046FBF7D1FB20460121FBF793FB4A4622
:10B27000022351462046FBF7BBFB41462046FBF725
:10B2800089FB20460121FBF7BFFB4346424641466E
:10B29000E86D16F077FD07E7307600204FF0FF31BC
:10B2A000E86D17F0B7F941462046FBF7ADFB2046A5
:10B2B0000121FBF76FFB4A46022351462046FBF76C
:10B2C00097FB41462046FBF765FB20460121FBF733
:10B2D0009BFB434642464146E86D16F053FD12E79C
:10B2E00012238DF80730D6F808B0B8F1000F64D0FB
:10B2F00020460121FBF74EFB4A460DF107010123D1
:10B300002046FBF775FB9DF80C30EB7059463B4629
:10B3100000222046FBF76CFB00212046FBF73AFB9E
:10B32000D6E64FF0FF31E86D17F074F9414620463C
:10B33000FBF76AFB0DF10C09204601210DF1080A0B
:10B34000FBF728FB4A46022351462046FBF750FBF9
:10B3500041462046FBF71EFB20460121FBF754FB2C
:10B36000434642464146E86D16F00CFD0DE74FF0AE
:10B37000FF31E86D17F04EF941462046FBF744FBDC
:10B380000DF10C09204601210DF1080AFBF702FB23
:10B390004A46022351462046FBF72AFB41462046F7
:10B3A000FBF7F8FA20460121FBF72EFB4346424605
:10B3B0004146E86D16F0E6FC12E74FF0FF31E86D0C
:10B3C00017F028F941462046FBF71EFB20460121D5
:10B3D000FBF7E0FA4A460DF1070101232046FBF78F
:10B3E00007FB9DF80C30EB7042463B465946204621
:10B3F000FBF7FEFA41462046FBF7CCFA2046012136
:10B40000FBF702FB434642464146E86D16F0BAFCA4
:10B410005EE64FF0FF31E86D17F0FCF8414620463C
:10B42000FBF7F2FA0DF10C09204601210DF1080A93
:10B43000FBF7B0FA4A46022351462046FBF7D8FAFA
:10B4400041462046FBF7A6FA20460121FBF7DCFA2D
:10B45000434642464146E86D16F094FC7FE500BF46
:10B460002DE9F04102F07F0CBDF818E0D20981BB54
:10B47000BCF1000F5ED13E4EA6F160077178B47842
:10B4800082F0010262F345110A466FF3041244F0A0
:10B4900010017270B170B278B360032363F30302DA
:10B4A00000258046A6F804E0B270F5802846FFF734
:10B4B000A1FBBC7AC4BB01252046BD72FFF79EFBF1
:10B4C0002246404631462C46FFF70EFD2046BDE899
:10B4D000F08182F00108BCF1000F2ED0254F01222F
:10B4E0003C4604E00132142A04F10C0418D094F80C
:10B4F0006C508D42F6D102EB420507EB850595F8BD
:10B50000615005F00F066645ECD1C5F34015454581
:10B5100004F16C06BFD00132142A04F10C04E6D108
:10B5200000242046BDE8F0812846FFF767FB20464F
:10B53000BDE8F08182F00108D0E70E4F01243D46BE
:10B5400002E00134142CEBD095F86C608E4205F1CA
:10B550000C05F6D104EB4406B60007EB060C9CF88C
:10B5600061C01CF00F0FECD160363E4486E700BF8F
:10B57000907600203076002042DF704743DF70472E
:10B5800044DF704712DF7047F0B5334CBFF35B8F79
:10B59000014604F590730125D3E84F2FC3E8405FBF
:10B5A0000028F9D1BFF35B8F12F0FF0F48D10829B3
:10B5B00029D04E01A21954F806C028489388284F74
:10B5C00001F5947601EB810E50F82660D2889A1A24
:10B5D00093B2B6B200EB8E0209B2B34228BF334633
:10B5E000C2F800C707EB8100C2F8043747F82150C2
:10B5F000BFF36F8FBFF34F8F1A4B984218D0043BA5
:10B60000984215D0F0BD154BD3F8C024D1030FD408
:10B6100094F80B1161B11449D4F80001C3F8A007E4
:10B62000C3F8A4270D60BFF36F8FBFF34F8FF0BD3A
:10B630000023BFF35B8F84F82031BFF35B8FF0BD35
:10B640000A4B0B485A68C2F30802003218BF0122A5
:10B65000BDE8F040FFF794B880770020007002400A
:10B6600028700240507002404870024000ED00E037
:10B67000E9B60200174BBFF35B8F01460122D3E806
:10B680004F0FC3E84C2FBCF1000FF8D1BFF35B8F15
:10B6900010F0FF0F14D10A60BFF36F8FBFF34F8F0D
:10B6A0000D4B994203D0043B994200D070470B4B9D
:10B6B000BFF35B8F002283F82021BFF35B8F7047BD
:10B6C000074B08485A68C2F30802003218BF01222B
:10B6D000FFF756B8A0780020507002408077002015
:10B6E00000ED00E075B60200F0B5334CBFF35B8FA0
:10B6F000C1B204F590730126D3E84F2FC3E8406F21
:10B700000028F9D1BFF35B8F12F0FF0F47D1082952
:10B7100028D04D01621954F805E028489388DFF8D5
:10B72000B0C001F5947550F82570D2888D009A1A32
:10B7300093B2BFB26A1800EB8202BB4228BF3B46FD
:10B74000C2F800E76544C2F804374CF82160BFF343
:10B750006F8FBFF34F8F1A4B9D4218D0043B9D4211
:10B7600015D0F0BD154BD3F8C024D1030FD494F8F5
:10B770000B1161B11349D4F80001C3F8A007C3F855
:10B78000A4270E60BFF36F8FBFF34F8FF0BD002370
:10B79000BFF35B8F84F82031BFF35B8FF0BD0A4BA2
:10B7A0000A485A68C2F30802003218BF0122BDE8F5
:10B7B000F040FEF7E5BF00BF807700200070024038
:10B7C000507002404870024000ED00E0E9B602000F
:10B7D0002870024001207047014B80225A60704758
:10B7E00000E100E0074BD3F80014D3F80024002058
:10B7F0000A434FF48001C3F80024C3F85801C3F88A
:10B800000413704700700240074B4FF4001229B92F
:10B81000C3F80823054B83F821117047C3F80423AC
:10B82000024B83F82111704700700240807700209E
:10B8300070B48A788C88414EC97802F07F03D509AC
:10B8400005EB430006EB001001F00301C4F30A040A
:10B85000012904812BD0012101FA03F4BDB138483C
:10B8600002339940C0F80413D0F810352343C0F8D0
:10B870001035334B42F48071C3F81825C3F80C150A
:10B88000BFF36F8FBFF34F8F012070BC70472C4800
:10B8900003F10C06B140C0F80413D0F8141503F5F9
:10B8A00094730C43C0F8144540F82350E1E7082B8B
:10B8B00008D0244B186810F00100E6D000BE00202C
:10B8C00070BC7047EDB9B6F818311BB11C4B802223
:10B8D000C3F81C251A4A0023C2F85031D2F80033AD
:10B8E00013F4001308BFC2F85431154B4FF4401243
:10B8F000C3F80423D3F8142542F48072C3F8142546
:10B90000BEE7B6F808210E4B0021C3F82C1112B186
:10B910008022C3F81C250A4AD2F8003313F400131E
:10B9200008BFC2F85431064B074AC3F80423D3F8C2
:10B93000102542F48072C3F81025A1E7807700201B
:10B9400000700240F0ED00E0000820001F4B802254
:10B950002DE9F041C3F88420BFF34F8FBFF36F8F01
:10B9600001241B4D1B4FA0460026A30004F10C022E
:10B97000A11C03F1804303F51C3308FA01F108FA16
:10B9800002F20A43C7F8082328465E6001342022E9
:10B990009E6200211AF02FFC082C05F12005E4D14D
:10B9A0000D4BC7F808332022C7F81C6500217E62C2
:10B9B0000A48BE641AF01FFCC7F81485C7F8108542
:10B9C000024B80225A60BDE8F08100BF00E100E038
:10B9D000A07700200070024000083000807800202E
:10B9E00001F07F02082A70B44FEAD11128D0012358
:10B9F00003FA02F0C043B1B1294C951CAB40C4F826
:10BA00000833D4F81055274B2840C4F8100501EB33
:10BA1000420103EB01110023CB72BFF36F8FBFF321
:10BA20004F8F70BC70471E4C02F10C05AB40C4F840
:10BA30000833D4F814551B4B2840C4F81405E6E726
:10BA4000184B03EB01100024A0F808411448D1B1B1
:10BA50004FF40064C0F80843D0F8104524F4807413
:10BA6000C0F81045B3F81841B3F808510C48EC423F
:10BA70004FF0000608BF4FF40014C0F81C6508BF63
:10BA8000C0F80843C3E74FF48014C0F80843D0F867
:10BA9000144524F48074C0F81445C0F85011E1E74F
:10BAA000007002408077002001F07F004FEAD11C37
:10BAB000F0B50CEB4005744E2D01771985B0FC7A7A
:10BAC0004CB1724B1C6814F0010401D000BE00247C
:10BAD000204605B0F0BD04F0FF0E7251BB80A7F800
:10BAE00006E0002843D1002B57D0BCF1000F00F036
:10BAF0008E8006EB401100EB8003CD8A8A8A0C8B86
:10BB00000969521B9B0092B203F1804303F51C3379
:10BB1000A24228BF22465E4DC3F8001600B2C3F809
:10BB200004265C4BBFF35B8F05EB80010122D3E859
:10BB30004F4FC3E8472F002FF9D1BFF35B8FE4B21B
:10BB4000002C40F0908045F82020BFF36F8FBFF3AA
:10BB50004F8F514B994202D0043B994219D1BFF308
:10BB60005B8F002386F82031BFF35B8F11E0BCF1BF
:10BB7000000FBED106EB40160123F372BFF36F8FA7
:10BB8000BFF34F8FB37A23B1F37A03F0FF04002B96
:10BB900074D10124204605B0F0BD404AD2F880247B
:10BBA000C2F3C0126245A0D03D4D6A688DF80810FE
:10BBB000C2F3080100314FF4E06218BF012101A86F
:10BBC00003938DF80930ADF80420FEF755FCBFF360
:10BBD0005B8F06F590720123D2E84F1FC2E8403F09
:10BBE0000028F9D1BFF35B8FCCB2002C38D12A4AA0
:10BBF0001360BFF36F8FBFF34F8F1C46BFF35B8F94
:10BC0000204686F82011BFF35B8F05B0F0BD0123FD
:10BC1000204AF372BFF35B8FD2E84F4FC2E8413F37
:10BC20000029F9D1BFF35B8FE4B26CB91D4A1360F0
:10BC3000BFF36F8FBFF34F8FBFF35B8F86F820C1C9
:10BC40001C46BFF35B8F43E7154B16495A681648ED
:10BC5000C2F30802003218BF0122FEF791FD37E758
:10BC60006A680D49F3E70E4B0F485A68C2F30802A1
:10BC7000003218BF0122FEF783FD29E786F80AC0CB
:10BC8000FFF782FC24E700BF80770020F0ED00E0A2
:10BC900004700240A0780020507002400070024002
:10BCA00000ED00E04C70024075B6020011F07F001C
:10BCB00008B512D008280BD00E4B41F48072C90988
:10BCC000C3F8182504D10C4B03EB40139A7A62B9E0
:10BCD000BFF36F8FBFF34F8F08BD064B01225A652C
:10BCE000BFF36F8FBFF34F8F08BD9972FFF74CFC06
:10BCF000EEE700BF007002408077002011F0770F60
:10BD000012D00A4B41F48072C3F80C15C3F80C250D
:10BD1000CA09C3F8181504BF01F5947143F821202E
:10BD2000BFF36F8FBFF34F8F704700BF00700240AB
:10BD30002DE9F04FA54BA64CD3F8000300238BB0A0
:10BD40001E461F46012520FA03F11A19C9074FEABA
:10BD5000820209D5116839B105FA03F117600E4363
:10BD6000BFF36F8FBFF34F8F0133192BEBD1F20766
:10BD700000F13582974D330508D5944BD3F8A8369A
:10BD800001229BB2A5F8163185F81C21B70206F4F2
:10BD9000800424D58D4BD3F81425D00540F1FC81C7
:10BDA000002C00F0A182D3F80024D20740F19C823D
:10BDB000D3F81035DA0540F1FB8195F81C3107AF57
:10BDC000002B40F0BD82814BD3F8203508933846D4
:10BDD0004FF440730121ADF81C30FEF74DFB04B366
:10BDE0007A4AD2F8004440F201732340C2F800348A
:10BDF000E30500F15682670510D5744B0122C3F8A4
:10BE000008259A65D3F8002312F4001208BFC3F87E
:10BE100054216E4B4FF40012C3F80423A00500F127
:10BE2000358231023DD5694BD3F880C4D3F88414F0
:10BE3000D3F888E4D3F88C74D3F89084D3F894447E
:10BE4000D3F89804D3F89C245FFA8CF35FFA80FC53
:10BE5000D0B25A06C9B25FFA8EFEFFB25FFA88F816
:10BE60005FFA84F901D105291BD00024224668F32A
:10BE7000070263F3070461F30F2469F30F226EF3E3
:10BE800017446CF3174260F31F6267F31F644FF4AB
:10BE9000C063012107A8CDE90842ADF81C30FEF7C8
:10BEA000EBFA4D4B3340002B40F09181DFF82491A9
:10BEB000464F4D46CA4609F5907800241DE02B44B4
:10BEC000DA7A002A00F0D781DA88AAF80420002262
:10BED000DA72D98809914FF4E063012107A88DF83F
:10BEE00020B08DF82120ADF81C30FEF7C5FABBF16B
:10BEF000080F47D001340AF1200A04F10C0326FA96
:10BF000003F3DB075FFA84FBF1D504EB840307EB53
:10BF10008303DAF80020D3F80807630112FA80F2ED
:10BF2000E918CAF80020CA8880B2024492B2082CEC
:10BF3000CA80C4D0BAF808208242C0D1CA88BAF8F0
:10BF400004109142BBD9BBF1000FD0D10122BFF345
:10BF50005B8FD8E84F3FC8E8412F0029F9D1BFF3E4
:10BF60005B8F13F0FF0F40F052821C490A60BFF351
:10BF70006F8FBFF34F8FBFF35B8F85F82031BFF317
:10BF80005B8FB7E7164B3340002B00F002810F4B5D
:10BF9000D3F86C240192C3F86C24BFF36F8FBFF306
:10BFA0004F8F16F4806600F06E81D3F88024D3F8AA
:10BFB000803483F08003C3F3C0130593C2F3C0132E
:10BFC0000493DFF808A00024A84613E000700240A4
:10BFD000409C001080770020FCFB1F004C7002404A
:10BFE00000040001002C00F0F281072E52D0013431
:10BFF00009F120090199E14004EB8403C9070AEB28
:10C00000830308EB4412E6B2ECD5D3F80816D9F84E
:10C010001070C9B20F44C9F81070D08A014489B2B7
:10C02000D182A849D08AB9F8145061188900854294
:10C0300002914FF0010C66F07F0103914FF4E06B29
:10C040004FF0000E614607A840F2B480D18AB9F8DB
:10C050001820C3F800766D1AADB2954228BF154678
:10C06000994AC3F80456BFF35B8FD2E84F3FC2E84A
:10C0700041CF0029F9D1BFF35B8F13F0FF0F40F0E0
:10C08000ED80029BC3F800C0BFF36F8FBFF34F8FEB
:10C09000072EACD1019BDB03454601D4059B43B180
:10C0A000EB7A23B1EB88AA889A4200F271810123CE
:10C0B000AB72019B9F030BD595F82B3023B1EB8C12
:10C0C000AA8C9A4200F28881012385F82A30019BCC
:10C0D0005E030DD595F84B3033B1B5F84630B5F861
:10C0E00044209A4200F27D81012385F84A30019B69
:10C0F0001C030DD595F86B3033B1B5F86630B5F843
:10C1000064209A4200F27E81012385F86A30019B07
:10C11000D8020DD595F88B3033B1B5F88630B5F827
:10C1200084209A4200F23881012385F88A30019BED
:10C1300099020DD595F8AB3033B1B5F8A630B5F806
:10C14000A4209A4200F22D81012385F8AA30019B98
:10C150005A020DD595F8CB3033B1B5F8C630B5F8E5
:10C16000C4209A4200F22281012385F8CA30019B43
:10C170001B020ED595F8EB30002B00F0F380B5F8DC
:10C18000E630B5F8E4209A4240F2EC800720FFF751
:10C19000FBF90BB0BDE8F08FD3F81025D1053FF5C2
:10C1A0000CAE95F821211AB94FF40012C3F80823F8
:10C1B00007AF08E6D38A09939DF80C30ADF81CB0A0
:10C1C0008DF820308DF821E0FEF756F90DE70023B9
:10C1D000BFF35B8F85F82031BFF35B8F66E63B4B87
:10C1E0003B4A3C4D3C4800240127C2F81475C2F874
:10C1F0001075546094625C609C629C60DC62DC60E0
:10C200001C631C615C635C619C639C61DC63DC613E
:10C210001C6454629464C2F85841D2F80034D2F8D5
:10C2200000140B43C2F80034D2F80033C2F80833CC
:10C230002146C2F8040328464FF4927219F0DBFF3E
:10C2400040234FF48072394607A82B832B818DF849
:10C250002040ADF81C20FEF70FF98CE51F4B20485D
:10C260005A680299C2F30802B2EB0E0218BF01220B
:10C27000FEF786FAB9E61B4B1B68D80789D500BEC6
:10C280000BB0BDE8F08FCDE904669AE600220523E5
:10C29000012107A88DF81C208DF81D30FEF7ECF861
:10C2A000BFE50121C2F82C150423002207A88DF850
:10C2B0001C208DF81D30FEF7DFF867057FF5AEAD69
:10C2C0009BE500BF019C0010A07800200470024094
:10C2D00000700240807700200514C00100ED00E0EE
:10C2E00075B60200F0ED00E04F4BBFF35B8F01220B
:10C2F000D3E84F1FC3E8402F0028F9D1BFF35B8F6D
:10C3000011F0FF0F32D1494BD3F8C004C70352D408
:10C3100095F80B1101F0FF07002967D04449D5F8C3
:10C320000071C3F8A077C3F8A4070A60BFF36F8F4A
:10C33000BFF34F8FD3F81035D8053FF53EAD37E743
:10C34000B5F816310993002285F81C2188234FF493
:10C35000E06238460121ADF81C20ADF82030FEF730
:10C360008BF830E5012385F8EA3012E7314B32488B
:10C370005A68C2F30802003218BF01220821FEF7F2
:10C38000FFF92A4BD3F81035DB053FF516AD0FE763
:10C390000020FFF7F9F88CE60420FFF7F5F8019B81
:10C3A000C6E60520FFF7F0F8019BD1E60620FFF76F
:10C3B000EBF8019BDCE6BFF35B8F85F82011BFF340
:10C3C0005B8FD3F81035DF053FF5F7ACF0E6049945
:10C3D00000293FF40CAE18E60120FFF7D5F8019BC9
:10C3E00076E60220FFF7D0F8019B81E6BFF35B8F72
:10C3F00085F82071BFF35B8FD3F81035D9053FF571
:10C40000DCACD5E60320FFF7BFF8019B80E6094BC3
:10C410000A485A680A49C2F30802003218BF0122CA
:10C42000FEF7AEF966E500BFA0780020007002407C
:10C430004870024000ED00E0E9B6020075B6020067
:10C440004C70024030B5012885B000F09F8057D372
:10C45000022840D1BA4BD3F80435002B40F0D780E6
:10C46000B74AD2F800341C05FBD54FF40063C2F87C
:10C470000034BFF36F8FBFF34F8FB24AB24B1268D5
:10C480001B68082A00F0D780AD4BB04D80240122F4
:10C49000C3F81C45C3F80423C5F88441FDF7D8FA56
:10C4A000002840F0F880AA4D43F204044FF0804386
:10C4B0002268AA4211D0D3F80C14D3F80C24D0036C
:10C4C000F6D5CA07F4D59E4B0122C3F80425BFF365
:10C4D0006F8FBFF34F8F05B030BD04AA002102F863
:10C4E0000C1D1046FFF74EF89DF804000028E2D01E
:10C4F00010460191FFF744F8019A002AD8D0E2E7EC
:10C500008F4BD3F80025002AE5D14FF480014FF47A
:10C510000062C3F80813C3F80024BFF36F8FBFF3A2
:10C520004F8F884B1B68082B00F0B780844B01228B
:10C53000C3F80025BFF36F8FBFF34F8F43F20402A0
:10C5400003F18D5303F57723126803F2DB539A420C
:10C5500000F0CA804FF08043D3F80C24D3F80C3499
:10C56000D90301D5D207B6D443F20402784B12683E
:10C570009A4200F01881774B00221A601B680193E1
:10C580004FF08043012201991A60A4E76C4BD3F865
:10C590000025002A9FD00022C3F80425BFF36F8F27
:10C5A000BFF34F8F69498020C1F88400BFF34F8FDC
:10C5B000BFF36F8FD3F80013C3F80813C3F8002537
:10C5C000BFF36F8FBFF34F8F43F2040103F18D531D
:10C5D00003F57723096803F2DB53994200F0998051
:10C5E00001AB5D4A012111605C4A5168C1F3080149
:10C5F000003118464FF000024FF0020318BF01212E
:10C600008DF804208DF80530FDF736FF63E743F21F
:10C6100004024F4B12689A4200F0B0804FF0804302
:10C62000D3F80C24D3F80C34DB037FF519AFD5070E
:10C630007FF516AF4FE7032B0AD8494A1168002946
:10C6400040F09880474C49F27530106021601060CE
:10C650005A1E022A10D8424A1168002967D1424D59
:10C660003848394B00681B6849F2753414602960FA
:10C67000146008287FF408AF032B3FF605AF3B4951
:10C680003B4B40F2E370402208601A60BFF36F8FAB
:10C69000BFF34F8FF8E66C6005E72B4B1B685A1E03
:10C6A000022A12D82E4B1A68002A40F08E802E499A
:10C6B00049F2753203201A6008601A60214A224B41
:10C6C00012681B68082A7FF431AF032B3FF62EAFA8
:10C6D000234B1A68002A74D1224949F27532C020CE
:10C6E0001A6008601A6021E704AB002203F80C2DE1
:10C6F0001846FEF747FF9DF8041000293FF42AAFC3
:10C7000018460192FEF73CFF019B002B7FF4E3AE3D
:10C710002AE704AB03F80C2D1846FEF733FF9DF80B
:10C720000420002A3FF45DAFFEF728FF5CE70549CF
:10C73000054B0D4A08681B680021116099E700BF8E
:10C7400000700240300100103401001000E100E0F0
:10C75000DBE5B151000100400400004000ED00E0C5
:10C7600000EC064014EC064014ED06400078024050
:10C7700004780240174A0021116069E704AB0022E7
:10C7800003F80C2D1846FEF7FDFE9DF80410002955
:10C790003FF444AF18460192FEF7F2FE019B002BD6
:10C7A0007FF499AE5CE604A8002300F80C3DFEF788
:10C7B000E9FE9DF80430002B3FF4DDAEFEF7DCFE11
:10C7C00089E6044BC0221A60B0E6034B03221A60CC
:10C7D00074E700BF14EC064014ED0640F8B503788A
:10C7E00013F0010405D10678C6F3800626B1204671
:10C7F000F8BD00242046F8BD0F4605464FF0FF3136
:10C80000384615F007FF2A7812F001040FD12B7873
:10C810005B0704D42B7843F004032B70012400231E
:10C8200038461A46194615F0ADFA2046F8BD34468A
:10C83000F5E700BF70B505460E4608464FF0FF31DC
:10C8400015F0E8FE2878C0F3800444B900240023E2
:10C8500030461A46194615F095FA204670BD2B78D9
:10C8600013F00102F2D12B7862F382032B70EEE712
:10C8700010B4C378848803F00303022BC4F30A04C2
:10C8800026D019D8012B04D0002318465DF8044B9C
:10C890007047022940F2FF3208BF4FF48062A24283
:10C8A000F3D21A4B1B6813F00103EED000BE002335
:10C8B00018465DF8044B7047022914BF40234FF41B
:10C8C0008063A342EDD3012318465DF8044B704703
:10C8D00002290BD012B1B4F5007F11D0A4F10803E6
:10C8E0009BB2182B06D9402CEDD0DAE7B4F5007FC7
:10C8F000D7D1E8E7064A22FA03F3DB07D1D5E2E70E
:10C9000000244021134644710171BEE7F0ED00E0C0
:10C91000010100010A44914216D230B44C78052C32
:10C9200005D00C7821448A42F8D830BC70478C7806
:10C9300004F07F0500EB4505E4092B550C782144F4
:10C940008A42EBD830BC7047704700BF2DE9F041F8
:10C9500082B00678089DBDF82470009361F300064C
:10C960000446294600F8086B012316463A46BDF8EE
:10C970002C80FCF76DFE05B13FB90A9B6360012076
:10C98000A4F8028002B0BDE8F08104F11C0101208E
:10C9900015F0D2FB26B903463046C4E90503ECE79F
:10C9A0000023FAE710B50446406908B115F0E8FF26
:10C9B000A06908B115F0E4FF012010BDF0B50B46E9
:10C9C0000D4613F8081B83B011F0020F07461846F6
:10C9D00040F2FF130CBF3F241C461646FCF774FEC2
:10C9E000E8B9E6B126421AD12B786978DA073846D9
:10C9F00018D5FEF707F990B12B78697813F0010389
:10CA000013D000233846CDE900331A46FEF73EF92D
:10CA100030B9084B1B68DB0701D500BE00E00020E1
:10CA200003B0F0BDFDF714FFE5E738461A46FDF701
:10CA30002FFFEDE7F0ED00E070B501F1080582B0E1
:10CA4000064628460C46FCF73FFE38B1237861784D
:10CA5000DB07304605D5FEF7D5F830B9002002B027
:10CA600070BDFDF7F5FE0028F8D0284662886168A1
:10CA7000FCF754FE054690B1237862686178D807C8
:10CA800017D50023CDE9003330462B46FEF7FEF8DC
:10CA9000B0B90C4B1B68DB07E0D500BEDFE72078A0
:10CAA000617810F00104304608D1FDF7E1FE204620
:10CAB000D5E730462B46FDF7EBFEE9E7FEF7C8F871
:10CAC0002846CCE7F0ED00E02DE9F0418A890B78AB
:10CAD00082B00C460646E2B9DD07497857D5FEF725
:10CAE00091F800284FD0227863886178D20751D519
:10CAF000002B5DD0626800253046CDE90055FEF779
:10CB0000C5F800284DD1374B1B68DB073BD500BE6D
:10CB10003AE003F0020301F10808002B40460CBF85
:10CB200040274FF40077304D08BF6FF03F05FCF70A
:10CB3000E3FD874227D823786178DB07304634D578
:10CB4000FEF760F8F8B14046FCF7D6FD874233D8CF
:10CB500005EA000265882378617890B2854228BF93
:10CB60000546DA0732D5002D37D062680023CDE9BB
:10CB7000003330462B46FEF789F80028C3D02846FC
:10CB800002E0FEF765F8002002B0BDE8F081FDF795
:10CB90005FFEA6E773B162683046FDF779FE0028B4
:10CBA000B1D0608802B0BDE8F081FDF751FEC9E761
:10CBB0001A46A0E71A46EFE72078617810F00104E2
:10CBC0003046DED1FDF754FE2046DDE73DB1626818
:10CBD00030462B46FDF75CFECFE72A46C6E72A46DD
:10CBE000F6E700BFF0ED00E000FEFFFF2DE9F047A3
:10CBF0000478089E1F46062C1AD8DFE814F0550169
:10CC00005B0160010700650172011B00438843EA74
:10CC10000121B1F5887F4FF0000341808380C0F08F
:10CC20006681114604460EB10520B04700232370EB
:10CC3000BDE8F08790F801C0B0F81641B0F8028066
:10CC40006FEA0C231BB24FF000094B4544EA012167
:10CC50009CB2B6BF41F22103630083EA44039CB255
:10CC6000230446BF41F2210383EA440363009CB2DC
:10CC7000230446BF41F2210383EA440363009CB2CC
:10CC8000230446BF41F2210383EA440363009CB2BC
:10CC9000230446BF41F2210383EA440363009CB2AC
:10CCA000230446BF41F2210383EA440363009CB29C
:10CCB000230446BF41F2210383EA440363009BB28D
:10CCC0001C0446BF41F2210484EA43045C005FFA7D
:10CCD00088FEA4B284EA0E2424B2002CB8BF41F22C
:10CCE00021031FFA84FEACBF4FEA4E0383EA4E03D2
:10CCF0009CB2230446BF41F2210383EA440363004C
:10CD00009CB2230446BF41F2210383EA440363003B
:10CD10009CB2230446BF41F2210383EA440363002B
:10CD20009CB2230446BF41F2210383EA440363001B
:10CD30009CB2230446BF41F2210383EA440363000B
:10CD40009CB2230446BF41F2210383EA44036300FB
:10CD50009CB223044ABF41F22103630083EA4403E7
:10CD60004FEA18259BB283EA05231BB2002B9CB225
:10CD7000B6BF41F22103630083EA44039CB223045B
:10CD800046BF41F2210383EA440363009CB22504B9
:10CD900046BF41F2210383EA440363009CB22304AB
:10CDA00046BF41F2210383EA440363009CB2250499
:10CDB00046BF41F2210383EA440363009CB223048B
:10CDC00046BF41F2210383EA440363009CB2250479
:10CDD00046BF41F2210383EA440363009BB21C0473
:10CDE0004ABF41F221045B0084EA4303A0F8161114
:10CDF00080F800909BB2B8F1000F4AD008F1FF34E0
:10CE000000F1060E1EFA84FE41F22105441D14F8BD
:10CE1000019F83EA09230FFA83F91FFA89F3B9F115
:10CE2000000FACBF5B0085EA43039BB213F4004FD5
:10CE30000CBF5B0085EA43039BB213F4004F0CBFA9
:10CE40005B0085EA43039BB213F4004F0CBF5B0009
:10CE500085EA43039BB213F4004F0CBF5B0085EAE5
:10CE600043039BB213F4004F0CBF5B0085EA4303FE
:10CE70009BB213F4004F0CBF5B0085EA43039BB2E7
:10CE800013F4004F0CBF5B0085EA430374459BB26B
:10CE9000BDD1994230D0002E3FF4CAAE3346114680
:10CEA0000120BDE8F0471847AA297FF4C1AE01234D
:10CEB0000370BDE6022341700370BDE8F0870323D1
:10CEC00041800370BDE8F0878288531C02449BB206
:10CED0008380917142889A423FF6AAAE052303707F
:10CEE000A6E60623A0F816110370BDE8F087002916
:10CEF000F4D0042303709BE6002F3FF499AE134651
:10CF0000811D42466046BC46BDE8F047604700BF11
:10CF1000014B01221A7070479C7B0020704700BFB4
:10CF200010B50446503014F069FD04F1180014F0F7
:10CF300065FD04F10C0014F061FD204614F05EFD67
:10CF4000204610BD08B5034808F016F9B0FA80F085
:10CF5000400908BDB47B002070B51D4E336813F046
:10CF6000010532D11B4C1C49204614F0C9FC1A495A
:10CF700004F10C0014F0C4FC174904F1180014F07B
:10CF8000BFFC04F1280084F8245013F0E9FC04F1FC
:10CF9000300013F0E5FC04F1380013F0E1FC04F17B
:10CFA000400013F0DDFC04F1480013F0D9FC0A49FD
:10CFB00004F1500014F0A4FC01232046074A08495C
:10CFC000A4F85C50336018F001FA024870BD00BF4D
:10CFD000A4780020A878002040940400006000207D
:10CFE00021CF0200F0B5044685B036480AF01AFB9E
:10CFF0002368DFED357A334800EE103AB8EE400A88
:10D0000020EE270A07F05AF910B1002005B0F0BD54
:10D0100063689FED2E0A2B4807EE903AF8EE677A88
:10D0200027EE800A0AF0DEFE0028EED1217A25489C
:10D030000AF036FE0028E8D10246617A21480AF05B
:10D040004DFF0028E1D194F90A601E48152EA8BFB3
:10D050001526314607F064F90028D6D1B4F80B1034
:10D060001848C9B244220AF06FFF0028CDD1617B75
:10D0700014480AF0B5FF07460028C6D1012511481B
:10D080000BF07AFB41F2210341F60F52294600953D
:10D090000C480BF0CFFA39460A480BF003FC09485C
:10D0A0000BF0F4FB0A486368B0F912C0B0F91070D5
:10D0B000607A227A21688DE8C110064805F090FA5E
:10D0C0002846A3E7B47B0020BD3786356F12833A2C
:10D0D000847B002030610020314B1B7813B1314B31
:10D0E0001B7803B1704770B514F048FD2E4B1B68D8
:10D0F000C01AB0F5FA7F04D32C4B1B7803F0FF0461
:10D1000003B170BD2A4D14F039FD2B68C01A0928EF
:10D11000F7D9284E14F032FD33682860132B25DD33
:10D12000254BD3ED007AF5EE407AF1EE10FA4FF090
:10D130000002E6D09FED216ADFED216A9FED217AA2
:10D1400021491A6067EE867A3460F4EEE67AF1EEF1
:10D1500010FA88BFF0EE667AF4EEC77AF1EE10FAB4
:10D16000B8BFF0EE477AC1ED007A70BD174808F0FD
:10D17000B9FA154BD3ED007AB2EE047A77EE877ADE
:10D18000B4EEE70AF1EE10FABBD50B4A3368D2EDE4
:10D19000007A37EE800A013382ED000A336070BDF9
:10D1A0000979002008790020707B00209C7B0020FA
:10D1B000787B00207C7B0020547B0020CDCC4C3D34
:10D1C000000048C2000016C31C610020B47B002090
:10D1D00010B5044616F0F6FF204610BD2DE9F043C9
:10D1E00083B00024DFF8A880DFF8A890204D214FFD
:10D1F00000942346224621461F48204E13F0B8FBD8
:10D200004146484614F07CFB2A463946484618F009
:10D21000DDF8482016F0D2FF112381460093142236
:10D220001923182105F024FF4946304607F082FFF4
:10D230002A4630461249134E18F0C8F8124A134BCA
:10D24000C2F8024041463046C3F8024014705470A0
:10D25000A2F816411C705C70A3F8164114F050FB44
:10D260002A463946304603B0BDE8F04318F0AEB860
:10D2700000600020FD190400247A0020B47B002007
:10D280001DCF0200607B0020387A00200C7900203E
:10D2900040940400A07B00202DE9F043C5B001AC10
:10D2A000AA264FEA122CD51C26701F4684F803C00C
:10D2B0006070A270ADB29DF8306102B300297BD0DE
:10D2C000914602A818F073FF09F1060809F1040C51
:10D2D00009F105001FFA8CFC1FFA88F880B29DB98D
:10D2E000FF22134604F80C302254002F5ED11EB1E9
:10D2F000394B1B78002B67D145B0BDE8F083052082
:10D300004FF006084FF0040C23464FF6FF7241F22F
:10D31000210113F801EF82EA0E220FFA82FE1FFAB2
:10D320008EF2BEF1000FACBF520081EA420292B20F
:10D3300012F4004F0CBF520081EA420292B212F482
:10D34000004F0CBF520081EA420292B212F4004F29
:10D350000CBF520081EA420292B212F4004F0CBF9D
:10D36000520081EA420292B212F4004F0CBF520006
:10D3700081EA420292B212F4004F0CBF520081EADD
:10D38000420292B2A3EB040E12F4004F1FFA8EFE7B
:10D390000CBF520081EA4202AE4592B2B9D3D3B279
:10D3A000120A04F80C302254002FA0D04246214625
:10D3B0000A48F8F7E9FF9AE705204FF006084FF012
:10D3C000040C002DA0D18BE742462146044813F0FF
:10D3D000EDFD45B0BDE8F0832D7A002048640020C3
:10D3E00020930020F0B50121ADF5097D3C4808F0FF
:10D3F0008BF9431EFE2B60D93A4B1B78002B56D07D
:10D400000DF5097DF0BD3648374F08F06BF9BDEEDC
:10D41000C00A334810EE103A1EB208F043F9F2EE9B
:10D42000047A20EE270A3148BDEEC00A436805930E
:10D4300010EE103A027A02961DB201683E82039500
:10D440007B687D8203F1010CC7F804C090F90A7073
:10D45000407A059BCDE90007254805F0C1F82F1259
:10D46000F3B206A9C6F3072622460DF58F708DF894
:10D4700018318DF81C318DF81B718DF81A518DF80B
:10D4800019618DF81D6118F092FE1A4BA21D1B78D0
:10D49000009392B2012346A90420FFF7FDFE14F089
:10D4A0006DFB104B144A1B781060002BA8D10C4860
:10D4B00007F062FE0DF5097DF0BD0446024606A99F
:10D4C000074808F0E7F900289DD0074A0549D368C6
:10D4D00009780133D3600029E9D00DF5097DF0BD4D
:10D4E000B47B0020347A0020847B0020206100205F
:10D4F000306100202D7A0020707B00200EB4F0B542
:10D50000ADF51C7DA1AB044653F8042B019302A892
:10D51000C82119F0C9FD051EC0F28280022C00F05E
:10D520008580434B434A012C08BF1A4602AB42494F
:10D53000424813F0BDFA424B1B78002B70D0C72D28
:10D540002A46A8BFC72295B202A90DF1D1008DF8D5
:10D55000D04018F02CFE6B1C9BB21A4634A948F23E
:10D56000AA06002468A88DF89E31ADF89C618DF85C
:10D570009F416E1D18F01BFE67AC281DB6B280B22D
:10D5800022464FF6FF7341F2210112F8017F83EA30
:10D5900007231FB2BBB2002FACBF5B0081EA43037D
:10D5A0009BB21F0454BF5B0081EA43039BB21F047C
:10D5B00054BF5B0081EA43039BB21F0454BF5B006E
:10D5C00081EA43039BB21F0454BF5B0081EA43031B
:10D5D0009BB21F0454BF5B0081EA43039BB21F044C
:10D5E00054BF5B0081EA43039BB21F04A2EB040714
:10D5F000BFB254BF5B0081EA4303B8429BB2C4D8B8
:10D600009CAAAF1D164412FA87F7EA1D214692B272
:10D610001C0A0C4806F8D43C07F8D44C13F0C6FC9E
:10D620000DF51C7DBDE8F04003B07047064A7DE76C
:10D63000C0930400B0930400C89304004864002021
:10D640002D7A002020930020B8930400F0B5C5B0D7
:10D6500001ACAA2701261D4660702770668000294C
:10D6600000F02C810B7823710726062305276FEA2B
:10D67000002000B20028B8BF41F221011FFA80FC4F
:10D68000ACBF4FEA4C0181EA4C0188B2010446BFAD
:10D6900041F2210181EA4001410088B2010446BF04
:10D6A00041F2210181EA4001410088B2010446BFF4
:10D6B00041F2210181EA4001410088B2010446BFE4
:10D6C00041F2210181EA4001410088B2010446BFD4
:10D6D00041F2210181EA4001410088B2010446BFC4
:10D6E00041F2210181EA4001410088B201044ABFB0
:10D6F00041F22101410081EA400189B281F4807147
:10D7000009B2002988B2B6BF41F22101410081EA85
:10D71000400188B2010446BF41F2210181EA400183
:10D72000410088B2010446BF41F2210181EA400173
:10D73000410088B2010446BF41F2210181EA400163
:10D74000410088B2010446BF41F2210181EA400153
:10D75000410088B2010446BF41F2210181EA400143
:10D76000410088B2010446BF41F2210181EA400133
:10D77000410088B2010446BF41F2210181EA400123
:10D78000410088B2010446BF41F2210181EA400113
:10D79000410088B2010446BF41F2210181EA400103
:10D7A000410088B2010446BF41F2210181EA4001F3
:10D7B000410088B2010446BF41F2210181EA4001E3
:10D7C000410088B2010446BF41F2210181EA4001D3
:10D7D000410088B2010446BF41F2210181EA4001C3
:10D7E000410088B201044ABF41F22101410081EAAF
:10D7F000400188B201044ABF41F22101410081EA9F
:10D800004001207989B281EA002109B2002988B259
:10D81000B6BF41F22101410081EA400188B2010412
:10D8200046BF41F2210181EA4001410088B2010472
:10D8300046BF41F2210181EA4001410088B2010462
:10D8400046BF41F2210181EA4001410088B2010452
:10D8500046BF41F2210181EA4001410088B2010442
:10D8600046BF41F2210181EA4001410088B2010432
:10D8700046BF41F2210181EA4001410089B208041A
:10D8800046BF41F2210080EA4101490089B2080AFD
:10D89000E155E0542AB915B10A4B1B783BB945B0A4
:10D8A000F0BD324621460848F8F76EFDF3E73246F0
:10D8B0002146064813F07AFB45B0F0BD0523062645
:10D8C0000427D4E62D7A002048640020209300200D
:10D8D00030B5012883B005460C4603D10C4AD36805
:10D8E0000133D36023462A460A490220FFF706FE89
:10D8F00002A9A4F10203B4FA84F2B3FA83F301F8A3
:10D90000015D52095B09FE20FFF7A0FE03B030BDA8
:10D91000847B00208C9304002DE9F04F4828D1B07F
:10D9200016461D4602F0488504468B4640F23E816D
:10D93000742804F0808140F2AF83942802F0CE84F2
:10D9400040F29884982802F0BF82FF2801F0F28606
:10D95000962802F0978340F2FF130DAC9BB25B0058
:10D960008F4A226018044FF00202227146BF41F232
:10D97000210282EA43035B009AB2110446BF41F2DE
:10D98000210383EA420353009AB2130446BF41F2D3
:10D99000210383EA420353009AB2170446BF41F2BF
:10D9A000210383EA420353009AB2160446BF41F2B0
:10D9B000210383EA420353009AB2100446BF41F2A6
:10D9C000210383EA420353009AB211044ABF41F291
:10D9D0002103530083EA4203A2789BB283EA022325
:10D9E0001BB2002B9AB2B6BF41F22103530083EA67
:10D9F00042039AB2130446BF41F2210383EA420371
:10DA000053009AB2170446BF41F2210383EA42034E
:10DA100053009AB2160446BF41F2210383EA42033F
:10DA200053009AB2100446BF41F2210383EA420335
:10DA300053009AB2110446BF41F2210383EA420324
:10DA400053009AB2130446BF41F2210383EA420312
:10DA500053009AB217044ABF41F22103530083EAEC
:10DA60004203E2789BB283EA02231BB2002B9AB2F4
:10DA7000B6BF41F22103530083EA42039AB216046F
:10DA800046BF41F2210383EA420353009AB21004D5
:10DA900046BF41F2210383EA420353009AB21104C4
:10DAA00046BF41F2210383EA420353009AB21304B2
:10DAB00046BF41F2210383EA420353009AB217049E
:10DAC00046BF41F2210383EA420353009AB216048F
:10DAD00046BF41F2210383EA420353009AB2100485
:10DAE0004ABF41F22103530083EA42039BB283F40D
:10DAF00000731BB2002B9AB2B6BF41F22103530050
:10DB000083EA42039AB2110446BF41F2210383EA39
:10DB1000420353009AB2130446BF41F2210383EA41
:10DB2000420353009AB2170446BF41F2210383EA2D
:10DB3000420353009AB2160446BF41F2210383EA1E
:10DB4000420353009AB2100446BF41F2210383EA14
:10DB5000420353009AB2110446BF41F2210383EA03
:10DB6000420353009BB21A0446BF41F2210282EAEB
:10DB700043035B009BB21A0A6371A271002D03F08C
:10DB8000A182022D40F08087064B1B78002B00F00D
:10DB90007B8721460722044813F008FA00F074BF7F
:10DBA000AAFE01002D7A002020930020302802F0E8
:10DBB0004F8500F23981112801F0AA8600F28A848B
:10DBC000012801F02B8110287FF4C5AE0E2A03F046
:10DBD00067810DAC40F2FF13904A22609BB25B005C
:10DBE000062222711A0446BF41F2210282EA43034F
:10DBF0005B009AB2130446BF41F2210383EA420359
:10DC000053009AB2170446BF41F2210383EA42034C
:10DC100053009AB2160446BF41F2210383EA42033D
:10DC200053009AB2100446BF41F2210383EA420333
:10DC300053009AB2110446BF41F2210383EA420322
:10DC400053009AB213044ABF41F22103530083EAFE
:10DC50004203A2789BB283EA02231BB2002B9AB242
:10DC6000B6BF41F22103530083EA42039AB217047C
:10DC700046BF41F2210383EA420353009AB21604DD
:10DC800046BF41F2210383EA420353009AB21004D3
:10DC900046BF41F2210383EA420353009AB21104C2
:10DCA00046BF41F2210383EA420353009AB21304B0
:10DCB00046BF41F2210383EA420353009AB217049C
:10DCC00046BF41F2210383EA420353009AB216048D
:10DCD0004ABF41F22103530083EA4203E2789BB238
:10DCE00083EA02231BB2002B9AB2B6BF41F2210392
:10DCF000530083EA42039AB2100446BF41F2210363
:10DD000083EA420353009AB2110446BF41F2210351
:10DD100083EA420353009AB2130446BF41F221033F
:10DD200083EA420353009AB2170446BF41F221032B
:10DD300083EA420353009AB2160446BF41F221031C
:10DD400083EA420353009AB2100446BF41F2210312
:10DD500083EA420353009AB211044ABF41F22103FD
:10DD6000530083EA42039BB283F4C0631BB2002BCF
:10DD70009AB2B6BF41F22103530083EA42039AB23A
:10DD8000130446BF41F2210383EA420353009AB2CF
:10DD9000170446BF41F2210383EA420353009AB2BB
:10DDA000160446BF41F2210383EA420353009AB2AC
:10DDB000100446BF41F2210383EA420353009AB2A2
:10DDC000110446BF41F2210383EA420353009AB291
:10DDD000130446BF41F2210383EA420353009BB27E
:10DDE0001F0446BF41F2210282EA43035B009BB25B
:10DDF0001A0A6371A271002D03F0B983022D40F05D
:10DE00004386074B1B78002B00F03E8621460722F5
:10DE1000044813F0CBF800F037BE00BFAAFE0100A3
:10DE20002D7A002020930020402800F0AF8600F2D9
:10DE3000E584312801F0128334287FF48CAD042A64
:10DE400003F0AC800DAC40F2FF13904A22609BB20D
:10DE50005B00062222711A0446BF41F2210282EAC7
:10DE600043035B009AB2130446BF41F2210383EAE5
:10DE7000420353009AB2170446BF41F2210383EADA
:10DE8000420353009AB2160446BF41F2210383EACB
:10DE9000420353009AB2100446BF41F2210383EAC1
:10DEA000420353009AB2110446BF41F2210383EAB0
:10DEB000420353009AB213044ABF41F221035300B4
:10DEC00083EA4203A2789BB283EA02231BB2002BAF
:10DED0009AB2B6BF41F22103530083EA42039AB2D9
:10DEE000170446BF41F2210383EA420353009AB26A
:10DEF000160446BF41F2210383EA420353009AB25B
:10DF0000100446BF41F2210383EA420353009AB250
:10DF1000110446BF41F2210383EA420353009AB23F
:10DF2000130446BF41F2210383EA420353009AB22D
:10DF3000170446BF41F2210383EA420353009AB219
:10DF400016044ABF41F22103530083EA4203E278F8
:10DF50009BB283EA02231BB2002B9AB2B6BF41F2F6
:10DF60002103530083EA42039AB2100446BF41F2F0
:10DF7000210383EA420353009AB2110446BF41F2DF
:10DF8000210383EA420353009AB2130446BF41F2CD
:10DF9000210383EA420353009AB2170446BF41F2B9
:10DFA000210383EA420353009AB2160446BF41F2AA
:10DFB000210383EA420353009AB2100446BF41F2A0
:10DFC000210383EA420353009AB211044ABF41F28B
:10DFD0002103530083EA42039BB283F4C0631BB264
:10DFE000002B9AB2B6BF41F22103530083EA4203E9
:10DFF0009AB2130446BF41F2210383EA420353005D
:10E000009AB2170446BF41F2210383EA4203530048
:10E010009AB2160446BF41F2210383EA4203530039
:10E020009AB2100446BF41F2210383EA420353002F
:10E030009AB2110446BF41F2210383EA420353001E
:10E040009AB2130446BF41F2210383EA420353000C
:10E050009BB21F0446BF41F2210282EA43035B00E8
:10E060009BB21A0A6371A271002D03F07982022D0E
:10E0700040F00A85064B1B78002B00F005852146F1
:10E080000722044812F092FF00F0FEBCAAFE010035
:10E090002D7A002020930020612801F0D58200F223
:10E0A00005854A2801F0B08460287FF454AC6FF4F1
:10E0B000C0430DAC46F2AA02002B22609AB2C2F213
:10E0C000658753009AB2160446BF41F2210383EAE2
:10E0D000420353009AB2100446BF41F2210383EA7F
:10E0E000420353009AB2110446BF41F2210383EA6E
:10E0F000420353009AB2130446BF41F2210383EA5C
:10E10000420353009AB2170446BF41F2210383EA47
:10E11000420353009AB2160446BF41F2210383EA38
:10E12000420353009AB210044ABF41F22103530044
:10E1300083EA4203A2789BB283EA02231BB2002B3C
:10E140009AB2B6BF41F22103530083EA42039AB266
:10E15000110446BF41F2210383EA420353009AB2FD
:10E16000130446BF41F2210383EA420353009AB2EB
:10E17000170446BF41F2210383EA420353009AB2D7
:10E18000160446BF41F2210383EA420353009AB2C8
:10E19000100446BF41F2210383EA420353009AB2BE
:10E1A000110446BF41F2210383EA420353009AB2AD
:10E1B00013044ABF41F22103530083EA4203E27889
:10E1C0009BB283EA02231BB2002B9AB2B6BF41F284
:10E1D0002103530083EA42039AB2170446BF41F277
:10E1E000210383EA420353009AB2160446BF41F268
:10E1F000210383EA420353009AB2100446BF41F25E
:10E20000210383EA420353009AB2110446BF41F24C
:10E21000210383EA420353009AB2130446BF41F23A
:10E22000210383EA420353009AB2170446BF41F226
:10E23000210383EA420353009BB21E0446BF41F20E
:10E24000210282EA43035B009BB21A0A23716271C6
:10E25000002D02F09186022D07D19B4B1B7823B134
:10E2600021460622994812F0A1FEC82013F092FC24
:10E2700000F00ABC902801F0F58492287FF46BAB83
:10E2800046F6FF430DAC9BB25B00914A2260190435
:10E290004FF00102227146BF41F2210282EA43039C
:10E2A00093409AB2130446BF41F2210383EA42032A
:10E2B00053009AB2170446BF41F2210383EA420396
:10E2C00053009AB2160446BF41F2210383EA420387
:10E2D00053009AB2100446BF41F2210383EA42037D
:10E2E00053009AB2110446BF41F2210383EA42036C
:10E2F00053009AB213044ABF41F22103530083EA48
:10E300004203A2789BB283EA02231BB2002B9AB28B
:10E31000B6BF41F22103530083EA42039AB21704C5
:10E3200046BF41F2210383EA420353009AB2160426
:10E3300046BF41F2210383EA420353009AB210041C
:10E3400046BF41F2210383EA420353009AB211040B
:10E3500046BF41F2210383EA420353009AB21304F9
:10E3600046BF41F2210383EA420353009AB21704E5
:10E3700046BF41F2210383EA420353009AB21604D6
:10E380004ABF41F22103530083EA4203E2789BB281
:10E3900083EA02231BB2002B9AB2B6BF41F22103DB
:10E3A000530083EA42039AB2100446BF41F22103AC
:10E3B00083EA420353009AB2110446BF41F221039B
:10E3C00083EA420353009AB2130446BF41F2210389
:10E3D00083EA420353009AB2170446BF41F2210375
:10E3E00083EA420353009AB2160446BF41F2210366
:10E3F00083EA420353009AB2100446BF41F221035C
:10E4000083EA420353009AB211044ABF41F2210346
:10E41000530083EA42039BB283F480731BB2002B48
:10E420009AB2B6BF41F22103530083EA42039AB283
:10E43000130446BF41F2210383EA420353009AB218
:10E44000170446BF41F2210383EA420353009AB204
:10E45000160446BF41F2210383EA420353009AB2F5
:10E46000100446BF41F2210383EA420353009AB2EB
:10E47000110446BF41F2210383EA420353009AB2DA
:10E48000130446BF41F2210383EA420353009BB2C7
:10E490001F0446BF41F2210282EA43035B009BB2A4
:10E4A0001A0A6371A271002D02F02186022D40F03C
:10E4B000EB82054B1B78002B00F0E68221460722F9
:10E4C000024812F073FDDFE22D7A00202093002035
:10E4D000AA930100202800F00E8622287FF43BAA90
:10E4E000A04BA14AD3ED007A0D92B2EE047A67EE0A
:10E4F000877A0DACFDEEE77A17EE903A1BB219124F
:10E500008DF811108DF81030BDF81030A3806FF425
:10E510000C53002B9AB2BBBF41F2210383EA4203A2
:10E5200053001BB29BB21A0446BF41F2210282EA99
:10E5300043035B009AB2170446BF41F2210383EA0A
:10E54000420353009AB2160446BF41F2210383EA04
:10E55000420353009AB2100446BF41F2210383EAFA
:10E56000420353009AB2110446BF41F2210383EAE9
:10E57000420353009AB2130446BF41F2210383EAD7
:10E58000420353009AB217044ABF41F221035300D9
:10E5900083EA4203A2789BB283EA02231BB2002BD8
:10E5A0009AB2B6BF41F22103530083EA42039AB202
:10E5B000160446BF41F2210383EA420353009AB294
:10E5C000100446BF41F2210383EA420353009AB28A
:10E5D000110446BF41F2210383EA420353009AB279
:10E5E000130446BF41F2210383EA420353009AB267
:10E5F000170446BF41F2210383EA420353009AB253
:10E60000160446BF41F2210383EA420353009AB243
:10E6100010044ABF41F22103530083EA4203E27827
:10E620009BB283EA02231BB2002B9AB2B6BF41F21F
:10E630002103530083EA42039AB2110446BF41F218
:10E64000210383EA420353009AB2130446BF41F206
:10E65000210383EA420353009AB2170446BF41F2F2
:10E66000210383EA420353009AB2160446BF41F2E3
:10E67000210383EA420353009AB2100446BF41F2D9
:10E68000210383EA420353009AB2110446BF41F2C8
:10E69000210383EA420353009AB213044ABF41F2B2
:10E6A0002103530083EA420322799BB283EA0223C7
:10E6B0001BB2002B9AB2B6BF41F22103530083EA8A
:10E6C00042039AB2170446BF41F2210383EA420390
:10E6D00053009AB2160446BF41F2210383EA420373
:10E6E00053009AB2100446BF41F2210383EA420369
:10E6F00053009AB2110446BF41F2210383EA420358
:10E7000053009AB2130446BF41F2210383EA420345
:10E7100053009AB2170446BF41F2210383EA420331
:10E7200053009AB216044ABF41F22103530083EA10
:10E73000420362799BB283EA02231BB2002B9AB296
:10E74000B6BF41F22103530083EA42039AB2100498
:10E7500046BF41F2210383EA420353009AB21104F7
:10E7600004E000BF1C610020AA23020046BF41F262
:10E77000210383EA420353009AB2130446BF41F2D5
:10E78000210383EA420353009AB2170446BF41F2C1
:10E79000210383EA420353009AB2160446BF41F2B2
:10E7A000210383EA420353009AB2100446BF41F2A8
:10E7B000210383EA420353009BB2190446BF41F28E
:10E7C000210282EA43035B009BB21A0AA371E27141
:10E7D000002D02F05E84022D40F05681054B1B781F
:10E7E000002B00F0518121460822034812F0DEFB85
:10E7F0004AE100BF2D7A002020930020412800F03C
:10E80000038542287FF4A7A80024A14EA1483470B4
:10E81000214603F0FBFE204603F0EEFD9E48FEF786
:10E82000E1FB002802F0A0803378002B02F09680F4
:10E8300001229A490020FEF761FE00226FF48C430A
:10E840000DAC002B9649216099B2BBBF41F2210368
:10E8500083EA41034B001BB29BB2190446BF41F24D
:10E86000210181EA43035B0099B20B0446BF41F2E8
:10E87000210383EA41034B0099B20F0446BF41F2E2
:10E88000210383EA41034B0099B20E0446BF41F2D3
:10E89000210383EA41034B0099B2080446BF41F2C9
:10E8A000210383EA41034B0099B20B0446BF41F2B6
:10E8B000210383EA41034B0099B20F044ABF41F29E
:10E8C00021034B0083EA4103A17822719BB283EAC2
:10E8D00001231BB2002B99B2B6BF41F221034B00BA
:10E8E00083EA410399B20E0446BF41F2210383EA51
:10E8F00041034B0099B2080446BF41F2210383EA69
:10E9000041034B0099B20B0446BF41F2210383EA55
:10E9100041034B0099B20F0446BF41F2210383EA41
:10E9200041034B0099B20E0446BF41F2210383EA32
:10E9300041034B0099B2080446BF41F2210383EA28
:10E9400041034B0099B20B044ABF41F221034B0033
:10E9500083EA4103E1789BB283EA01231BB2002BD7
:10E9600099B2B6BF41F221034B0083EA410399B249
:10E970000F0446BF41F2210383EA41034B0099B2E1
:10E980000E0446BF41F2210383EA41034B0099B2D2
:10E99000080446BF41F2210383EA41034B0099B2C8
:10E9A0000B0446BF41F2210383EA41034B0099B2B5
:10E9B0000F0446BF41F2210383EA41034B0099B2A1
:10E9C0000E0446BF41F2210383EA41034B0099B292
:10E9D00008044ABF41F221034B0083EA41039BB282
:10E9E00083EA02231BB2002B9AB2B6BF41F2210385
:10E9F000530083EA42039AB2110446BF41F2210355
:10EA000083EA420353009AB2130446BF41F2210342
:10EA100083EA420353009AB2170446BF41F221032E
:10EA200083EA420353009AB2160446BF41F221031F
:10EA300083EA420353009AB2100446BF41F2210315
:10EA400083EA420353009AB2110446BF41F2210304
:10EA500083EA420353009BB21A0446BF41F22102EB
:10EA600082EA43035B009BB21A0A6371A271002D14
:10EA700002F06083022D07D10A4B1B7823B1214697
:10EA80000722094812F092FA51B0BDE8F08F00BF9A
:10EA9000347A002030610020206100200C930400B3
:10EAA000AA4601002D7A002020930020702800F053
:10EAB0008B8772287EF44FAF13F060F82F4B3049EC
:10EAC0001A68CDF839000DAC00232160C4F811207C
:10EAD0002371C4F80930C4F80D30224612A84FF64D
:10EAE000FF7341F2210112F8016F83EA06231BB282
:10EAF0009EB2002BACBF730081EA46039BB21E049A
:10EB000054BF5B0081EA43039BB21F0454BF5B0008
:10EB100081EA43039BB21E0454BF5B0081EA4303B6
:10EB20009BB21F0454BF5B0081EA43039BB21E04E7
:10EB300054BF5B0081EA43039BB21F0454BF5B00D8
:10EB400081EA43039BB21E0454BF5B0081EA430386
:10EB500082429BB2C7D11A0A6375A275002D02F0DA
:10EB60009F82022D90D1074B1B78002B8CD0214621
:10EB70001722054812F01AFA86E700BFAC7B002086
:10EB8000AA7311002D7A0020209300209C480124B4
:10EB900008F048FD9B4B9C481C70214603F036FD55
:10EBA000204603F029FC0DAC00209849FEF7A6FC96
:10EBB000974B23606FF48843002B4FF000022271C3
:10EBC0009AB2BBBF41F2210383EA420353001BB256
:10EBD0009BB21A0446BF41F2210282EA43035B0062
:10EBE0009AB2170446BF41F2210383EA420353005D
:10EBF0009AB2160446BF41F2210383EA420353004E
:10EC00009AB2100446BF41F2210383EA4203530043
:10EC10009AB2110446BF41F2210383EA4203530032
:10EC20009AB2130446BF41F2210383EA4203530020
:10EC30009AB217044ABF41F22103530083EA420308
:10EC4000A2789BB283EA02231BB2002B9AB2B6BF12
:10EC500041F22103530083EA42039AB2160446BFED
:10EC600041F2210383EA420353009AB2100446BFE3
:10EC700041F2210383EA420353009AB2110446BFD2
:10EC800041F2210383EA420353009AB2130446BFC0
:10EC900041F2210383EA420353009AB2170446BFAC
:10ECA00041F2210383EA420353009AB2160446BF9D
:10ECB00041F2210383EA420353009AB210044ABF8F
:10ECC00041F22103530083EA4203E2789BB283EAD4
:10ECD00002231BB2002B9AB2B6BF41F221035300AC
:10ECE00083EA42039AB2110446BF41F2210383EA48
:10ECF000420353009AB2130446BF41F2210383EA50
:10ED0000420353009AB2170446BF41F2210383EA3B
:10ED1000420353009AB2160446BF41F2210383EA2C
:10ED2000420353009AB2100446BF41F2210383EA22
:10ED3000420353009AB2110446BF41F2210383EA11
:10ED4000420353009AB2130446BF41F2210383EAFF
:10ED5000420353009AB2170446BF41F2210383EAEB
:10ED6000420353009AB2160446BF41F2210383EADC
:10ED7000420353009AB2100446BF41F2210383EAD2
:10ED8000420353009AB2110446BF41F2210383EAC1
:10ED9000420353009AB2130446BF41F2210383EAAF
:10EDA000420353009AB2170446BF41F2210383EA9B
:10EDB000420353009AB2160446BF41F2210383EA8C
:10EDC000420353009BB2180446BF41F2210282EA7B
:10EDD00043035B009BB21A0A6371A271002D02F01B
:10EDE0004A81022D7FF450AE0A4B1B78002B3FF472
:10EDF0004BAE21460722084812F0D8F844E600BF7F
:10EE0000B47B0020347A002030610020FC920400A2
:10EE1000AA4401002D7A002020930020013AFE2A06
:10EE200001F21387DFF8AC82A34888F8004008F0AD
:10EE3000F9FB204612F0AEFEA04A1278002A42F0FA
:10EE40001C859F4F0DAC4FF0000959464B4632468A
:10EE5000994887F8009009F053FF2B4682460090AE
:10EE6000324648469749FEF749FBBAF1000F02F0D7
:10EE70007D81524694490220FEF740FB8E4888F877
:10EE8000009006F0BDFB40F2FF13904A22609BB257
:10EE900004225B0022711A044ABF41F221025B0086
:10EEA00082EA43039AB2110446BF41F2210383EA86
:10EEB000420353009AB2130446BF41F2210383EA8E
:10EEC000420353009AB2170446BF41F2210383EA7A
:10EED000420353009AB2160446BF41F2210383EA6B
:10EEE000420353009AB2100446BF41F2210383EA61
:10EEF000420353009AB211044ABF41F22103530066
:10EF000083EA4203A2789BB283EA02231BB2002B5E
:10EF10009AB2B6BF41F22103530083EA42039AB288
:10EF2000130446BF41F2210383EA420353009AB21D
:10EF3000170446BF41F2210383EA420353009AB209
:10EF4000160446BF41F2210383EA420353009AB2FA
:10EF5000100446BF41F2210383EA420353009AB2F0
:10EF6000110446BF41F2210383EA420353009AB2DF
:10EF7000130446BF41F2210383EA420353009AB2CD
:10EF800017044ABF41F22103530083EA4203E278A7
:10EF90009BB283EA02231BB2002B9AB2B6BF41F2A6
:10EFA0002103530083EA42039AB2160446BF41F29A
:10EFB000210383EA420353009AB2100446BF41F290
:10EFC000210383EA420353009AB2110446BF41F27F
:10EFD000210383EA420353009AB2130446BF41F26D
:10EFE000210383EA420353009AB2170446BF41F259
:10EFF000210383EA420353009AB2160446BF41F24A
:10F00000210383EA420353009AB210044ABF41F23B
:10F010002103530083EA42039BB283F480631BB253
:10F02000002B9AB2B6BF41F22103530083EA420398
:10F030009AB2110446BF41F2210383EA420353000E
:10F040009AB2130446BF41F2210383EA42035300FC
:10F050009AB2170446BF41F2210383EA42035300E8
:10F060009AB2160446BF41F2210383EA42035300D9
:10F070009AB2100446BF41F2210383EA42035300CF
:10F080009AB2110446BF41F2210383EA42035300BE
:10F090009BB21A0446BF41F2210282EA43035B009D
:10F0A0009BB21A0A6371A271002D02F0D883022D5F
:10F0B00018D1074B1B780FE0B47B00205C7B00204D
:10F0C0009C7B00201092040034920400AAFE0100F0
:10F0D0002D7A00200879002023B1214607224148DB
:10F0E00011F064FF404B1B78002B7FF4CDAC3F4800
:10F0F00006F042F8C8E412F041FD3D4A3D4ED2ED23
:10F10000007A3D4A3D4B1278F275B2EE047A67EE12
:10F11000877AA3FB0023FDEEE77A9B09336017EEA5
:10F12000903A0022B275B3820FCE0DAC344F2760F7
:10F130000EAF0FC796E80300224687E803004FF69C
:10F14000FF730DF14F0041F2210112F8016F83EAC4
:10F1500006231BB29EB2002BACBF730081EA4603AC
:10F160009BB21E0454BF5B0081EA43039BB21F04A1
:10F1700054BF5B0081EA43039BB21E0454BF5B0093
:10F1800081EA43039BB21F0454BF5B0081EA43033F
:10F190009BB21E0454BF5B0081EA43039BB21F0471
:10F1A00054BF5B0081EA43039BB21E0454BF5B0063
:10F1B00081EA430382429BB2C7D11A0A237762775E
:10F1C000002D01F0BE87022D7FF45EAC0D4B1B7845
:10F1D000002B3FF459AC21461E22024811F0E6FEF6
:10F1E00052E400BF20930020347A0020B47B00203A
:10F1F0001C610020847B002008790020D34D621020
:10F20000AA2118002D7A00200DAC40F2FF13904A7D
:10F2100022609BB25B00022222711A0446BF41F2B7
:10F22000210282EA43035B009AB2130446BF41F213
:10F23000210383EA420353009AB2170446BF41F206
:10F24000210383EA420353009AB2160446BF41F2F7
:10F25000210383EA420353009AB2100446BF41F2ED
:10F26000210383EA420353009AB2110446BF41F2DC
:10F27000210383EA420353009AB213044ABF41F2C6
:10F280002103530083EA4203A2789BB283EA02235C
:10F290001BB2002B9AB2B6BF41F22103530083EA9E
:10F2A00042039AB2170446BF41F2210383EA4203A4
:10F2B00053009AB2160446BF41F2210383EA420387
:10F2C00053009AB2100446BF41F2210383EA42037D
:10F2D00053009AB2110446BF41F2210383EA42036C
:10F2E00053009AB2130446BF41F2210383EA42035A
:10F2F00053009AB2170446BF41F2210383EA420346
:10F3000053009AB216044ABF41F22103530083EA24
:10F310004203E2789BB283EA02231BB2002B9AB22B
:10F32000B6BF41F22103530083EA42039AB21004AC
:10F3300046BF41F2210383EA420353009AB211040B
:10F3400046BF41F2210383EA420353009AB21304F9
:10F3500046BF41F2210383EA420353009AB21704E5
:10F3600046BF41F2210383EA420353009AB21604D6
:10F3700046BF41F2210383EA420353009AB21004CC
:10F3800046BF41F2210383EA420353009AB21104BB
:10F390004ABF41F22103530083EA42039BB283F444
:10F3A00000731BB2002B9AB2B6BF41F22103530087
:10F3B00083EA42039AB2130446BF41F2210383EA6F
:10F3C000420353009AB2170446BF41F2210383EA75
:10F3D000420353009AB2160446BF41F2210383EA66
:10F3E000420353009AB2100446BF41F2210383EA5C
:10F3F000420353009AB2110446BF41F2210383EA4B
:10F40000420353009AB2130446BF41F2210383EA38
:10F41000420353009BB21F0446BF41F2210282EA1D
:10F4200043035B009BB21A0A6371A271002D01F0C5
:10F430005086022D7FF428AB064B1B78002B3FF43F
:10F4400023AB21460722044811F0B0FDFFF71CBB97
:10F45000AAFE01002D7A002020930020764B1B7815
:10F4600013B9764805F088FE6FF44C530DAC002BB1
:10F4700043F2AA3222609AB2BBBF41F2210383EA6F
:10F48000420353001BB29BB21A0446BF41F2210251
:10F4900082EA43035B009AB2130446BF41F22103A0
:10F4A00083EA420353009AB2170446BF41F2210394
:10F4B00083EA420353009AB2160446BF41F2210385
:10F4C00083EA420353009AB2100446BF41F221037B
:10F4D00083EA420353009AB2110446BF41F221036A
:10F4E00083EA420353009AB213044ABF41F2210354
:10F4F000530083EA4203A2789BB283EA02231BB241
:10F50000002B9AB2B6BF41F22103530083EA4203B3
:10F510009AB2170446BF41F2210383EA4203530023
:10F520009AB2160446BF41F2210383EA4203530014
:10F530009AB2100446BF41F2210383EA420353000A
:10F540009AB2110446BF41F2210383EA42035300F9
:10F550009AB2130446BF41F2210383EA42035300E7
:10F560009AB2170446BF41F2210383EA42035300D3
:10F570009AB216044ABF41F22103530083EA4203C0
:10F58000E2789BB283EA02231BB2002B9AB2B6BF89
:10F5900041F22103530083EA42039AB2100446BFAA
:10F5A00041F2210383EA420353009AB2110446BF99
:10F5B00041F2210383EA420353009AB2130446BF87
:10F5C00041F2210383EA420353009AB2170446BF73
:10F5D00041F2210383EA420353009AB2160446BF64
:10F5E00041F2210383EA420353009AB2100446BF5A
:10F5F00041F2210383EA420353009BB2190446BF40
:10F6000041F2210282EA43035B009BB21A0A237192
:10F610006271002D01F09C85022D7FF435AA084B04
:10F620001B78002B3FF430AA21460622054811F032
:10F63000BDFCFFF729BA00BF347A0020B47B00205C
:10F640002D7A0020209300200DAC0021DFF8BC8231
:10F65000217004A811F0A0F9D8F80030059AC4F878
:10F66000012013F00107A24E32D1A249304612F018
:10F6700047F9A04906F10C0012F042F99D4906F144
:10F68000180012F03DF906F1280086F8247011F0F8
:10F6900067F906F1300011F063F906F1380011F056
:10F6A0005FF906F1400011F05BF906F1480011F036
:10F6B00057F9904906F1500012F022F90123304623
:10F6C0008D4A8E49A6F85C70C8F8003015F07EFEB1
:10F6D000B6F85C3063711B0A8948A371202117F0CA
:10F6E00085FCC6B2E671002E41F0E18408260927A8
:10F6F0002021834817F07AFCC0B2202841F29C8276
:10F700002023A35598461A46E0197D4916F04FFD6F
:10F710004744BFB2A5F10200B0FA80F04009B5FA43
:10F7200085F300903A4621465B096220FDF7B4FD5F
:10F73000FFF7AAB9FF230DAC9BB25B004FF6AA728C
:10F7400022601A0446BF41F2210282EA43035B00B1
:10F750009AB2130446BF41F2210383EA42035300E5
:10F760009AB2170446BF41F2210383EA42035300D1
:10F770009AB2160446BF41F2210383EA42035300C2
:10F780009AB2100446BF41F2210383EA42035300B8
:10F790009AB2110446BF41F2210383EA42035300A7
:10F7A0009AB213044ABF41F22103530083EA420391
:10F7B000A2789BB283EA02231BB2002B9AB2B6BF97
:10F7C00041F22103530083EA42039AB2170446BF71
:10F7D00041F2210383EA420353009AB2160446BF62
:10F7E00041F2210383EA420353009AB2100446BF58
:10F7F00041F2210383EA420353009AB2110446BF47
:10F8000041F2210383EA420353009AB2130446BF34
:10F8100041F2210383EA420353009AB2170446BF20
:10F8200041F2210383EA420353009AB216044ABF0D
:10F8300041F22103530083EA4203E2789BB283EA58
:10F8400002231BB2002B9AB2B6BF41F22103530030
:10F8500083EA42039AB2100446BF41F2210383EACD
:10F86000420353009AB2110446BF41F2210383EAD6
:10F87000420353009AB2130446BF41F2210383EAC4
:10F88000420353009AB2170446BF41F2210383EAB0
:10F89000420353009AB2160446BF41F2210383EAA1
:10F8A000420353009AB2100446BF41F2210383EA97
:10F8B000420353009BB2190446BF41F2210282EA7F
:10F8C00043035B009BB21A0A23716271002D01F0A1
:10F8D0004684022D7FF4D8A80A4B1B78002B3FF4F6
:10F8E000D3A821460622084811F060FBFFF7CCB8E8
:10F8F000A8780020409404000060002021CF02007E
:10F90000D49204002D7A002020930020A4780020B7
:10F91000384B394F0FCB0DAC0EAE276007C62246D1
:10F9200033800DF145004FF6FF7341F2210112F8CB
:10F93000016F83EA06231BB29EB2002BACBF73009B
:10F9400081EA46039BB21F0454BF5B0081EA430374
:10F950009BB21E0454BF5B0081EA43039BB21F04A9
:10F9600054BF5B0081EA43039BB21E0454BF5B009B
:10F9700081EA43039BB21F0454BF5B0081EA430347
:10F980009BB21E0454BF5B0081EA43039BB21F0479
:10F9900054BF5B0081EA430382429BB2C7D11A0A7B
:10F9A000A374E274002D01F0A983022D7FF46CA8EA
:10F9B000124B1B78002B3FF467A8214614221048F5
:10F9C00011F0F4FAFFF760B80E4B1C68204617F0F0
:10F9D000DEFAA5F10206B6FA86F67609B5FA85F3DF
:10F9E00082B2214600965B097120FDF755FCFFF7B6
:10F9F0004BB800BF20610020AA120E002D7A002013
:10FA000020930020A07B0020002A40F0CA870DAC84
:10FA100040F2FF13904A22609BB25B0002222271E7
:10FA20001A0446BF41F2210282EA43035B009AB204
:10FA3000130446BF41F2210383EA420353009AB202
:10FA4000170446BF41F2210383EA420353009AB2EE
:10FA5000160446BF41F2210383EA420353009AB2DF
:10FA6000100446BF41F2210383EA420353009AB2D5
:10FA7000110446BF41F2210383EA420353009AB2C4
:10FA800013044ABF41F22103530083EA4203A278E0
:10FA90009BB283EA02231BB2002B9AB2B6BF41F29B
:10FAA0002103530083EA42039AB2170446BF41F28E
:10FAB000210383EA420353009AB2160446BF41F27F
:10FAC000210383EA420353009AB2100446BF41F275
:10FAD000210383EA420353009AB2110446BF41F264
:10FAE000210383EA420353009AB2130446BF41F252
:10FAF000210383EA420353009AB2170446BF41F23E
:10FB0000210383EA420353009AB216044ABF41F22A
:10FB10002103530083EA4203E2789BB283EA022383
:10FB20001BB2002B9AB2B6BF41F22103530083EA05
:10FB300042039AB2100446BF41F2210383EA420312
:10FB400053009AB2110446BF41F2210383EA4203F3
:10FB500053009AB2130446BF41F2210383EA4203E1
:10FB600053009AB2170446BF41F2210383EA4203CD
:10FB700053009AB2160446BF41F2210383EA4203BE
:10FB800053009AB2100446BF41F2210383EA4203B4
:10FB900053009AB211044ABF41F22103530083EA91
:10FBA00042039BB283F400731BB2002B9AB2B6BF20
:10FBB00041F22103530083EA42039AB2130446BF81
:10FBC00041F2210383EA420353009AB2170446BF6D
:10FBD00041F2210383EA420353009AB2160446BF5E
:10FBE00041F2210383EA420353009AB2100446BF54
:10FBF00041F2210383EA420353009AB2110446BF43
:10FC000041F2210383EA420353009AB2130446BF30
:10FC100041F2210383EA420353009BB21F0446BF13
:10FC200041F2210282EA43035B009BB21A0A63712C
:10FC3000A271002D01F0D585022D7EF425AF074B72
:10FC40001B78002B3EF420AF21460722044811F018
:10FC5000ADF9FEF719BF00BFAAFE01002D7A002002
:10FC60002093002001209449FDF748FC46F6FF63ED
:10FC70000DAC9BB25B00914A22601F044FF003025F
:10FC8000227146BF41F2210282EA43035B009AB22D
:10FC9000160446BF41F2210383EA420353009AB29D
:10FCA000100446BF41F2210383EA420353009AB293
:10FCB000110446BF41F2210383EA420353009AB282
:10FCC000130446BF41F2210383EA420353009AB270
:10FCD000170446BF41F2210383EA420353009AB25C
:10FCE00016044ABF41F22103530083EA4203A2787B
:10FCF0009BB283EA02231BB2002B9AB2B6BF41F239
:10FD00002103530083EA42039AB2100446BF41F232
:10FD1000210383EA420353009AB2110446BF41F221
:10FD2000210383EA420353009AB2130446BF41F20F
:10FD3000210383EA420353009AB2170446BF41F2FB
:10FD4000210383EA420353009AB2160446BF41F2EC
:10FD5000210383EA420353009AB2100446BF41F2E2
:10FD6000210383EA420353009AB211044ABF41F2CD
:10FD70002103530083EA4203E2789BB283EA022321
:10FD80001BB2002B9AB2B6BF41F22103530083EAA3
:10FD900042039AB2130446BF41F2210383EA4203AD
:10FDA00053009AB2170446BF41F2210383EA42038B
:10FDB00053009AB2160446BF41F2210383EA42037C
:10FDC00053009AB2100446BF41F2210383EA420372
:10FDD00053009AB2110446BF41F2210383EA420361
:10FDE00053009AB2130446BF41F2210383EA42034F
:10FDF00053009AB217044ABF41F22103530083EA29
:10FE000042039BB283F440731BB2002B9AB2B6BF7D
:10FE100041F22103530083EA42039AB2160446BF1B
:10FE200041F2210383EA420353009AB2100446BF11
:10FE300041F2210383EA420353009AB2110446BF00
:10FE400041F2210383EA420353009AB2130446BFEE
:10FE500041F2210383EA420353009AB2170446BFDA
:10FE600041F2210383EA420353009AB2160446BFCB
:10FE700041F2210383EA420353009BB2180446BFB8
:10FE800041F2210282EA43035B009BB21A0A6371CA
:10FE9000A271002D01F04781022D7EF4F5AD084BD3
:10FEA0001B78002B3EF4F0AD21460722054811F0E7
:10FEB0007DF8FEF7E9BD00BF58930400AA91010048
:10FEC0002D7A002020930020FF239BB25B000DAC15
:10FED0001F044FF6AA72226046BF41F2210282EA55
:10FEE00043035B009AB2160446BF41F2210383EA42
:10FEF000420353009AB2100446BF41F2210383EA41
:10FF0000420353009AB2110446BF41F2210383EA2F
:10FF1000420353009AB2130446BF41F2210383EA1D
:10FF2000420353009AB2170446BF41F2210383EA09
:10FF3000420353009AB216044ABF41F22103530010
:10FF400083EA4203A2789BB283EA02231BB2002B0E
:10FF50009AB2B6BF41F22103530083EA42039AB238
:10FF6000100446BF41F2210383EA420353009AB2D0
:10FF7000110446BF41F2210383EA420353009AB2BF
:10FF8000130446BF41F2210383EA420353009AB2AD
:10FF9000170446BF41F2210383EA420353009AB299
:10FFA000160446BF41F2210383EA420353009AB28A
:10FFB000100446BF41F2210383EA420353009AB280
:10FFC00011044ABF41F22103530083EA4203E2785D
:10FFD0009BB283EA02231BB2002B9AB2B6BF41F256
:10FFE0002103530083EA42039AB2130446BF41F24D
:10FFF000210383EA420353009AB2170446BF41F239
:020000023000CC
:10000000210383EA420353009AB2160446BF41F229
:10001000210383EA420353009AB2100446BF41F21F
:10002000210383EA420353009AB2110446BF41F20E
:10003000210383EA420353009AB2130446BF41F2FC
:10004000210383EA420353009BB21F0446BF41F2DF
:10005000210282EA43035B009BB21A0A2371627198
:10006000002D01F00F80022D7EF40EAD984B1B7811
:10007000002B3EF409AD21460622964810F096FF6B
:10008000FEF702BD46F6FF030DAC9BB25B00924A41
:10009000226018044FF00102227146BF41F2210292
:1000A00082EA430393409AB2110446BF41F221030E
:1000B00083EA420353009AB2130446BF41F221037C
:1000C00083EA420353009AB2170446BF41F2210368
:1000D00083EA420353009AB2160446BF41F2210359
:1000E00083EA420353009AB2100446BF41F221034F
:1000F00083EA420353009AB211044ABF41F221033A
:10010000530083EA4203A2789BB283EA02231BB224
:10011000002B9AB2B6BF41F22103530083EA420397
:100120009AB2130446BF41F2210383EA420353000B
:100130009AB2170446BF41F2210383EA42035300F7
:100140009AB2160446BF41F2210383EA42035300E8
:100150009AB2100446BF41F2210383EA42035300DE
:100160009AB2110446BF41F2210383EA42035300CD
:100170009AB2130446BF41F2210383EA42035300BB
:100180009AB217044ABF41F22103530083EA4203A3
:10019000E2789BB283EA02231BB2002B9AB2B6BF6D
:1001A00041F22103530083EA42039AB2160446BF88
:1001B00041F2210383EA420353009AB2100446BF7E
:1001C00041F2210383EA420353009AB2110446BF6D
:1001D00041F2210383EA420353009AB2130446BF5B
:1001E00041F2210383EA420353009AB2170446BF47
:1001F00041F2210383EA420353009AB2160446BF38
:1002000041F2210383EA420353009AB210044ABF29
:1002100041F22103530083EA42039BB283F48073CB
:100220001BB2002B9AB2B6BF41F22103530083EAFE
:1002300042039AB2110446BF41F2210383EA42030A
:1002400053009AB2130446BF41F2210383EA4203EA
:1002500053009AB2170446BF41F2210383EA4203D6
:1002600053009AB2160446BF41F2210383EA4203C7
:1002700053009AB2100446BF41F2210383EA4203BD
:1002800053009AB2110446BF41F2210383EA4203AC
:1002900053009BB21A0446BF41F2210282EA430393
:1002A0005B009BB21A0A6371A271002D00F01887DF
:1002B000022D7EF4E9AB064B1B78002B3EF4E4AB39
:1002C00021460722034810F071FEFEF7DDBB00BF98
:1002D0002D7A002020930020AA97010021220021DE
:1002E00004A815F088FF01238DF8103004AE0FCE5E
:1002F0000DAC2E4F27600EAF0FC70FCE0FC7336860
:100300003B70224616A84FF6FF7341F2210112F806
:10031000016F83EA06231BB29EB2002BACBF7300B1
:1003200081EA46039BB21E0454BF5B0081EA43038B
:100330009BB21F0454BF5B0081EA43039BB21E04BF
:1003400054BF5B0081EA43039BB21F0454BF5B00B0
:1003500081EA43039BB21E0454BF5B0081EA43035E
:100360009BB21F0454BF5B0081EA43039BB21E048F
:1003700054BF5B0081EA430390429BB2C7D11A0A83
:1003800084F8253084F82620002D00F0BE86022D4A
:100390007EF47AAB064B1B78002B3EF475AB2146FE
:1003A0002722044810F002FEFEF76EBBAA9521003A
:1003B0002D7A002020930020172A4FF0000628BF36
:1003C000172204A8CDE90466CDE90666CDE90866E2
:1003D00015F0EDFE04A9994802F0F4F804A801F024
:1003E0009FFF3046964904AAFDF788F80DAC6FF4DC
:1003F0009243B342934A22609AB2BBBF41F22103B7
:1004000083EA420353001BB29BB21F0446BF41F272
:10041000210282EA43035B009AB22671160446BFAA
:1004200041F2210383EA420353009AB2100446BF0B
:1004300041F2210383EA420353009AB2110446BFFA
:1004400041F2210383EA420353009AB2130446BFE8
:1004500041F2210383EA420353009AB2170446BFD4
:1004600041F2210383EA420353009AB216044ABFC1
:1004700041F22103530083EA4203A2789BB283EA4C
:1004800002231BB2002B9AB2B6BF41F221035300E4
:1004900083EA42039AB2100446BF41F2210383EA81
:1004A000420353009AB2110446BF41F2210383EA8A
:1004B000420353009AB2130446BF41F2210383EA78
:1004C000420353009AB2170446BF41F2210383EA64
:1004D000420353009AB2160446BF41F2210383EA55
:1004E000420353009AB2100446BF41F2210383EA4B
:1004F000420353009AB211044ABF41F22103530050
:1005000083EA4203E2789BB283EA02231BB2002B08
:100510009AB2B6BF41F22103530083EA42039AB272
:10052000130446BF41F2210383EA420353009AB207
:10053000170446BF41F2210383EA420353009AB2F3
:10054000160446BF41F2210383EA420353009AB2E4
:10055000100446BF41F2210383EA420353009AB2DA
:10056000110446BF41F2210383EA420353009AB2C9
:10057000130446BF41F2210383EA420353009AB2B7
:10058000170446BF41F2210383EA420353009AB2A3
:10059000160446BF41F2210383EA420353009AB294
:1005A000100446BF41F2210383EA420353009AB28A
:1005B000110446BF41F2210383EA420353009AB279
:1005C000130446BF41F2210383EA420353009AB267
:1005D000170446BF41F2210383EA420353009AB253
:1005E000160446BF41F2210383EA420353009AB244
:1005F000100446BF41F2210383EA420353009BB239
:10060000190446BF41F2210282EA43035B009BB218
:100610001A0A6371A271002D00F07E85022D7EF40E
:1006200033AA094B1B78002B3EF42EAA2146072241
:10063000064810F0BBFCFEF727BA00BF306100206F
:10064000E4920400AA4901002D7A002020930020A2
:100650001848194F06F0E6FF012011F09BFA174BDE
:100660001A7800233B70002A00F096811449154A3D
:100670000878154914781A4660F307020878134978
:1006800064F30F2209780E930DAC60F3174261F307
:100690001F62226021464FF4C0720648C4E902225C
:1006A00004F0BEFF88BB11F069FA3B7806469BB1A7
:1006B0001AE000BFB47B00209C7B00209D7B0020C3
:1006C0002F610020196100202E6100202C7A00206B
:1006D00011F060FA3B783BB911F050FA831BB3F587
:1006E000FA7F4FF00100F3D33B78002B40F00486F3
:1006F000A1490120FCF702FFA04806F093FF052066
:1007000011F048FA9E48FCF76DFC40F2FF139BB2D3
:100710005B009C4A22601F044FF00702227146BF13
:1007200041F2210282EA43035B009AB2160446BFFB
:1007300041F2210383EA420353009AB2100446BFF8
:1007400041F2210383EA420353009AB2110446BFE7
:1007500041F2210383EA420353009AB2130446BFD5
:1007600041F2210383EA420353009AB2170446BFC1
:1007700041F2210383EA420353009AB216044ABFAE
:1007800041F22103530083EA4203A2789BB283EA39
:1007900002231BB2002B9AB2B6BF41F221035300D1
:1007A00083EA42039AB2100446BF41F2210383EA6E
:1007B000420353009AB2110446BF41F2210383EA77
:1007C000420353009AB2130446BF41F2210383EA65
:1007D000420353009AB2170446BF41F2210383EA51
:1007E000420353009AB2160446BF41F2210383EA42
:1007F000420353009AB2100446BF41F2210383EA38
:10080000420353009AB211044ABF41F2210353003C
:1008100083EA4203E2789BB283EA02231BB2002BF5
:100820009AB2B6BF41F22103530083EA42039AB25F
:10083000130446BF41F2210383EA420353009AB2F4
:10084000170446BF41F2210383EA420353009AB2E0
:10085000160446BF41F2210383EA420353009AB2D1
:10086000100446BF41F2210383EA420353009AB2C7
:10087000110446BF41F2210383EA420353009AB2B6
:10088000130446BF41F2210383EA420353009AB2A4
:1008900017044ABF41F22103530083EA42039BB28B
:1008A00083F4E0631BB2002B9AB2B6BF41F221037E
:1008B000530083EA42039AB2160446BF41F2210371
:1008C00083EA420353009AB2100446BF41F2210367
:1008D00083EA420353009AB2110446BF41F2210356
:1008E00083EA420353009AB2130446BF41F2210344
:1008F00083EA420353009AB2170446BF41F2210330
:1009000083EA420353009AB2160446BF41F2210320
:1009100083EA420353009BB2180446BF41F221020E
:1009200082EA43035B009BB21A0A6371A271002D35
:1009300000F0CA84022D07D1134B1B7823B1214646
:100940000722124810F032FB114B1B78002B7EF46B
:100950009BA80A4804F010FCFEF796B8074804F07C
:100960000BFC00283DF464AF002210460949FCF757
:10097000C5FD0122FDF762BFB0920400B47B0020E8
:1009800020610020AAFE01002D7A00202093002083
:10099000347A00200C9304009F4804F0D5FE0DAC7F
:1009A00080E60C789D4A231C18BF0123184613705B
:1009B00001F0F2FC9A4B9B4A9B49002C18BF1A4647
:1009C00000200DACFCF79AFD984B23606FF4964322
:1009D000002B4FF0000222719AB2BBBF41F22103FB
:1009E00083EA420353001BB29BB21E0446BF41F28E
:1009F000210282EA43035B009AB2100446BF41F22F
:100A0000210383EA420353009AB2110446BF41F224
:100A1000210383EA420353009AB2130446BF41F212
:100A2000210383EA420353009AB2170446BF41F2FE
:100A3000210383EA420353009AB2160446BF41F2EF
:100A4000210383EA420353009AB210044ABF41F2E1
:100A50002103530083EA4203A2789BB283EA022374
:100A60001BB2002B9AB2B6BF41F22103530083EAB6
:100A700042039AB2110446BF41F2210383EA4203C2
:100A800053009AB2130446BF41F2210383EA4203A2
:100A900053009AB2170446BF41F2210383EA42038E
:100AA00053009AB2160446BF41F2210383EA42037F
:100AB00053009AB2100446BF41F2210383EA420375
:100AC00053009AB2110446BF41F2210383EA420364
:100AD00053009AB213044ABF41F22103530083EA40
:100AE0004203E2789BB283EA02231BB2002B9AB244
:100AF000B6BF41F22103530083EA42039AB21704BE
:100B000046BF41F2210383EA420353009AB216041E
:100B100046BF41F2210383EA420353009AB2100414
:100B200046BF41F2210383EA420353009AB2110403
:100B300046BF41F2210383EA420353009AB21304F1
:100B400046BF41F2210383EA420353009AB21704DD
:100B500046BF41F2210383EA420353009AB21604CE
:100B600046BF41F2210383EA420353009AB21004C4
:100B700046BF41F2210383EA420353009AB21104B3
:100B800046BF41F2210383EA420353009AB21304A1
:100B900046BF41F2210383EA420353009AB217048D
:100BA00046BF41F2210383EA420353009AB216047E
:100BB00046BF41F2210383EA420353009AB2100474
:100BC00046BF41F2210383EA420353009AB2110463
:100BD00046BF41F2210383EA420353009BB21A0449
:100BE00046BF41F2210282EA43035B009BB21A0A2C
:100BF0006371A271002D00F0FB85022D7DF444AFDE
:100C00000B4B1B78002B3DF43FAF214607220948D0
:100C100010F0CCF9FDF738BFB47B00205C7B0020DE
:100C2000D8910400DC910400D8920400AA4B010082
:100C30002D7A002020930020A05500283EF46AADB4
:100C400002461FFA80F8FEF75FBD40F2FF130DACBD
:100C50009BB25B008F4A22601E044FF00502227196
:100C600046BF41F2210282EA43035B009AB21004BC
:100C700046BF41F2210383EA420353009AB21104B2
:100C800046BF41F2210383EA420353009AB21304A0
:100C900046BF41F2210383EA420353009AB217048C
:100CA00046BF41F2210383EA420353009AB216047D
:100CB00046BF41F2210383EA420353009AB2100473
:100CC0004ABF41F22103530083EA4203A2789BB258
:100CD00083EA02231BB2002B9AB2B6BF41F2210372
:100CE000530083EA42039AB2110446BF41F2210342
:100CF00083EA420353009AB2130446BF41F2210330
:100D000083EA420353009AB2170446BF41F221031B
:100D100083EA420353009AB2160446BF41F221030C
:100D200083EA420353009AB2100446BF41F2210302
:100D300083EA420353009AB2110446BF41F22103F1
:100D400083EA420353009AB213044ABF41F22103DB
:100D5000530083EA4203E2789BB283EA02231BB288
:100D6000002B9AB2B6BF41F22103530083EA42033B
:100D70009AB2170446BF41F2210383EA42035300AB
:100D80009AB2160446BF41F2210383EA420353009C
:100D90009AB2100446BF41F2210383EA4203530092
:100DA0009AB2110446BF41F2210383EA4203530081
:100DB0009AB2130446BF41F2210383EA420353006F
:100DC0009AB2170446BF41F2210383EA420353005B
:100DD0009AB216044ABF41F22103530083EA420348
:100DE0009BB283F4A0631BB2002B9AB2B6BF41F250
:100DF0002103530083EA42039AB2100446BF41F232
:100E0000210383EA420353009AB2110446BF41F220
:100E1000210383EA420353009AB2130446BF41F20E
:100E2000210383EA420353009AB2170446BF41F2FA
:100E3000210383EA420353009AB2160446BF41F2EB
:100E4000210383EA420353009AB2100446BF41F2E1
:100E5000210383EA420353009BB2190446BF41F2C7
:100E6000210282EA43035B009BB21A0A6371A271FA
:100E7000002D00F0C484022D7DF406AE064B1B78D5
:100E8000002B3DF401AE21460722044810F08EF8F5
:100E9000FDF7FABDAAFE01002D7A00202093002064
:100EA000B64E0868DBF808204968344607C4BBF82A
:100EB0000C3023803046FCF795F8002800F06C8356
:100EC00096E80F000DACAE4E26600EAE07C6224669
:100ED00033800DF145004FF6FF7341F2210112F806
:100EE000016F83EA06231EB2B3B2002EACBF5B00D3
:100EF00081EA43039BB21E0454BF5B0081EA4303B3
:100F00009BB21F0454BF5B0081EA43039BB21E04E3
:100F100054BF5B0081EA43039BB21F0454BF5B00D4
:100F200081EA43039BB21E0454BF5B0081EA430382
:100F30009BB21F0454BF5B0081EA43039BB21E04B3
:100F400054BF5B0081EA430390429BB2C7D11A0AA7
:100F5000A374E274002D00F04086022D7EF4C2A836
:100F6000884B1B78002B3EF4BDA8214614228648EE
:100F700010F01CF8FEF7B6B8214606228348F5F7B4
:100F800003FA8248F5F7F2F9FDF76FB941F2210350
:100F900083EA4203C3F30D02FDF795B87C487D490F
:100FA0009BF800407C4A04709BF8010008709BF895
:100FB00002007A4910707A4EDBF80000794A9BF8FB
:100FC000037037700DAC0123C4E900200B7022467A
:100FD0000DF13B004FF6FF7341F2210112F8016F52
:100FE00083EA06231BB29EB2002BACBF730081EADA
:100FF00046039BB21E0454BF5B0081EA43039BB2CD
:101000001F0454BF5B0081EA43039BB21E0454BF1C
:101010005B0081EA43039BB21F0454BF5B0081EA7B
:1010200043039BB21E0454BF5B0081EA43039BB29F
:101030001F0454BF5B0081EA43039BB21E0454BFEC
:101040005B0081EA430382429BB2C7D11A0A237232
:101050006272002D00F00A84022D07D1494B1B78E3
:1010600023B121460A2248480FF0A0FF1E2010F0AD
:1010700091FDFDF709BD214607224448F5F784F9A3
:10108000FDF702BD214606224048F5F77DF9FDF740
:10109000FBBC214608223D48F5F776F9FDF7F4BC84
:1010A000214617223948F5F76FF9FDF7EDBC3246B6
:1010B0003D49B6B20FA806F1090715F078F80836D1
:1010C000FEF716BB214607223048F5F75DF9FDF71C
:1010D000DBBC214607222D48F5F756F9FDF7D4BCB5
:1010E000214607222948F5F74FF9FDF7CDBC2146E7
:1010F00007222648F5F748F9FDF7C6BC2146142219
:101100002248F5F741F9FDF7BFBC214627221F48C9
:10111000F5F73AF9FDF7B8BC214607221B48F5F769
:1011200033F9FDF7B1BC214607221848F5F72CF931
:10113000FDF7AABC214607221448F5F725F9FDF76B
:10114000A3BC21461E221148F5F71EF9FDF79CBCF1
:10115000214606220D48F5F717F9FDF795BC214603
:1011600006220A48F5F710F9FDF78EBC10F006FDCF
:101170003B78824633BB41F293191BE0206100208B
:10118000AA120E002D7A002020930020486400202F
:101190002F610020196100202E6100209D7B00201E
:1011A0002C7A0020AA350400D492040010F0F2FC3E
:1011B0003B783BB910F0E2FCA0EB0A034B454FF043
:1011C0000200F3D9444897F8009004F019FA00237C
:1011D0003B7088F8003010F0D1FC404B5FFA89F981
:1011E0001860B9F1000F00F019833D4A3A4893683E
:1011F00031460133936004F015FE010A020C030E20
:101200008DF811108DF810008DF813308DF8122024
:10121000049A344B0646C4E900320DF13B002246E5
:101220004FF6FF7341F2210112F8017F83EA072391
:101230001FB2BBB2002FACBF5B0081EA43039BB27D
:101240001F0454BF5B0081EA43039BB21F0454BFD9
:101250005B0081EA43039BB21F0454BF5B0081EA39
:1012600043039BB21F0454BF5B0081EA43039BB25C
:101270001F0454BF5B0081EA43039BB21F0454BFA9
:101280005B0081EA43039BB21F0454BF5B0081EA09
:10129000430390429BB2C7D11A0A23726272002D97
:1012A00000F0BC84022D07D10F4B1B7823B12146DF
:1012B0000A220E480FF07AFE2B4632460C490020D7
:1012C000FCF71CF9FDF70EBF214607220948F5F788
:1012D0005BF8FFF739BB00BFB47B0020707B0020B8
:1012E000847B0020AA0204002D7A00202093002095
:1012F0005892040048640020A04804F03DFBA04A36
:10130000002390423B7000F066840F3000F03A8377
:1013100040F2FF139BB25A009A4B236011044FF026
:101320000703237146BF41F2210383EA42035300BE
:101330009AB2130446BF41F2210383EA42035300E9
:101340009AB2170446BF41F2210383EA42035300D5
:101350009AB2160446BF41F2210383EA42035300C6
:101360009AB2100446BF41F2210383EA42035300BC
:101370009AB2110446BF41F2210383EA42035300AB
:101380009AB213044ABF41F22103530083EA420395
:10139000A2789BB283EA02231BB2002B9AB2B6BF9B
:1013A00041F22103530083EA42039AB2170446BF75
:1013B00041F2210383EA420353009AB2160446BF66
:1013C00041F2210383EA420353009AB2100446BF5C
:1013D00041F2210383EA420353009AB2110446BF4B
:1013E00041F2210383EA420353009AB2130446BF39
:1013F00041F2210383EA420353009AB2170446BF25
:1014000041F2210383EA420353009AB216044ABF11
:1014100041F22103530083EA4203E2789BB283EA5C
:1014200002231BB2002B9AB2B6BF41F22103530034
:1014300083EA42039AB2100446BF41F2210383EAD1
:10144000420353009AB2110446BF41F2210383EADA
:10145000420353009AB2130446BF41F2210383EAC8
:10146000420353009AB2170446BF41F2210383EAB4
:10147000420353009AB2160446BF41F2210383EAA5
:10148000420353009AB2100446BF41F2210383EA9B
:10149000420353009AB211044ABF41F221035300A0
:1014A00083EA42039BB283F4E0631BB2002B9AB23F
:1014B000B6BF41F22103530083EA42039AB21304F8
:1014C00046BF41F2210383EA420353009AB2170454
:1014D00046BF41F2210383EA420353009AB2160445
:1014E00046BF41F2210383EA420353009AB210043B
:1014F00046BF41F2210383EA420353009AB211042A
:1015000046BF41F2210383EA420353009AB2130417
:1015100046BF41F2210383EA420353009BB21F04FA
:1015200046BF41F2210282EA43035B009BB21A0AE2
:101530006371A271002D00F07883022D07D1124B48
:101540001B7823B12146072210480FF02FFD104BC6
:101550001B78002B7DF498AAFBF7F4FCFDF794BAF6
:10156000214607220B48F4F70FFFFDF78DBA2146FD
:1015700007220848F4F708FFFDF786BAB47B00207D
:1015800042FDFFFFAAFE01002D7A002020930020DB
:10159000347A00204864002040F2FF130DAC9BB267
:1015A0005A009A4B236010044FF00603237146BF84
:1015B00041F2210383EA420353009AB2110446BF69
:1015C00041F2210383EA420353009AB2130446BF57
:1015D00041F2210383EA420353009AB2170446BF43
:1015E00041F2210383EA420353009AB2160446BF34
:1015F00041F2210383EA420353009AB2100446BF2A
:1016000041F2210383EA420353009AB211044ABF14
:1016100041F22103530083EA4203A2789BB283EA9A
:1016200002231BB2002B9AB2B6BF41F22103530032
:1016300083EA42039AB2130446BF41F2210383EACC
:10164000420353009AB2170446BF41F2210383EAD2
:10165000420353009AB2160446BF41F2210383EAC3
:10166000420353009AB2100446BF41F2210383EAB9
:10167000420353009AB2110446BF41F2210383EAA8
:10168000420353009AB2130446BF41F2210383EA96
:10169000420353009AB217044ABF41F22103530098
:1016A00083EA4203E2789BB283EA02231BB2002B57
:1016B0009AB2B6BF41F22103530083EA42039AB2C1
:1016C000160446BF41F2210383EA420353009AB253
:1016D000100446BF41F2210383EA420353009AB249
:1016E000110446BF41F2210383EA420353009AB238
:1016F000130446BF41F2210383EA420353009AB226
:10170000170446BF41F2210383EA420353009AB211
:10171000160446BF41F2210383EA420353009AB202
:1017200010044ABF41F22103530083EA42039BB2F3
:1017300083F4C0631BB2002B9AB2B6BF41F22103FF
:10174000530083EA42039AB2110446BF41F22103D7
:1017500083EA420353009AB2130446BF41F22103C5
:1017600083EA420353009AB2170446BF41F22103B1
:1017700083EA420353009AB2160446BF41F22103A2
:1017800083EA420353009AB2100446BF41F2210398
:1017900083EA420353009AB2110446BF41F2210387
:1017A00083EA420353009BB21A0446BF41F221026E
:1017B00082EA43035B009BB21A0A6371A271002D97
:1017C00000F01C82022D7DF45FA9114B1B78002BC9
:1017D0003DF45AA9214607220E480FF0E7FBFDF71A
:1017E00053B9214607220C48F4F7CEFDFDF74CB95A
:1017F000214607220848F4F7C7FDFDF745B9214601
:1018000007220548F4F7C0FDFDF73EB9AAFE010026
:101810002D7A0020209300204864002032464D4954
:101820000220FBF76BFE4C4805F0FCFE052010F093
:10183000B1F94A48FBF7D6FB40F2FF139BB25A00BE
:10184000474B236010044FF0040323714ABF41F259
:101850002103530083EA42039AB2FDF724BB2146D9
:1018600007224048F4F790FDFDF73CBC21460A22D0
:101870003C48F4F789FDFFF7F9BB02233A4FDFF844
:10188000D8A003930DAC394B1978394B1A78002343
:10189000636061F30703374962F30F23364A09781F
:1018A000127861F317434FF4C07062F31F63A060B6
:1018B000E0604FF000022146504623603A7003F08A
:1018C000AFFE48BB10F05AF93B78814623B10BE0DC
:1018D00010F060F93B783BB910F050F9A0EB090328
:1018E000C72B4FF00200F3D9504603F0BFFD4FF471
:1018F000C0718146504603F041FD19F4807F3DF4EC
:10190000A2AA10F03BF900F01F00143010F042F9C9
:10191000039B012B40F0688118490120FBF7EEFD85
:10192000A5F10203B5FA85F20021B3FA83F35B094E
:1019300088F8001052090E252146FE202570FBF77D
:1019400085FE0F4B1B78002B7DF49EA8FBF7FAFA5F
:10195000FDF79AB880920400B47B0020206100203B
:10196000AAFE0100486400209C7B00202F6100201B
:10197000196100202E6100202C7A0020E0910400E3
:10198000347A00201A466FF44853002B9F49216097
:1019900099B2BBBF41F2210383EA41034B001BB262
:1019A0009BB21E0446BF41F2210181EA43035B0062
:1019B00099B2080446BF41F2210383EA41034B0078
:1019C00099B20B0446BF41F2210383EA41034B0065
:1019D00099B20F0446BF41F2210383EA41034B0051
:1019E00099B20E0446BF41F2210383EA41034B0042
:1019F00099B2080446BF41F2210383EA41034B0038
:101A000099B20B044ABF41F221034B0083EA410320
:101A1000A17822719BB283EA01231BB2002B99B2F9
:101A2000B6BF41F221034B0083EA410399B20F0490
:101A300046BF41F2210383EA41034B0099B20E04F1
:101A400046BF41F2210383EA41034B0099B20804E7
:101A500046BF41F2210383EA41034B0099B20B04D4
:101A600046BF41F2210383EA41034B0099B20F04C0
:101A700046BF41F2210383EA41034B0099B20E04B1
:101A800046BF41F2210383EA41034B0099B20804A7
:101A90004ABF41F221034B0083EA4103E1789BB244
:101AA00083EA01231BB2002B99B2B6BF41F2210396
:101AB0004B0083EA410399B20B0446BF41F2210374
:101AC00083EA41034B0099B20F0446BF41F2210360
:101AD00083EA41034B0099B20E0446BF41F2210351
:101AE00083EA41034B0099B2080446BF41F2210347
:101AF00083EA41034B0099B20B0446BF41F2210334
:101B000083EA41034B0099B20F0446BF41F221031F
:101B100083EA41034B0099B20E044ABF41F221030C
:101B20004B0083EA41039BB283EA02231BB2002BE2
:101B30009AB2B6BF41F22103530083EA42039AB23C
:101B4000100446BF41F2210383EA420353009AB2D4
:101B5000110446BF41F2210383EA420353009AB2C3
:101B6000130446BF41F2210383EA420353009AB2B1
:101B7000170446BF41F2210383EA420353009AB29D
:101B8000160446BF41F2210383EA420353009AB28E
:101B9000100446BF41F2210383EA420353009BB283
:101BA000190446BF41F2210282EA43035B009BB263
:101BB0001A0A6371A271D5B1022D7CF465AF144B82
:101BC0001B78002B3CF460AF2146072211480FF030
:101BD000EDF9FCF759BF0122D5E6214614220E4843
:101BE000F4F7D2FBFDF77EBA012303934BE62146BF
:101BF00007220948F4F7C8FBFCF746BF2146072235
:101C00000548F4F7C1FBFCF73FBF00BFAA32010053
:101C10002D7A0020209300204864002021460A22CB
:101C20001948F4F7B1FBFFF747BB214607221648D6
:101C3000F4F7AAFB8BE4A3F1020CDCF1000141EB09
:101C40000C010022B3FA83F300915B091146FF20D7
:101C5000FBF722FB0D490020FBF750FC4FF08043BF
:101C60005722C3F81C2564200FF094FFBFF34F8F59
:101C70000749084BCA6802F4E0621343CB60BFF324
:101C80004F8F00BFFDE700BF48640020249304008D
:101C900000ED00E00400FA052DE9F04104460E468F
:101CA000174698460FF06AFF044D434628603A46AF
:101CB00031462046BDE8F041FBF72EBE307A0020C9
:101CC000F0B58BB000F092FA00F01EFB824C834F0F
:101CD000207000F01FFB824B4FF4612118703846D2
:101CE000F4F75CFC0FF04AFF40F6B736054608E013
:101CF0000FF044FF401BB0424FF00A0006D80FF02F
:101D000049FF3846F4F768FC0028F1D0C8200FF0EE
:101D100041FF4FF461217348734E0FF075F90A27A4
:101D2000DFF834C27149009709234FF4612201257D
:101D30006A488CF800500EF0BBFE6D4904A80FF005
:101D4000DFFD04A907A80FF001FE6A4907A80FF0FC
:101D5000E3FE69490FF0E0FE014668480FF056FEC9
:101D600007A80FF04BFE04A80FF048FE644B65492E
:101D70005A4800220EF09CFE634800F0E1FB00F0A0
:101D8000BFFA0146604800F01DFC21785E4800F073
:101D90003DFC5D4800F03EFC0FF0F0FE30605B481B
:101DA00001F02EF800220823CDE9013200979FEDC3
:101DB000581ADFED580A9FED580A58481223072297
:101DC000092102F0ADFED8B155494F48434C00F00F
:101DD0008FFF02E00A200FF0DDFE2046F4F7CCFA78
:101DE0000028F7D0082407A900230122FE208DF83F
:101DF0001C40FBF72BFC4FF47A700FF0CBFEFAE798
:101E00009FED480A454841F2883106F067FD2946B2
:101E1000424806F039FE4448FBF7E4F8074688B923
:101E20004249394800F064FF06243B462A4607A988
:101E3000FE208DF81C40FBF709FC4FF47A700FF080
:101E4000A9FEFAE73A49354805F002FF237813B9AD
:101E5000FBF778F8A8B1374B01221A70FBF77CF832
:101E6000354936480FF0FCFD41F287340FF086FE0D
:101E70003368C31AA3424FF032000BD80FF08AFE2A
:101E8000F4E72F49204800F033FF4FF47A700FF049
:101E900081FEFAE7194C284B22682A490292002257
:101EA000CDE900311848114600F022FC264B0122F2
:101EB0001A700FF063FE254B00F5EA4030301860D1
:101EC0000FF05CFE1E232268214900930348214B3A
:101ED0000EF0EEFD0BB0F0BD347A00204864002017
:101EE0005C7B002020930020807B0020D89304009E
:101EF0000C9404001494040018940400A07B0020A7
:101F0000BC9404002494040030610020EC7D002087
:101F1000CDCCCC3F0000FA420000D943B47B002076
:101F2000449404006666E63F206100205894040053
:101F300011CF020009790020D4920400607B0020B8
:101F40006894040078940400507B0020587B0020A3
:101F50008C940400809404002D7A002070B5884C85
:101F600022688AB0BAB1874BDB68DD0104D5864BA5
:101F70001968C80700F1858011F07AF8834B226850
:101F8000A0FB0301830A43EA8153814908689B1A35
:101F9000984238BF0B607B4BDB68D90103D57A4B85
:101FA0001A68D20743D411F063F8784BA0FB030101
:101FB000830A43EA8153774A236013781BB1764B37
:101FC0001B78002B60D0754C754E764D09E020468D
:101FD000F4F7B4F90096C1B22B4600227248FAF722
:101FE00005FE2046F4F784F90028F0D16F4B1B78EA
:101FF00093B16F4C6A4E6B4D09E020460EF08AFF9C
:102000000096C1B22B4602226A48FAF7EFFD20463D
:102010000EF078FF0028F0D1FBF75EF82A2013F0CD
:102020002FF838B1644C2378EBB90AB070BD5B6807
:102030009B09C0E7614C0FF0A1FD23689842F1D9DC
:102040000FF09CFDC83020600FF098FD5A4C5C4D9D
:10205000237800F5EA4030302860032B6ED8DFE8A3
:1020600003F04A53594D564D0FF088FD2B68C01AA6
:1020700000280DDB534800F07FFE002323700AB0D8
:1020800070BD5B689B0980E71370FBF7ABF99AE7BB
:102090004D4D0FF073FD2B68C01AB0F5FA6FC4D91F
:1020A0000FF06CFD23782860012B39D0022B49D02A
:1020B0000FF064FD454D464E4649A5FB003407A888
:1020C0000FF01EFC3368A409002B50D14FF0FF33F2
:1020D0004148424900680390C8680290D1E901056F
:1020E000079A009001952146364800F043FD07A865
:1020F0000FF084FC99E7334800F052FE324A002189
:10210000012311602370AFE72F4A002102231160E1
:102110002370A9E72C4A0021032311602370A3E751
:102120002E4B2D48D3E9011204682D4B2D48029403
:10213000CDE90030234800F0DBFA76E7224B00229D
:102140001A6091E72848244C457B037A2468D0E93B
:1021500000120395B0F80B50029590F90A50407A9E
:102160000494CDE90005174800F052FC5DE70FF03C
:1021700005FD3368C31AA5FB03239B09A8E700BF2D
:10218000B07B0020F0ED00E0001000E040420F00C6
:10219000AC7B00209C7B0020087900204864002054
:1021A000D1D80200991C0300387A00202D7A002033
:1021B000209300200C790020507B0020747B0020AD
:1021C000587B0020306100206C7B0020D34D6210D2
:1021D000307A002040940400A07B0020847B002003
:1021E000D4920400D49304002061002030B53C4C0C
:1021F00023789DB00BB11DB030BD3A480EF088F980
:1022000028B9384809F0B6F836480EF081F9354952
:1022100003A809F0E9F903A80022334909F0F8F905
:1022200000284ED1314B187000252E49019503A886
:1022300009F0DAF92A462E4903A809F0E9F950BB5A
:102240008DF804002B4B27491870002503A8029530
:1022500009F0CAF92A46284903A809F0D9F9A0B11A
:10226000032202A903A809F093FA1CAB20EAE0704C
:10227000034403A803F8685C09F0AAFA9DF8080073
:10228000A0F13100B0FA80F040091C4A012310701F
:1022900023701DB030BD032201A903A809F078FA0C
:1022A0001CAB20EAE070034403A803F86C5C09F05F
:1022B0008FFA9DF80400A0F13100B0FA80F04009D7
:1022C000C0E70A4D1722294603A809F061FA20EA5F
:1022D000E073002203A8EA5409F07AFAA4E700BFE9
:1022E000987D0020307E0020C4940400807D002072
:1022F000D0940400997D0020DC9404007C7D0020B3
:1023000000487047807D0020014B1878704700BF5F
:10231000997D0020014B1878704700BF7C7D00201C
:1023200010B5184C002818BF04469AB02146182250
:10233000154814F034FE08B91AB010BD2346134AEC
:102340001148182114F0C8FD0F4814F020FE104960
:102350000446104809F03EF80E4901A809F044F976
:1023600001A801220A4909F053F90028E4D02246C5
:10237000054901A809F046F801A809F029FA1AB0A0
:1023800010BD00BF40940400807D0020C094040074
:10239000C4940400307E0020144A1378834219D07C
:1023A00010B500289AB0034614BF312430241049D8
:1023B000104813708DF8034009F00CF80D4901A87E
:1023C00009F012F901A80122094909F021F910B90F
:1023D0001AB010BD704701220DF1030101A809F0E8
:1023E00011F801A809F0F4F91AB010BD7C7D0020A5
:1023F000DC940400307E0020144A1378834219D004
:1024000010B500289AB0034614BF31243024104977
:10241000104813708DF8034008F0DCFF0D4901A847
:1024200009F0E2F801A80122094909F0F1F810B910
:102430001AB010BD704701220DF1030101A808F088
:10244000E1FF01A809F0C4F91AB010BD997D002080
:10245000D0940400307E0020704700BF2DE9F04783
:10246000DFF8D88086B000224FF4FC642023814638
:10247000CDE900348A4640461146F02308F0D6FAEA
:102480004FF0FC6340460321C8F8143007F018FDF4
:1024900099F80020284B0DF11607002A08BF99462D
:1024A00005AE00230DF1120504AC1A46494640461C
:1024B000CDE90267CDE9004507F008FDBDF916300A
:1024C000BDF81220C3F1200303EBD3734FF0040CCB
:1024D000C2EB630349464046A8F810C0A8F8123082
:1024E0000EF076FABAF1000F1AD00121404607F03B
:1024F000E7FC00231A4651464046CDE90267CDE984
:10250000004507F0E3FCBDF814301622C3F1EC03DC
:1025100051464046A8F81030A8F812200EF058FA9C
:102520004FF6FF7301210548C8F8143007F0C8FCC6
:1025300006B0BDE8F08700BFBC9404009C7D00207D
:1025400038B501210546032012F0FAFC01210F20C5
:1025500012F0F6FC0121022012F0F2FC002103200F
:1025600012F072FD00210F2012F06EFD01210220F9
:1025700012F06AFD104C0A200FF00CFB0F4800F01F
:102580003FFC0023F0222046872108F05DFD204615
:10259000032108F0FFFC2046094907F0C1FF002194
:1025A000204606F0B3FF4FF6FF7100220123616160
:1025B000E2762B7038BD00BF9C7D0020007E00209D
:1025C000005A6202044B054A002918BF0B4601302D
:1025D000182114F081BC00BF40940400C094040092
:1025E00030B4C1619DF808509DF90C40BDF9101040
:1025F00080F82020BDF9142080F8285080F8294068
:1026000043624185828530BC704700BF80F82E1040
:10261000704700BF2DE9F84F03780BB9BDE8F88F7C
:10262000002183462D482E4E894680464FF0230ACE
:1026300006F06CFF4B461FFA89F500240FFA8AF763
:1026400008E00134A3B21CB205EBE402402B92B2C5
:102650000FD0B35CE24302F007021341DB07F0D571
:10266000A11D09B24FF6FF733A46404607F016FE29
:10267000E7E709F108090AF1010AB9F5007F1FFA35
:102680008AFA02D019F80630D5E7144C40F2FF73ED
:1026900020460321636107F013FC124B23611249AA
:1026A00020460EF095F99BF801306BB102212046CF
:1026B00007F006FC4FF6FF720C4B62610BF1010153
:1026C000204623610EF084F90121044807F0F8FB4D
:1026D0004FF6FF736361BDE8F88F00BF9C7D00205B
:1026E000E894040054003100E896040054005100BE
:1026F000037803B970472DE9F043DFF8F88297B00B
:1027000004460D4640460021164606F0FFFE20997D
:10271000601CFFF7A3FE94F82E30002B40F0F880E9
:10272000A94AAA4BC8F810201F9A0221002A08BF04
:102730001A4640461F9240F2FF7907F0C1FB1F99ED
:10274000C8F8149040460EF043F94FF6FF770A227E
:10275000294606A8C8F814700FF020F906A909A8A0
:102760000FF0F4F89A4909A80FF0D6F90A220546A5
:1027700031460CA80FF012F90CA928460FF0A0F969
:10278000944BC8F8103005460221404607F098FBEC
:102790009149C8F8149040460EF01AF9294640466F
:1027A000C8F814700EF05AF90CA80FF027F909A810
:1027B0000FF024F906A80FF021F9B4F92A5015F505
:1027C000004F00F08A80B4F92C0012F0E3FF7AA3E6
:1027D000D3E9002313F048F8804A2B46CDE90001E5
:1027E00028210CA814F078FB0CA909A80FF088F890
:1027F0007B4BC8F810300121404607F061FB794956
:10280000C8F8147040460EF0E3F809A94046C8F82D
:1028100014700EF023F909A80FF0F0F8E069002811
:1028200058D0636A704A94F820100291A2FB0323E7
:102830009B09039312F09EFF61A3D3E9002313F0D9
:1028400013F86A4ACDE9000128210CA814F044FBD2
:102850000CA909A80FF054F8654B6648C8F8103069
:10286000012107F02DFB40F2FF765E496148C8F870
:1028700014604FF6FF750EF0ABF809A95D48C8F873
:1028800014500EF0EBF809A80FF0B8F894F92920CD
:1028900094F8283000922821574A0CA814F01CFB09
:1028A0000CA909A80FF02CF8544B5248C8F8103066
:1028B000012107F005FB4B494E48C8F814600EF0A3
:1028C00087F809A94B48C8F814500EF0C7F809A8B2
:1028D0000FF094F817B0BDE8F08349490CA80FF049
:1028E0000FF83F4BC8F810304046012107F0E8FAD6
:1028F0003C49C8F8149040460EF06AF80CA94046CE
:10290000C8F814700EF0AAF80CA80FF077F885E755
:102910004046032107F0D4FA0CAF09AE06AD0DF125
:10292000160400234FF478401A46C8F81400CDE985
:1029300002674046CDE90045324907F0C7FABDF9C4
:1029400024303049C3F1F00303EBD3735B10302222
:102950004046A8F81030A8F812200EF039F840468A
:102960000121BDF8309007F0ABFA00234FF6FF705D
:102970001A46C8F81400CDE902674046CDE9004583
:10298000214907F0A3FABDF924301F49C3F1F00330
:1029900009F13C0903EBD3735B100FFA89F9404648
:1029A000A8F81290A8F810300EF012F817B0BDE891
:1029B000F08300BFAFF300809A9999999999B93F34
:1029C0008DEDB5A0F7C6B03E04002600D4920400F9
:1029D0006097040004003E006897040024970400F8
:1029E0000400540040940400D34D62103897040052
:1029F000040062009C7D00204C97040004006E00DF
:102A000018970400F0960400F896040000000000F7
:102A10002DE9F04F95B004789DF878A09DF97CB031
:102A2000BDF880809DF88490002C00F08480464C96
:102A300005910546002120460493164606F066FDE2
:102A4000681C2299FFF70AFD404A226140F2FF7795
:102A50002046022107F034FA3D49676120460DF017
:102A6000B7FF059B4FF6FF751846656112F082FEB1
:102A700033A3D3E9002312F0F7FE364ACDE9000173
:102A800018210AA814F028FA0AA907A80EF038FF9E
:102A9000314B23612046022107F012FA2F4967616A
:102AA00020460DF095FF07A9204665610DF0D6FF81
:102AB00007A80EF0A3FF049B294A00932821334660
:102AC000CDE901AB0AA814F007FA0AA907A80EF08D
:102AD00017FF244B23612046012107F0F1F9224919
:102AE000656120460DF074FF07A9204665610DF071
:102AF000B5FF07A80EF082FF1C4ACDF800904346B0
:102B000018210AA814F0E8F90AA907A80EF0F8FE9F
:102B1000174B23612046012107F0D2F91249676162
:102B200020460DF055FF204607A965610DF096FF80
:102B300007A80EF063FF15B0BDE8F08FAFF300807B
:102B40008DEDB5A0F7C6B03E9C7D002004002600A8
:102B5000909704009897040004003C00A497040098
:102B6000A897040004004E0040940400C497040099
:102B700004005A00027802B97047F0B54F4C8FB08C
:102B80000D4606460021204606F0C0FC1799701C31
:102B9000FFF764FC4A4B23612046022107F090F9BD
:102BA00040F2FF774749676120460DF011FF464824
:102BB000464B474AA0FB05167609A0FB06104009C4
:102BC000C6EB061CC0EB0010A6EB8000A3FB0513B0
:102BD000A5EB8C06CDE900064FF6FF75DB0A08A8C9
:102BE0001821656114F078F908A905A80EF088FE8F
:102BF000384B23612046022107F062F9204636490E
:102C000067610DF0E5FE05A9204665610DF026FF20
:102C100005A80EF0F3FE0A22149902A80EF0BEFEDB
:102C200002A905A80EF092FE05A82C490EF074FF2B
:102C30000A220646159908A80EF0B0FE08A93046EB
:102C40000EF03EFF264B236106460221204607F088
:102C500037F92046234967610DF0BAFE3146204618
:102C600065610DF0FBFE08A80EF0C8FE05A80EF089
:102C7000C5FE02A80EF0C2FE169908A80A220EF0A0
:102C80008DFE194A2261169A4FF6205320460121E3
:102C9000002A18BF1F4607F013F9002320461349E6
:102CA000E382A7820DF094FE08A9204665610DF02D
:102CB000D5FE08A80EF0A2FE0FB0F0BD9C7D00204E
:102CC000040026006C97040089888888C5B3A29107
:102CD0007497040004003C0084970400609704008B
:102CE0000400520068970400040064008897040000
:102CF000037803B9704730B51A4C83B020460D46AF
:102D0000002106F003FC00224FF478411223CDE9A4
:102D1000003120461146F02307F088FE124B134A7B
:102D2000636120460121226107F0CAF8204610495C
:102D30000DF04EFE4FF6FF73636185B10D4B2361BD
:102D40002046022107F0BCF8294620460DF098FEE7
:102D50002046012103B0BDE8304007F0B1B803B010
:102D600030BD00BF9C7D0020FFFF00F80200050081
:102D7000D897040002001A0008B5037803B908BD0B
:102D800001210F2012F060F90121032012F05CF9FB
:102D900001210248BDE8084008F0A0BA9C7D00204F
:102DA00008B5037803B908BD0021032012F04CF9DF
:102DB0000021044808F092FA00210F20BDE80840E5
:102DC00012F042B99C7D002010B5094C094982B02F
:102DD0000223009320460C230B2208F01BF9064A1D
:102DE0000649204602B0BDE8104012F0EFBA00BF1D
:102DF0009C7D0020007E00200060002059240300FC
:102E0000437C03B1704730B5012285B04274032181
:102E1000FF22019304468DF803208DF806208DF8DB
:102E20000510827B417B8DF800204FF080451A46CB
:102E300002958DF80110057BC373694603740393F3
:102E40008DF8025011F094FAA37B1F2B86BF03F07C
:102E50001F030C4A4FF0A04203F5E07340F201312A
:102E600042F82310637B1F2B86BF03F01F03054925
:102E70004FF0A04103F5E07340F2033241F8232004
:102E800005B030BD0003005010B5044611F0B8FB8A
:102E90000023637410BD00BF10B483B002AB03E91C
:102EA00006009DF805309DF80410026813F1FF3309
:102EB00018BF012300240229C2F800451C460374F0
:102EC000C17332D003292DD0012925D0224B00997E
:102ED000B3FBF1F3B3F5007FC2F854451FD2FF2BCB
:102EE0000FD87F2B24D83F2B25D81F2B26D80F2B6C
:102EF00027D8072B02D819498A4225D04FF0004124
:102F000001E04FF080610723C2F82415C2F80035B4
:102F100003B05DF8044B704743F00204D6E74FF06E
:102F20000071F0E743F00604D0E743F00404CDE776
:102F30004FF00061E7E74FF08051E4E74FF00051B8
:102F4000E1E74FF08041DEE7042B34BF4FF0A051A2
:102F50004FF02061D7E700BF0090D00300F002409F
:102F600003680022C3F80025704700BF002B3AD049
:102F70002DE9F047814684B00D4617461E464FF6B0
:102F8000FF784FF0000A4645344628BF4446002DDE
:102F900014BF2346002300950297361B01938FB17F
:102FA000002269464846039411F08CFB05B1254484
:102FB0002744002EE7D104B0BDE8F087CDE90055E5
:102FC0000295361B002269464846CDF80CA011F048
:102FD00079FB4DB94645344628BF4446002EEDD115
:102FE00004B0BDE8F08770472544002ECBD1E2E75E
:102FF00010B586B006AB012403F8111D002202A90A
:103000000293CDE90343059411F05CFB9DF80700A2
:1030100006B010BD1149124A1248134B70B4D46C5B
:103020000860906D8C734873D2E92840D56DD2F852
:10303000AC600D73002201250D711E730B4D9C7346
:103040005873CA730A741A71DA731A741D604A7459
:103050008A605A749A6070BC704700BFEC7D002093
:103060002CA7040000F00240007E00200030024047
:103070002DE9F047154D089EAC4607468A46914615
:103080009846BCE80F003C464FF0000E44F804EBB5
:103090000FC49CE807001C3584E807000FCD07F13A
:1030A0003004C7E908A9C7F82880FE620FC42B685E
:1030B00023603020C7F844E011F080F8044601F0A6
:1030C000C5F83C603846BDE8F08700BFE0970400D3
:1030D00010B50446006803685B6C98472068216A55
:1030E000036882689B6898472068216A03680269C0
:1030F000DB689847004B10BD6061002000680368E2
:103100009B6C18472DE9F04F057C83B00446407C4A
:103110000D9F0C9E0196ED0805EBD0053D44284619
:10312000894690469B4611F04BF80646284611F01A
:1031300047F88246207C08285FFA89F35FFA88F115
:1031400032D843EA0102638932704B4506F101002F
:1031500034D03A46A18913F04EF8206803685B6BBF
:1031600098472068216A0368C268DB68984720682E
:1031700003682A4631469D6B5346A8472068216A5A
:1031800003680269DB68984720680368DB6B98472F
:1031900023894B4517D0304611F016F8504603B03E
:1031A000BDE8F04F11F010B843EA1822638971703E
:1031B000D2B24B4506F102003270CAD159463A46A6
:1031C00012F0F5FFC9E7217C01983A460AEBD101DC
:1031D00012F0EDFFDFE700BF2DE9F04790F804C0E3
:1031E00084B004460F4616461D46BCF1000F00F0A1
:1031F000B480427C53B2002BB8BF0733DB10013BD5
:103200005BB2002B0DF10808C0F2BB80B0F80AE0F9
:103210004146D800013B5BB24EFA00FCB3F1FF3FE0
:1032200001F801CBA0F10800F4D194F810C04FEAE6
:10323000DC0C0CF1FF335BB2581C09D00139D8000B
:10324000013B27FA00F05BB201F8010F581CF6D1E0
:103250000CEBD20707EB050A504610F0B1FF814690
:1032600047B1013FFFB2013741463A4612F09FFF96
:1032700009EB070031462A4612F099FFE36A2068FD
:103280000133036865D05B6A984706460BE0206807
:1032900003685B6D9847206803685B6A9847E36939
:1032A000801B984263D22068E16A03681B699847D3
:1032B0000028ECD1504610F083FF064620680368D2
:1032C0005B6B98472068216A0368C268DB6898478F
:1032D0002068036852469F6B49463346B8472068CA
:1032E000216A03680269DB68984720680368DB6B22
:1032F0009847E36A2068013303683ED01B6A0121C6
:103300009847206803685B6A984707460BE0206887
:1033100003685B6D9847206803685B6A9847E369B8
:10332000C01B98420CD22068E16A03681B69984769
:103330000028ECD163691BB115B1E27CB05C984701
:10334000484610F041FF304604B0BDE8F04710F0A9
:103350003BBFDB6932219847ACE74189CDE900C327
:1033600013463A46FFF7CEFE04B0BDE8F087484664
:1033700004B0BDE8F04710F027BFDB690121984792
:10338000D8E7414651E700BF2DE9F04F83B004462E
:103390000C9F807C9DF838500195D51905EBD00520
:1033A00028469DF834A0009116469B4610F008FF71
:1033B00080465EB106F1FF395FFA89F909F101092A
:1033C00000994A4612F0F3FE08EB0900A27CA1899D
:1033D00007EBD20212F00FFFBAF1000F1DD0E26A24
:1033E0002068013203687CD05B6A984781460DE013
:1033F000206803685B6D9847206803685B6A98479C
:10340000E369A0EB0900984280F085802068E16ABA
:1034100003681B6998470028EAD1284610F0D0FEBF
:103420008146206803685B6B98472068216A0368BF
:10343000C268DB689847206803682A4641469D6B4E
:103440004B46A8472068216A03680269DB689847F1
:1034500020680368DB6B9847BAF1000F20D0E26A5E
:103460002068013203685FD01B6A012198472068F9
:1034700003685B6A984705460BE0206803685B6D4C
:103480009847206803685B6A9847E369401B984245
:1034900051D22068E16A03681B6998470028ECD183
:1034A000636913B30FB3E27C19F802009847A17C5B
:1034B00006EBD10105463A464944584612F077FEDC
:1034C000404610F081FE484610F07EFEFDB9019B9B
:1034D000E3B1A569DDB120462B4603B0BDE8F04F4E
:1034E0001847DB693221984797E7A17C06EBD101A9
:1034F0003A464944584612F05AFE404610F064FEDF
:10350000484610F061FE019B002BE2D11D46284683
:1035100003B0BDE8F08F404610F056FE6FF43075F2
:10352000284603B0BDE8F08FDB6901219847636945
:10353000002BB7D1D9E7A17C06EBD10149443A462B
:10354000584612F034FE404610F03EFE484610F059
:103550003BFE6FF43075284603B0BDE8F08F00BF26
:1035600090F811C02DE9F04F04464FFA8CF0002876
:10357000B8BF07301D46C310013B83B05BB2002BC0
:103580009DF830609DF8347090460CDBDA0001A89D
:10359000013B5BB241FA02FEB3F1FF3F00F801EBE1
:1035A000A2F10802F4D14FEADC0B0BEB050A5046FE
:1035B00010F006FE8146BBF1000F09D001AA12F8F7
:1035C000013B00F8013BA0EB0903DBB29B45F6D8B9
:1035D00041462A4612F0EBFDE6B1E26A206801326C
:1035E000036871D05B6A984780460CE020680368E6
:1035F0005B6D9847206803685B6A9847E369A0EBB6
:103600000800984271D22068E16A03681B699847F4
:103610000028EBD1504610F0D3FD804620680368A7
:103620005B6B98472068216A0368C268DB6898472B
:103630002068036852464946D3F838A04346D0472D
:103640002068216A03680269DB689847206803687C
:10365000DB6B984706B3E26A2068013203684DD0FD
:103660001B6A01219847206803685B6A98470646F1
:103670000BE0206803685B6D9847206803685B6A0D
:103680009847E369801B98423FD22068E16A03684B
:103690001B6998470028ECD16369CBB1C5B1E27CC6
:1036A00018F8020098470546484610F08DFD404640
:1036B00010F08AFDADB99FB1A56995B120462B46A2
:1036C00003B0BDE8F04F1847DB6932219847A1E706
:1036D000484610F079FD404610F076FD002FEBD102
:1036E0003D46284603B0BDE8F08F484610F06CFD1B
:1036F0006FF43075284603B0BDE8F08FDB69012117
:1037000098476369002BC9D1E2E7484610F05CFD99
:10371000404610F059FD6FF43075284603B0BDE8FF
:10372000F08F00BF2DE9F04F83B00446DDF8308004
:103730009DF834909DF838B0019102EB08073846A7
:1037400015469A4610F03CFD06463DB1013DEDB2EE
:10375000013501992A4612F02AFD70195146424658
:1037600012F025FDB9F1000F1BD0E26A206801328A
:10377000036874D05B6A984705460BE020680368CD
:103780005B6D9847206803685B6A9847E369401B54
:10379000984276D22068E16A03681B69984700283E
:1037A000ECD1384610F00CFD0546206803685B6BD1
:1037B00098472068216A0368C268DB6898472068D8
:1037C00003683A4631469F6B2B46B8472068216A0A
:1037D00003680269DB68984720680368DB6B9847D9
:1037E000B9F1000F20D0E26A20680132036851D09D
:1037F0001B6A01219847206803685B6A984707465F
:103800000BE0206803685B6D9847206803685B6A7B
:103810009847E369C01B984243D22068E16A036875
:103820001B6998470028ECD16369E3B1B8F1000F38
:1038300019D0E27CA85C98470746304610F0C4FCDB
:10384000284610F0C1FCC7B9BBF1000F14D0A7691E
:103850009FB120463B4603B0BDE8F04F1847DB69F7
:10386000322198479DE7304610F0AEFC284610F014
:10387000ABFCBBF1000FEAD15F46384603B0BDE8B0
:10388000F08F304610F0A0FC6FF43077384603B06C
:10389000BDE8F08FDB69012198476369002BC5D132
:1038A000E1E7304610F090FC284610F08DFC6FF4F4
:1038B0003077384603B0BDE8F08F00BF2DE9F04106
:1038C000457C6BB2002BB8BF0733DB10013B5BB20A
:1038D000002B82B004460CDBC689DA0001A9013B4B
:1038E00046FA02F05BB201F8010B581CA2F1080283
:1038F000F5D1A77CED0805EBD7070137384610F066
:103900005FFC064645B101AA12F8013B00F8013BF5
:10391000831BDBB29D42F7D8A27CA189D208013279
:1039200012F069FCE36A20680133036800F08580C7
:103930005B6A984780460CE0206803685B6D984797
:10394000206803685B6A9847E369A0EB0800984227
:1039500077D22068E16A03681B6998470028EBD199
:10396000384610F02DFC8046206803685B6B984752
:103970002068216A0368C268DB689847206803688A
:103980003A4631469F6B4346B8472068216A036830
:103990000269DB68984720680368DB6B9847E36A35
:1039A00020680133036837D01B6A012198472068DB
:1039B00003685B6A984707460BE0206803685B6D05
:1039C0009847206803685B6A9847E369C01B984280
:1039D00040D22068E16A03681B6998470028ECD14F
:1039E0006369FBB1E27C18F802009847A37C08EBFE
:1039F000D303074630465D5D10F0E6FB404610F00D
:103A0000E3FB2FB967691FB12846B8470027E0805C
:103A1000384602B0BDE8F081DB690121984763694F
:103A2000002BDFD1A37C08EBD30330465D5D10F0A3
:103A3000CBFB404610F0C8FBE4E7DB693221984736
:103A40008EE7304610F0C0FB6FF43077384602B096
:103A5000BDE8F081304610F0B7FB404610F0B4FBF3
:103A60006FF43077384602B0BDE8F0812DE9F04FB1
:103A700085B01546109A9DF8444001948A46044644
:103A8000AF180293002B40F0FB80837C07EBD30739
:103A9000384610F095FB0646002D00F0C98046EA36
:103AA0000A035A0740F00B810B2D40F20881002DCC
:103AB00014BF2B46012303934FEAD30B721CAAF1C8
:103AC000080C31460023FCE9028901335FFA83FECA
:103AD0001046F345E1E8028900F1070002F108020F
:103AE000F1D8039901F0F8038B4206EB03023BD0B7
:103AF00003F1010C5FFA8CFC1AF80310F154AC4589
:103B000002F1010030D2991CC9B21AF80C005070B1
:103B10008D4202F1020027D9D81C1AF801109170C9
:103B2000C1B28D4202F103001ED9181D1AF801100E
:103B3000D170C1B28D4202F1040015D9581D1AF896
:103B400001101171C1B28D4202F105000CD906338A
:103B5000DBB21AF8011051719D4202F1060003D93F
:103B60001AF803309371D01D029B002B60D0109A7D
:103B70000E9912F01CFB019B002B63D1384610F00C
:103B80001FFB8046206803685B6B98472068216AAA
:103B90000368C268DB689847206803683A46314684
:103BA0009F6B4346B8472068216A03680269DB6857
:103BB000984720680368DB6B9847019B0BB3E26A68
:103BC00020680132036800F086801B6A0121984753
:103BD000206803685B6A984707460BE02068036823
:103BE0005B6D9847206803685B6A9847E369C01B70
:103BF000984277D22068E16A03681B6998470028D9
:103C0000ECD167693FB1109B002B6ED0E37C18F8B4
:103C10000300B8470746029B002B3ED0304610F009
:103C2000D3FA404610F0D0FA384605B0BDE8F08F20
:103C3000109BA27CA18903EBD20212F0DCFA019B5B
:103C4000002B9BD0E26A20680132036821D05B6AB6
:103C5000984780460CE0206803685B6D98472068B1
:103C600003685B6A9847E369A0EB080098421DD29D
:103C70002068E16A03681B6998470028EBD17DE75B
:103C8000384610F09DFA0646002D7FF408AF304606
:103C90006DE7DB693221984770E7A17C05EBD10124
:103CA0004144DDE90F0212F082FAB7E7304610F026
:103CB0008BFA6FF43077384605B0BDE8F08F0AF123
:103CC000FF3A30461AF8013F00F8013B831BDBB294
:103CD0009D42F7D848E7DB69012198476769002FC3
:103CE00091D198E76FF4307795E71F4693E700BFCF
:103CF0002DE9F041067986B005460C46002E3FD0EE
:103D0000477C78B20028B8BF0730C010013840B2F5
:103D1000002804A93EDBB5F808800E464FEAC00C27
:103D2000013840B248FA0CFEB0F1FF3F06F801EB53
:103D3000ACF1080CF4D195F810E04FEADE0E0EF16C
:103D4000FF3040B2B0F1FF3F0BD0013E4FEAC00C54
:103D5000013840B224FA0CFCB0F1FF3F06F801CF65
:103D6000F4D100240126029201930EEBD7022846DB
:103D7000039600942346FFF779FE06B0BDE8F08174
:103D80000189CDE9003233462246FFF7BBF906B080
:103D9000BDE8F0810E46CEE790F811C02DE9F04362
:103DA00005464FFA8CF00028B8BF0730C010013824
:103DB00087B040B200289DF838E09DF83C600DF1D6
:103DC00014090CDB4F46C400013840B241FA04F834
:103DD000B0F1FF3F07F8018BA4F10804F4D10020F3
:103DE000CDE9023E0192009003464FEADC024946CB
:103DF0002846FFF73BFE20B91EB1AB690BB1284640
:103E0000984707B0BDE8F0832DE9F04F8BB0072B42
:103E10009DF858509DF850809DF8547005959DF878
:103E20005CB000F22F81B8F1070F00F22B814345FF
:103E3000C0F028811E4603799146002204460D46B3
:103E40008DF81F20002B00F00681427C53B2002B1E
:103E5000B8BF0733DB10013B5BB2002B08A9C0F2EF
:103E60000F81B0F808A08E46D800013B5BB24AFA39
:103E700000FCB3F1FF3F0EF801CBA0F10800F4D134
:103E800094F810C04FEADC0C0CF1FF335BB2581C05
:103E90000AD00EF1FF3ED800013B25FA00F05BB2DC
:103EA0000EF8010F581CF6D101200DF11F0A002356
:103EB000CDE902000CEBD202CDE9003A2046FFF733
:103EC000D5FDFF22731CC8F1080802FA03F342FA79
:103ED00008F843EA08039DF81F60DB43DBB289EA78
:103EE0000602134203D1BBF1000F00F0A18026EAC5
:103EF000030603EA0909237946EA09068DF81E60DC
:103F0000002B00F0B280627C53B2002BB8BF0733A5
:103F1000DB10013B5BB2002B08A9C0F2B680B4F8FD
:103F20000A8008464FEAC30C013B5BB248FA0CFE1C
:103F3000B3F1FF3F00F801EBACF1080CF4D194F8B9
:103F400010C04FEADC0C0CF1FF335BB2B3F1FF3F62
:103F50000BD001384FEAC30E013B5BB225FA0EFECF
:103F6000B3F1FF3F00F801EFF4D1002001230CEB87
:103F7000D2020DF11E0CCDE900C0CDE9023320467E
:103F8000FFF774FD206803689B6A98474FF47A79BD
:103F900009FB07F983464FF00008012720680368F2
:103FA0009B6A9847A0EB0B0048454FD223798DF8C8
:103FB0001F80002B40D0617C4BB2002BB8BF073371
:103FC000DB10013B5BB2002B3EDBB4F808C0DA002B
:103FD00008A8013B5BB24CFA02FEB3F1FF3F00F8C8
:103FE00001EBA2F10802F4D1227CD208531E5BB28D
:103FF000B3F1FF3F0BD001384FEAC30C013B5BB27A
:1040000025FA0CFCB3F1FF3F00F801CFF4D102EB2D
:10401000D102CDE90277CDE9008A002308A9204624
:10402000FFF724FD9DF81F30059A73401A42B5D161
:1040300000200BB0BDE8F08F21892A46CDE900A70A
:104040002046FFF75FF8EDE708A8CDE76FF00F0017
:104050000BB0BDE8F08F01220DF11F0A0189CDE9F7
:1040600000A22A46FFF74EF82BE76189009301234F
:1040700001932A460DF11E032046FFF743F881E71E
:104080008E46FDE66FF00A00D3E7084657E700BF0B
:10409000F8B5446C24B906E0914205D0183402D03A
:1040A0002278002AF8D1F8BD0646043400F1300524
:1040B00000F1440755F8041B002904DB306822682E
:1040C0000368DB689847AF4204F10404F2D1F8BDFD
:1040D00021B1034B880143F001031847704700BF2B
:1040E0008098040008467047704700BF006AFEF7DA
:1040F00087BE00BF006AFEF7C7BE00BF72B1F8B549
:104100004C1E0746A6185D1E14F8011F386AFEF7FC
:104110006FFFB44205F8010FF6D1F8BD704700BF3C
:1041200010F05EBD4B1C02D0C8B20CF0DDBC704775
:1041300008461146421C03D01A46C0B20CF09ABD84
:10414000704700BF006AFEF70BBF00BF00F12403F9
:1041500093E80600006AFEF79FBE00BF08461146BE
:10416000421C02D01A4610F0DDBC0020704700BF90
:1041700008B50A4BDB68D90103D5094B1A68D20789
:1041800008D40EF075FF074BA0FB0323900A40EA0A
:10419000835008BD5868800908BD00BFF0ED00E0FD
:1041A000001000E040420F000DF0E8BC08460DF0A2
:1041B000F1BC00BF4B1C02D008460DF005BB704798
:1041C00008461146421C02D01A460DF0F3B970475A
:1041D0004B1C02D0084610F053BF0020704700BFB0
:1041E0004B1C084602D0114610F02EBF704700BF8E
:1041F0004B1C084602D0114610F0A2BE704700BF0B
:1042000010B504460FF0DEFF204610BD90F82C20BC
:1042100002B9704702680449126C8A4202D1006AEE
:10422000FEF732BE104700BFF540030090F82C2087
:1042300002B9704702680449126B8A4202D1006ACF
:10424000FEF7DEBD104700BFED40030030B585B07E
:104250000125002303210422CDE9012100952A46EE
:104260001946044604F022FF07480849084A20601E
:104270000023204684F8295084F82C50C4E9081201
:1042800084F8283005B030BD18980400EC7D00207B
:1042900080841E004AB116290B466FF00800A8BFA3
:1042A00016238342B8BF034613700931C9B21F29D0
:1042B0008CBF6FF00C000020704700BF9FED167A96
:1042C000B4EEC70AF1EE10FA23D49FED147AB4EEDF
:1042D000C70AF1EE10FA1CDC38B5D0ED587A70EE52
:1042E000677AB3EE047AF0EEE77AF4EEC77AF1EE8D
:1042F00010FA054610EE104A06DA00EE104A28467B
:10430000BDE8384004F006BC02F0ECF90028F4D017
:1043100038BD6FF00B00704700001643000070447A
:1043200030B50368124A9B6D934283B005460C4634
:1043300014D10931CBB21F2B17D80E4B03EB410020
:1043400013F8112090F9011000241309284602F0F7
:104350000F02009404F0AAFB03B030BD002298477E
:104360000028F9D104F10901E7E76FF00C00F3E749
:1043700095420300B8980400F0B52DED028B85B08E
:1043800005689DF8346080F85461C0ED540AD5F892
:104390000851474E9DF930708DF80C10B5428DEDE7
:1043A000020A8DF80D208DF80E308DF80F7056D161
:1043B000044602F0A3FC18B105B0BDEC028BF0BDC1
:1043C00023683C4ADB6B9DED028A934255D1DFEDB9
:1043D0003A7AB4EEE78AF1EE10FA59D4DFED377A83
:1043E000B4EEE78AF1EE10FA52DCD4ED587A78EEAA
:1043F000677AB3EE047AF0EEE77AF4EEC77AF1EE7C
:1044000010FA32DAB0EE480A204604F083FB0028A6
:10441000D2D10121204602F0D7F90028CCD123685F
:1044200027495A6D9DF90F508A422DD19B6D254A1F
:10443000934230D105F10903DAB21F2A34D8224A57
:1044400002EB430112F8132091F901100025130922
:10445000204602F00F02009504F028FBACE702A909
:10446000A84705B0BDEC028BF0BDB0EE480A20466F
:1044700002F038F90028C5D09EE7B0EE480A204681
:104480009847002898D1C4E729462046904793E7EB
:104490006FF00B0090E70246294620469847002817
:1044A0008AD105F10903CAE76FF00C0084E700BF69
:1044B000ED450300BD4203000000164300007044B8
:1044C0002143030095420300B898040030B52DED58
:1044D000028B91ED010A83B00D46044602F0F0FB19
:1044E00018B103B0BDEC028B30BD2368394ADB6BD9
:1044F00095ED008A93424FD1DFED377AB4EEE78A2B
:10450000F1EE10FA58D4DFED357AB4EEE78AF1EE29
:1045100010FA51DCD4ED587A78EE677AB3EE047A6B
:10452000F0EEE77AF4EEC77AF1EE10FA2CDAB0EE9C
:10453000480A204604F0EEFA0028D2D10121204694
:1045400002F042F90028CCD1236825495A6D95F92B
:1045500008508A4233D19B6D224A934223D105F100
:104560000903DAB21F2A32D81F4A02EB430112F8BC
:10457000132091F9011000251309204602F00F02C3
:10458000009504F093FAACE7B0EE480A204602F03A
:10459000A9F80028CBD0A4E7B0EE480A20469847F7
:1045A00000289ED1CAE7024629462046984700289F
:1045B00097D105F10903D7E76FF00B0091E7294682
:1045C000204603B0BDEC028BBDE8304010476FF0D1
:1045D0000C0086E7BD420300000016430000704453
:1045E0002143030095420300B898040030B52DED37
:1045F000028B0C4683B08B794A790979054602F023
:104600007DFB18B103B0BDEC028B30BD2B683A4A7C
:10461000DB6B94ED008A93424FD1DFED387AB4EE34
:10462000E78AF1EE10FA58D4DFED357AB4EEE78A76
:10463000F1EE10FA51DCD5ED587A78EE677AB3EEE8
:10464000047AF0EEE77AF4EEC77AF1EE10FA2CDA9B
:10465000B0EE480A284604F05DFA0028D2D10121C4
:10466000284602F0B1F80028CCD12B6825495A6DB4
:1046700094F907408A4233D19B6D234A934223D158
:1046800004F10903DAB21F2A32D8204A02EB4301AF
:1046900012F8132091F9011000241309284602F0A2
:1046A0000F02009404F002FAACE7B0EE480A284684
:1046B00002F018F80028CBD0A4E7B0EE480A28464C
:1046C000984700289ED1CAE70246214628469847C7
:1046D000002897D104F10903D7E76FF00B0091E7A9
:1046E0002146284603B0BDEC028BBDE830401047A0
:1046F0006FF00C0086E700BFBD42030000001643C8
:10470000000070442143030095420300B898040060
:10471000F0B52DED028B04464D4B056880ED541A23
:1047200016460F4684F8546193E80700D5F8005107
:10473000484E87B003ABB54283E807008DF814708C
:10474000CDED040A8DED030A58D1B0EE600A204683
:1047500002F0B6FA18B107B0BDEC028BF0BD2368C9
:104760003D4ADB6B9DED038A934256D1DFED3B7AE8
:10477000B4EEE78AF1EE10FA5AD4DFED397AB4EEEE
:10478000E78AF1EE10FA53DCD4ED587A78EE677AC6
:10479000B3EE047AF0EEE77AF4EEC77AF1EE10FAAF
:1047A00033DAB0EE480A204604F0B4F90028D2D13A
:1047B0000121204602F008F80028CCD123682949BD
:1047C0005A6D9DF914508A422ED19B6D264A934210
:1047D00031D105F10903DAB21F2A35D8234A02EB99
:1047E000430112F8132091F9011000251309204606
:1047F00002F00F02009504F059F9ACE71946204683
:10480000A84707B0BDEC028BF0BDB0EE480A2046C9
:1048100001F068FF0028C4D09DE7B0EE480A2046AA
:104820009847002897D1C3E729462046904792E74A
:104830006FF00B008FE70246294620469847002874
:1048400089D105F10903C9E76FF00C0083E700BFC8
:1048500088980400CD440300BD42030000001643C5
:10486000000070442143030095420300B8980400FF
:1048700030B52DED028B0C4683B091ED031AD4EDCB
:10488000020A498A94ED010A054602F093F918B12B
:1048900003B0BDEC028B30BD2B683A4ADB6B94ED64
:1048A000008A93424FD1DFED387AB4EEE78AF1EE19
:1048B00010FA58D4DFED357AB4EEE78AF1EE10FA4B
:1048C00051DCD5ED587A78EE677AB3EE047AF0EEE3
:1048D000E77AF4EEC77AF1EE10FA2CDAB0EE480A75
:1048E000284604F017F90028D2D10121284601F00A
:1048F0006BFF0028CCD12B6825495A6D94F91040E4
:104900008A4233D19B6D234A934223D104F1090398
:10491000DAB21F2A32D8204A02EB430112F81320E0
:1049200091F9011000241309284602F00F020094A7
:1049300004F0BCF8ACE7B0EE480A284601F0D2FE1D
:104940000028CBD0A4E7B0EE480A284698470028B4
:104950009ED1CAE70246214628469847002897D1AB
:1049600004F10903D7E76FF00B0091E721462846D1
:1049700003B0BDEC028BBDE8304010476FF00C0077
:1049800086E700BFBD4203000000164300007044EC
:104990002143030095420300B89804002DE9F0413B
:1049A000574DDFF878C12DED028B06468E4617462F
:1049B00098460FCD88B003AC0FC4336886ED542AF7
:1049C00086F85481D3F8F8302A6822606345F0EE07
:1049D000607ACDED040A8DF81CE08DED051ACDED61
:1049E000061AADF81E708DED030A5ED1F0EE410A95
:1049F0003946B0EE611AB0EE670A304602F0DAF8D6
:104A000020B108B0BDEC028BBDE8F08133683D4AAF
:104A1000DB6B9DED038A934257D1DFED3B7AB4EE19
:104A2000E78AF1EE10FA5BD4DFED387AB4EEE78A6C
:104A3000F1EE10FA54DCD6ED587A78EE677AB3EEE0
:104A4000047AF0EEE77AF4EEC77AF1EE10FA34DA8F
:104A5000B0EE480A304604F05DF80028D1D10121BB
:104A6000304601F0B1FE0028CBD1336828495A6D99
:104A70009DF91C408A422FD19B6D264A934232D128
:104A800004F10903DAB21F2A36D8234A02EB4301A4
:104A900012F8132091F9011000241309304602F096
:104AA0000F02009404F002F8ABE703A930469847E0
:104AB00008B0BDEC028BBDE8F081B0EE480A30468C
:104AC00001F010FE0028C3D09BE7B0EE480A304644
:104AD0009847002895D1C2E721463046904790E795
:104AE0006FF00B008DE702462146304698470028BC
:104AF00087D104F10903C8E76FF00C0081E700BF1C
:104B000094980400BD420300000016430000704466
:104B10002143030095420300B89804007148030044
:104B20002DE9F0412DED028B5F4DDFF898C186B085
:104B300004468E4616461F4695E80F009DF84080B5
:104B4000256884ED541A84F85481D5F8F08002ADBC
:104B500085E80F00E0459DF93820BDF83C308DF820
:104B600010E08DF811608DF812708DED020ACDED18
:104B7000030A8DF81320ADF814306BD13A46314654
:104B8000204601F0BBFF20B106B0BDEC028BBDE8B2
:104B9000F08123689DF81010D3F8E830204698473C
:104BA0000028F1D123689DED030AD3F8E4302046B4
:104BB00098470028E8D123683C4ADB6B9DED028AC8
:104BC000934257D1DFED3A7AB4EEE78AF1EE10FA6C
:104BD00059D4DFED387AB4EEE78AF1EE10FA52DC00
:104BE000D4ED587A78EE677AB3EE047AF0EEE77A8D
:104BF000F4EEC77AF1EE10FA34DAB0EE480A204645
:104C000003F088FF0028BFD10121204601F0DCFD20
:104C10000028B9D1236828495A6D9DF913508A425A
:104C20002DD19B6D254A934230D105F10903DAB2AB
:104C30001F2A35D8224A02EB430112F8132091F9BA
:104C4000011000251309204602F00F02009503F021
:104C50002DFF99E729462046C04706B0BDEC028BE0
:104C6000BDE8F081B0EE480A204601F03BFD002887
:104C7000C3D089E7B0EE480A20469847C2E72946E4
:104C80002046904780E76FF00B007DE702462946FB
:104C90002046984700287FF477AF05F10903C9E75C
:104CA0006FF00C0070E700BFA8980400BD4203003D
:104CB00000001643000070442143030095420300A6
:104CC000B8980400C94C030030B52DED028B0C469A
:104CD00083B08B898A7A497A054601F00FFF18B1B3
:104CE00003B0BDEC028B30BD2B68217AD3F8E830DD
:104CF000284698470028F3D12B6894ED010AD3F891
:104D0000E430284698470028EAD12B683A4ADB6B02
:104D100094ED008A93424FD1DFED387AB4EEE78A02
:104D2000F1EE10FA57D4DFED367AB4EEE78AF1EE01
:104D300010FA50DCD5ED587A78EE677AB3EE047A43
:104D4000F0EEE77AF4EEC77AF1EE10FA2CDAB0EE74
:104D5000480A284603F0DEFE0028C1D1012128467A
:104D600001F032FD0028BBD12B6826495A6D94F919
:104D70000B408A4227D19B6D234A93422ED104F1E6
:104D80000903DAB21F2A33D8204A02EB430112F892
:104D9000132091F9011000241309284602F00F0294
:104DA000009403F083FE9BE7B0EE480A284601F02A
:104DB00099FC0028CBD093E7B0EE480A28469847E4
:104DC00000288DD1CAE72146284603B0BDEC028BEE
:104DD000BDE8304010476FF00B0081E702462146E6
:104DE0002846984700287FF47BAF04F10903CBE7FE
:104DF0006FF00C0074E700BFBD42030000001643D3
:104E0000000070442143030095420300B898040059
:104E1000F0B52DED028B01298BB0044600F0E9803E
:104E2000C0F08180022978D10368AE4AD3F80C51D2
:104E3000954240F00881AC49AC4AC0F85011059247
:104E40000A2100224FF483758DF81B10ADF818501D
:104E500080F85421D3F80821A54901238A428DF80E
:104E60001A3040F00C811A46062101F047FF002855
:104E700055D123689F4ADB6B9DED058A934240F034
:104E80001B81DFED9D7AB4EEE78AF1EE10FA00F1B6
:104E90001881DFED9A7AB4EEE78AF1EE10FA00F3AA
:104EA0001081D4ED587A78EE677AB3EE047AF0EE9A
:104EB000E77AF4EEC77AF1EE10FA80F2EF80B0EE06
:104EC000480A204603F026FE48BB0121204601F097
:104ED0007BFC20BB23688A495A6D9DF91B508A428E
:104EE00040F083809B6D874A934240F0ED8005F14E
:104EF0000903DAB21F2A00F2F180834A02EB430170
:104F000012F8132091F9011000251309204602F030
:104F10000F02009503F0CAFD01E06FF013000BB023
:104F2000BDEC028BF0BD0768784BD7F8FC509D4272
:104F300040F09680764EDFF8B0C1C4F850C10FCE75
:104F400005AD0FC5002384F85431D7F8F830714A05
:104F50009FED711A3168296093428DED081A40F077
:104F600091801021F1EE040A9FED6C0A204601F0B9
:104F700021FE0028D3D123685E4ADB6B9DED058AB4
:104F8000934240F09480DFED5C7AB4EEE78AF1EE74
:104F900010FA00F19680DFED597AB4EEE78AF1EE6F
:104FA00010FA00F38E80D4ED587A78EE677AB3EE7B
:104FB000047AF0EEE77AF4EEC77AF1EE10FA65DAE9
:104FC000B0EE480A204603F0A5FD0028A7D1012134
:104FD000204601F0F9FB0028A1D1236848495A6D09
:104FE0009DF924508A423FF47DAF294620469047E0
:104FF00095E706684A4BD6F8F4509D4213D1494BC9
:10500000394FC4F850710FCB002705AD84F85471A7
:1050100085E80F00D6F8F0302946204698470BB0B7
:10502000BDEC028BF0BD0A21082200238DE80E00A2
:105030009FED3D1ADFED3D0A9FED3D0A1223072249
:105040000921A8476BE700210A220123CDE90021AD
:10505000DFED350A9FED360A1A460621A8475EE7BE
:1050600000239FED312ADFED2C1ADFED2C0A9FED96
:10507000300A10220A21B1EE041AA8474FE705A909
:1050800090474CE705A92046984748E7B0EE480A04
:10509000204601F027FB002892D040E7B0EE480AF6
:1050A000204601F01FFB00283FF409AF37E7B0EEC0
:1050B000480A2046984788E7B0EE480A20469847B5
:1050C00002E76FF00B002AE7024629462046984780
:1050D00000287FF424AF05F109030EE76FF00C0000
:1050E0001DE700BF79430300CDCCCC3F0000D9437E
:1050F000ED450300BD42030000001643000070446C
:105100002143030095420300B89804009D49030021
:10511000949804007148030033331C439A999940D2
:10512000214B0300A8980400CDCCCC3F0000FA42EC
:105130000000D94310B5044601F0E8F9034A044BD6
:105140002260C4F85831204610BD00BF0899040001
:10515000F898040070B5074B05460FCB84B02E6855
:105160006C4684E80F00D6F8A030214628469847C0
:1051700004B070BD189A040010B582B00368002214
:105180000092DC6940F2722202236FF07F41A04757
:1051900002B010BD82B0F0B4012904A880E80C0070
:1051A0009DF81E209DF81F303AD00FD3022904D05D
:1051B0006FF01300F0BC02B070479DF81130032B64
:1051C00000F2BF80DFE803F0B2ACA876BDF81C1097
:1051D0009DED046ADFED5C5A07EE902ADB0006EED7
:1051E000901AB8EEE77A07EE903A099BF8EEE66A75
:1051F000DB0076EE876AF8EEE77A07EE103A76EE95
:10520000A77AB8EE477A66EE256A37EE877AF0BC61
:10521000C7EE267A02B0FCEEE77A17EE900A7047E6
:105220009DF81010DDED056A9DF8204042F21070E7
:10523000884007EE100AF2EE047AB8EE477A66EE7E
:10524000A76A481FC7EE267AC0B2022835BF1925C3
:10525000112500260826FCEEE77A17EE900A24BBFB
:105260008C00E4B2099F07EB4303C1EB4301002A22
:1052700006EB81030CBF142100211944BDF81C204A
:105280009DF81860631E09B20029A8BF5B18083298
:1052900093FBF4F39BB206FB032305EB8303F0BC03
:1052A00000FB03F0800802B0704701F13E04A40047
:1052B000E4B2D7E7099B03EB43039BB22349A1FB6D
:1052C0000321490901EB810201EB410102EB82025A
:1052D000A3EB011352009BB292B213B102331344F9
:1052E0009AB29DF81C101A4B9FED1A7AC1EBC100BF
:1052F00001EBC00102EB410292B203FB02F307EEA5
:10530000903AF8EE677AF0BC67EE877A02B0FCEE6E
:10531000E77A17EE900A7047099B5B009BB2CDE7D6
:10532000099B03EB4303C3F34F03C7E7099B0A4AF7
:1053300003EB43035B000433A2FB0323C3F38F039C
:10534000BCE76FF0090035E76F12833AABAAAAAA4F
:1053500000127A00AD37063BCDCCCCCC07EE901ACC
:105360009FED057AF8EE677A67EE877AFCEEE77ACA
:1053700017EE900A704700BF6F12833D036889B231
:10538000D3F8EC30184700BF0368D3F8DC30184777
:10539000D0F86801704700BF00F00E03062B0BD059
:1053A000082B0CD00A2B0CD00138C0B2FD288CBFC2
:1053B0006FF00100002070476FF4307070470248B2
:1053C00070470248704700BF3EFDFFFF3DFDFFFFF5
:1053D000704700BFA9B110B50C4602F0A9FA012828
:1053E0000CD005D3032806D102232370002010BD62
:1053F0000020207010BD6FF0130010BD2070002041
:1054000010BD6FF00200704708B50221D0F86801A6
:10541000FEF73EFE4FF0FF3008BD00BF30B504463A
:105420000D4683B0D0F8680194F86411FEF730FEA1
:1054300025B12946204602F051FA48B9012200233D
:10544000D4F86801D121CDE900221A46FEF788F888
:1054500003B030BD00B583B08AB20023114600937B
:1054600002F000FA03B05DF804FB00BF00B585B0A0
:1054700004AA002322F8043D0123D0F86801122178
:10548000CDE900330223FEF787FCBDF80C0040BADB
:1054900080B205B05DF804FB2DE9F04186B0002430
:1054A0000646FF270225D0F868010394CDE901578D
:1054B0002346224640F6E2010094FEF7A5FCD6F80A
:1054C000680123462246CDE90274CDE9004540F645
:1054D000E501FEF799FC6FF07F41304602F0F8F8E5
:1054E000D6F86831186803680A21DB6998472546B1
:1054F000274601230DF1170240F6190130468DF8B9
:10550000177002F077F99DF8170000F00100A04035
:1055100001342843082CC5B2EBD133684FF0FF08A3
:10552000022430461B699847D6F868010397009714
:10553000CDE901480023012240F6E201FEF764FCB8
:10554000D6F868010397CDE90148009700230122AE
:1055500040F6E501FEF758FC284606B0BDE8F081AC
:1055600038B590F838100229044626D0032903D014
:105570006FF01805284638BD90F86411D0F868011E
:10558000FEF786FD0021204602F08CF8054630B17A
:10559000F0E7D4F86831186803685B6D9847D4F871
:1055A00068311868D96A03681B6998470028F0D1E8
:1055B000002384F83830284638BDD0F86801FEF75B
:1055C00067FDD4F8A411204602F082F800230546B6
:1055D00084F83830EFE700BF10B5D0F868310446E2
:1055E000186803681B699847C1B22046BDE810409F
:1055F00003F00CBC10B504460EF0E4FD204610BDCF
:1056000010B5036844F2FF31D3F8EC3004469847F4
:1056100000B110BD236820461B69BDE81040184743
:10562000F0B583B00E46054602F082F9012836D166
:105630002B6828461B699847044610B1204603B0E2
:10564000F0BD0221D5F86801FEF722FDB1682846B9
:1056500003F0C6FBF1680746284603F0C1FB00943F
:1056600082B22346B9B2284602F0FCF8044600286C
:10567000E4D12B6844F2FF31D3F8EC302846984748
:1056800004460028DAD17068F478B37872783178FB
:1056900001900094284602F033F80446CEE76FF0FC
:1056A0001304CBE710B5044602F042F9012802D0FA
:1056B000BBEE040A10BD204602F082FA000A03067F
:1056C00054BFC0B260F0FF0010F064F80022044B39
:1056D00010F0CAF810F0DAFA00EE100A10BD00BFA0
:1056E0000000D03F08B502F06BFAC0B210F052F8DB
:1056F0000022044B10F0B8F810F0C8FA00EE100ABF
:1057000008BD00BF0000E0BF10B584B0044602F041
:105710000FF9012803D194F87031012B10D004AA9D
:10572000002322F8043D0123D4F868011321CDE9B8
:1057300000330223FEF730FB9DF80C0004B010BDCF
:10574000D4F89C0104B010BDF0B52B4B2B4F044690
:105750000FCB2568D5F8946087B002ADBE4285E8CE
:105760000F003FD1204602F0E3F8012841D1236821
:1057700020461B699847054610B1284607B0F0BD82
:105780000221D4F86801FEF783FC0499204603F057
:1057900027FB05990646204603F022FB009582B2BE
:1057A0002B46B1B2204602F05DF805460028E4D150
:1057B000236844F2FF31D3F8EC3020469847054681
:1057C0000028DAD103989DF80B50019000959DF8C0
:1057D0000A309DF809209DF80810204601F090FF3E
:1057E0000546CAE729462046B0470546284607B081
:1057F000F0BD6FF01305C0E7189A040021560300AE
:10580000F0B5036883B01B6905469847044610B19C
:10581000204603B0F0BD95F87031012B0AD02B68FB
:105820002846D3F8EC3044F2FF319847044620462E
:1058300003B0F0BD284602F07BF801280646EED101
:1058400002AA034602F8024D40F60211284601F072
:10585000C9FF04460028DBD102AF334607F8010D2B
:1058600040F644113A46284601F0C4FF0446002899
:10587000CED19DF80740334644F002043A4640F644
:10588000441128468DF8074001F0ACFF044600287B
:10589000BED1C4E72DE9F041044684B0D0F86801D8
:1058A00016460F46FEF70AF82368324AD3F88430CA
:1058B000934205465AD104AA002322F8043D01234D
:1058C000D4F868011221CDE900330223FEF764FA0F
:1058D000BDF80C0040BA80B26FF430739D423CD0EA
:1058E000A5BB430636D400F0300020280CBF6FF073
:1058F00006084FF00008204602F01AF804AA002318
:1059000022F8043D0123D4F868011321CDE90033C6
:105910000223FEF741FA9DF80D309DF80C2016B1D8
:10592000B24228BF3246D2B23946204601F086FF45
:10593000054658B923682046D3F8EC3044F2FF31CD
:105940009847B8F1000F14BF45460546284604B0F5
:10595000BDE8F0816FF00608CDE710F4007F18BFB6
:105960006FF00505284604B0BDE8F0812046984751
:10597000B2E700BF6D54030010B584B0044601F0D7
:10598000D7FF012803D06FF0130004B010BD2268C8
:105990001349D2F884208A421ED104AA034600216A
:1059A00022F8041DD4F868011221CDE90033022346
:1059B000FEF7F2F9BDF80C0040BA80B2C30508D476
:1059C00010F0800F0CBF4FF0FF306FF00E0004B0EE
:1059D00010BD044804B010BD20469047EEE700BF5C
:1059E0006D54030042FDFFFF2DE9F0410F460168B1
:1059F00084B00969044616461D46884728BB6DB920
:105A00002368454DDB6F002E14BF3146FF21204631
:105A1000984700EB8000A5FB0035AD0907EE905AD2
:105A20009FED3E7A2368F8EE677A002267EE877A68
:105A30000092FCEEE77AD3F81C8017EE901A02234E
:105A400040F272222046C04710B104B0BDE8F08198
:105A5000D4F86831186803685B6A984780460FE09D
:105A6000D4F86831186803685B6D9847D4F86831DA
:105A7000186803685B6A9847A0EB0800854232D338
:105A8000D4F868311868596A03681B699847002878
:105A9000E6D0236820461B6998470346002836D184
:105AA00023681F4AD3F8843093422DD104AA0023DF
:105AB00022F8043D0123D4F868011221CDE9003316
:105AC0000223FEF769F9BDF80C0040BA80B2626BA0
:105AD0002368104212D11B6B324639462046984744
:105AE00004B0BDE8F081236820461B69984703464F
:105AF00018B16FF430729342A7D12368DB6A204655
:105B000098476FF00500A0E720469847DFE76FF45D
:105B10003072934299D1C3E7D34D621000008042A6
:105B20006D540300F0B50368484AD3F894309342AB
:105B300085B004465CD10E4601F0FAFE012852D130
:105B4000236820461B699847054610B1284605B0D2
:105B5000F0BD0221D4F86801FEF79AFAB168204638
:105B600003F03EF9F1680746204603F039F9009545
:105B700082B22B46B9B2204601F074FE05460028D9
:105B8000E4D1236844F2FF31D3F8EC302046984743
:105B900005460028DAD17568F078B37872783178E4
:105BA000CDE90005204601F0ABFD054635B1CDE756
:105BB000D4F86831186803685B6D9847D4F8683189
:105BC0001868596A03681B6998470028F0D0236851
:105BD0001F4AD3F89830934220462CD101F0A8FEFA
:105BE0000128034607D06FF01305284605B0F0BD25
:105BF00098470546DAE722681649D2F884208A4297
:105C000020D104AA002122F8041DD4F86801122131
:105C1000CDE900330223FEF7BFF8BDF80C0040BA0F
:105C200080B2C3050CD410F0800F0CBF4FF0FF35CD
:105C30006FF00E058AE798470546284605B0F0BD87
:105C4000054D83E720469047EBE700BF2156030050
:105C5000795903006D54030042FDFFFF2DE9F04721
:105C60000F46016884B0096904461646984688477D
:105C70000546D8B994F86D31042B06D9072E40F2A9
:105C8000C48094F86F31012B50D0FF2E50D8236878
:105C90003146DB6F20469847824620684346456A76
:105CA000324639462046A847054618B1284604B072
:105CB000BDE8F087204601F03BFED4F86831564E2F
:105CC000DFF85C818146186803685B6A98470AEBD5
:105CD0008A0AA6FB0A36B6090746053607E0D4F855
:105CE00068311868596A03681B69984718BBD4F86B
:105CF0006831186803685B6D9847D4F86831186894
:105D000003685B6A9847C01B8642E8D22368434910
:105D10009A6A8A4258D1D3F8EC3044F2FF312046D7
:105D20009847002849D06FF00405BFE7FD2EACD995
:105D30006FF00305BAE7B9F1030F226851D1D2F829
:105D40008430434545D10123D4F86801ADF80C50A7
:105D5000CDE9003303AA02231221FEF71DF8BDF896
:105D60000C0040BA80B210F00103226839D1D2F899
:105D70008420424530D1ADF80C300123D4F86801BD
:105D800003AACDE9003312210223FEF705F8BDF87E
:105D90000C305BBA5A04AAD5D4F8C411204601F0DD
:105DA0000F0101F077FB0028A1D1236844F2FF31F5
:105DB000D3F8EC302046984799E7236820461B69C2
:105DC00098476FF0040571E7204690476FF004058F
:105DD0006CE720469847C6E720469047430486D59F
:105DE000DAE7936A0D498B4212D1D2F8EC3044F2D3
:105DF000FF3120469847054600287FF457AF2368B7
:105E000020461B699847054650E76FF01D054DE792
:105E100020469847054649E7D34D621001560300D6
:105E20006D5403002DE9F04F8FB00F46054601F089
:105E30007FFD08AE0DF1100C002401287460089459
:105E4000B4600494ACF8044056D00346A0B10328D3
:105E500000F02181022840F0DD8095ED5F7A9FED12
:105E6000C96ADFEDC97AB8EE477A2346C6EE076AFB
:105E7000A346CDED086A1AE0D5ED5F7A9FEDC16AC1
:105E800095F88721B8EE677AD5ED607AC6EE076A95
:105E900012F0FB02F8EE677ACDED086A40F0B680AA
:105EA0000123B5F88C2195F888B1ADF81020296848
:105EB000B64AD1F8788090454FF0000400F0AF80EA
:105EC000A64622468DF813308DF812B08DF8144096
:105ED0009CE803008DF828E00A9B0190ADF80810BB
:105EE000CDED097A039700931146284696E80C00F9
:105EF000C0470FB0BDE8F08F95F86DE1BEF1040F1B
:105F00007FD9BEF1070F08BF4FF0080E2A6895F839
:105F10006F3195F8709195F86EA1D2F878809B4A10
:105F200095F86C118DF82010003318BF0123A9F1EA
:105F3000010B1AF10004B5F87211ADF81010BBFA9C
:105F40008BFB18BF012490454FEA5B1BD5ED5D7AB2
:105F500040F09F80CDED097A8DF828E096E80700A3
:105F60000EAD05E907009DF82C508DF812B042F2F5
:105F70001072AA4006EE902AB2EE047AF8EE666A33
:105F800027EE877A8DF81330C6EE877A8DF81440A5
:105F90009CE803006A1FD2B2022A069035BF19217D
:105FA000112100220822FCEEE77A17EE900ABAF1DE
:105FB000000F00F0968005F13E04A400E4B207EB68
:105FC0004303B9F1010FC5EB430302EB830314BF95
:105FD000142200221344BDF818501AB2631E002A7E
:105FE000A8BF9B1805F1080293FBF4F39BB20EFBCC
:105FF000032E01EB8E0E00FB0EF080080FB0BDE803
:10600000F08F0EF1040E5FFA8EFE7FE7022A08BFC2
:10601000022346E76FF013000FB0BDE8F08FCDED1F
:10602000097A8DF8284096E807008DF813308DF82E
:1060300014408DF812B00EAC04E907009CE8030090
:1060400080B207EE900AFF00F8EEE76A07EE907A5A
:1060500007EE10BAF8EE677AB8EEC77A76EEA77A4E
:106060001BB2DB0077EE877A07EE103ADDED0B6AA4
:106070009FED476AB8EEC77A66EE866A37EE877A92
:10608000C7EE267AFCEEE77A17EE900A0FB0BDE86D
:10609000F08F012216E729683C4BD1F8788095F8FB
:1060A000A9118DF8201095F8A8118DF8211095F8F8
:1060B000AF118DF82210984595F8AA118DF810109F
:1060C00058D196E807000EAB03E907009CE80300EF
:1060D0009DF82D300690032B49D8DFE803F03E39B8
:1060E0003605AC00E4B26AE707EB4707BFB2294ABE
:1060F000A2FB0732520902EB820302EB4202A7EB3A
:10610000021703EB83035A00BFB292B217B10237F2
:106110003A4492B29DF818101F4B9FED207AC1EBC4
:10612000C10001EBC00102EB410292B203FB02F39A
:1061300007EE903AF8EE677A67EE877AFCEEE77A38
:1061400017EE900A0FB0BDE8F08F7F00BFB2CEE728
:1061500007EB4707C7F34F07C9E707EB47077F0080
:106160000F4B0437A3FB0737C7F38F07BFE76FF069
:10617000090043E72346A346A646DFED037A022241
:10618000A0E600BF00007A4900000000955103001E
:106190006F12833AABAAAAAA00127A00AD37063B67
:1061A000CDCCCCCC2DE9F0410229C8B00E46174623
:1061B00004465DD0032956D15368FF2B00F2748149
:1061C00001F0B6FB0128054600F0E080002800F051
:1061D000B280022800F0E980032840F068810023A3
:1061E00044F2010200931146204601F03BFB0028D7
:1061F0003BD102460146204601F0BEFCA8BB032D60
:1062000000F0EA8003463A793968204601F002FB43
:1062100058BB236844F2FF31D3F8EC30204698474E
:10622000054610BB08AA012340F6890120468DF8D7
:10623000205001F0DFFAC0B9204601F079FB0128B7
:1062400000F04B819DF8200040F004008DF8200004
:1062500008AA012340F68901204601F0C3FA20B9BB
:1062600084F8386001E06FF0180048B0BDE8F081B4
:1062700090F87031012B00F08280236820461B6962
:1062800098470028F1D13A686FF07F439A4203D0D3
:10629000BB6843F40073BB607968204602F0A0FD40
:1062A000B9680546204602F09BFD002382B2A9B2E0
:1062B0000093204601F0D6FA0028D6D102460146C6
:1062C000204601F059FC0028CFD1236844F2FF3169
:1062D000D3F8EC30204698470028C6D1204601F07C
:1062E00027FB012800F0E980002840F0E08094F8C6
:1062F0008A01B4F88C1194F8842194F8873194F8C9
:1063000088C194F889E1002840F0D48094F89C81F9
:10631000CDF808E00025CDE90308CDE900C5204609
:1063200001F0D0FB3B685A1C04BF6FF07F433B6019
:10633000C4F8A43194E797F804C094F88A0194F85B
:10634000873194F88421B4F88C110195CDF810C0F0
:1063500094F889C1039094F888010090CDF808C0A2
:10636000204601F0AFFB00287FF47FAF009003468A
:10637000012240F20121204601F074FA37E7D36888
:10638000002B3FF47AAFC0F89C3176E794F87001A7
:1063900094F8A0C13B7994F86F21B4F87211CDE95B
:1063A000000C204601F064FBDDE77968D4F87C310D
:1063B000C800642B80B241F6705E43F20F7C40F25D
:1063C000E143009040F62F12C9B204BF7346624603
:1063D000204601F0A3FBC6E7204600F089FF002815
:1063E0007FF443AF94F8AA31C3F10403002B0ADD14
:1063F0000546204601F028F894F8AA310135C3F18A
:106400000403AB42F5DC0025FF22002108A80FF0B1
:10641000F2FEC4F8BC51C4F8C051C4F8C451D7E965
:10642000001204F5E07004F5DE7307AFCDE901302A
:10643000009708AB2046079500F0B0FC00287FF4D9
:1064400014AF034608A93A78204601F0E3F9002882
:106450007FF40BAF3B68D4F8C0018DF819300121EF
:106460008DF818108DF81A0006AA032340F2853122
:10647000204601F0B7F900287FF4F7AE94F8C03158
:10648000102B1F4628BF1027002B3FF4C2AE054635
:1064900002E0BD423FF4BDAEE9B2204600F0FAFF93
:1064A00001350028F5D0E0E66FF00300DDE64FF09F
:1064B000FF30DAE64FF0FF082AE794F8700194F80D
:1064C000A05194F89C3194F86F21B4F87211CDE981
:1064D0000005204601F0CCFA24E7D4ED5D7ADFED2B
:1064E000096A9FED097A9DF8200077EEE67AF0EED2
:1064F000E77AF4EEC77AF1EE10FA3FF6A3AE00F0B9
:10650000FB00A3E60000FA436F12833AF8B5044695
:106510000F4602F03FFC3848384B0069C4F8503150
:10652000002240F20163A4F8A831C4F8AB010023B3
:106530000320C4F86021C4F87421C4F890213049C4
:106540002160012284F84D3184F85431C4F8583167
:1065500084F85C31C4F86C3184F87031A4F872317D
:10656000C4F87C31C4F88031C4F88431A4F888318F
:1065700084F88A31A4F88C31C4F8943184F89831C5
:1065800084F8993184F89A31C4F89C3184F8A031A8
:10659000C4F8A43184F8AF3184F8640184F8AA0106
:1065A00084F87821FF25C4F8B0310220042122614B
:1065B0000822A560606120254020A161E261802160
:1065C0004FF48072C4F8B431A4F8B831C4F8BC31C7
:1065D000C4F8C031C4F8C431C4E909501023C4E977
:1065E0000B12084E23624FF40073C4F868716660A2
:1065F00063632046F8BD00BF189A0400CDCCCC3FA1
:10660000389A04000024743F10B4032ABDF80440F3
:1066100013D8092980F8A82112D85A1E032A80F815
:10662000A91110D8B4F5007F80F8AA310ED2A0F8D5
:10663000B84100205DF8044B70476FF00900F9E79E
:106640006FF00700F6E76FF00A00F3E76FF06900FC
:10665000F0E700BF70B5D0F86831044618680D4601
:10666000996A036882689B689847D4F8683118680B
:10667000996A0368C268DB689847D4F8683118687B
:1066800003680121DB699847D4F868311868996A72
:1066900003680269DB68984715B90025284670BD74
:1066A000D4F86831186803685B6A9847064611E0B9
:1066B000D4F86831186803685B6A9847801BB0F5A6
:1066C0007A7F4FF00A01E9D2D4F86831186803687C
:1066D000DB699847236820461B69984705460028D0
:1066E000E6D1DAE730B5FDEEC07A2DED048B17EE7A
:1066F000903A85B0A3F2863200211A2A0546ADF8F9
:1067000008100BD84EF6E113ADF80830284602A960
:1067100001F0FEF805B0BDEC048B30BDA3F25F3292
:10672000072A04D84DF6D733ADF80830EEE7A3F2C8
:106730000B32082A08D9A3F5EB72282A09D848F2A7
:106740007513ADF80830E1E74CF2C153ADF80830ED
:10675000DCE7A3F5D7730A2B31D9B1EE049AB0EE7A
:10676000408A30EE490AF5EE008A20EE280A0EF043
:1067700079FE38EE098AFCEEC07A28EE280ACDEDC3
:10678000017A0EF029FE9DF80440FCEEC07AE20783
:10679000CDED017A9DF8043001D4013CE4B2D90773
:1067A0005CBF0133DBB2284603A98DF80C408DF89D
:1067B0000D3001F0ADF805B0BDEC048B30BD46F6F0
:1067C0006B73ADF80830A1E7F0B583B002AC0023DD
:1067D00004F8013D0F462246012340F6D801064643
:1067E00001F008F878B99DF8075077B925F01E0533
:1067F00045F0080522463046012340F6D8018DF8C1
:10680000075000F0EFFF03B0F0BD45F01E05F1E7C3
:10681000F0B583B002AC002304F8013D0F462246D8
:10682000012340F23671064600F0E4FF80B99DF87E
:106830000750012F0CBF05F0FB0545F0040522466B
:106840003046012340F236718DF8075000F0CAFF40
:1068500003B0F0BDF0B585B0044601F069F8F0B9B9
:10686000D4F87C31D4F86811B3F5966F46D0FF2682
:106870000225B3F5167F4FF00303039000930846FB
:10688000CDE901564FF0040347D0082240F2D16110
:10689000FDF7BAFA024630B1104605B0F0BD00224D
:1068A000104605B0F0BDD4F868010423CDE90262BA
:1068B000CDE9005540F69B01FDF7A6FA02460028F7
:1068C000EAD10427D4F868010392CDE901561022D9
:1068D00000973B4640F6B801FDF796FA02460028BD
:1068E000DAD1D4F868010623CDE90262CDE900755A
:1068F00040F2AC61FDF788FA0246CDE70423FF259C
:10690000022402460390CDE901450846009340F673
:10691000B801FDF779FA0246BEE7182240F2D161CC
:10692000FDF772FA02460028B6D10423D4F86801B4
:106930000392CDE901561A46009540F69B01FDF7FA
:1069400063FA02460028A7D10427D4F8680103920D
:10695000CDE9015600973B4640F6B801FDF754FAE1
:106960000246002898D1D4F868010623CDE90262D6
:10697000CDE90075502240F2AC61FDF745FA0246C0
:106980008AE700BF2DE9F041044684B0D0F86801E1
:106990008846FCF79DFBD4F868311868596AD0E93D
:1069A00000329B689847D4F868311868D96AD0E9F2
:1069B00000329B689847D4F868314D4A1021197409
:1069C000D4F8683108215974D4F868110123CB74C4
:1069D000D4F868111D200881D4F868110D20488171
:1069E000D4F8681100258D81D4F86811C020C881C1
:1069F000D4F868110B71D4F868315A61D4F8587121
:106A00000A26237B002B46D16B4610224FF4487197
:106A1000D4F86801CDE90055CDE90255FDF768F9D4
:106A200069460622384610F0BAFA0A21F8B994ED00
:106A3000540AB5EEC00AF1EE10FA06DD41F28831D3
:106A4000204601F04BFF054668B94146204602F05A
:106A50006FF8054620BB94F85431002B40D12046F6
:106A600001F0AEFE0546284604B0BDE8F081D4F83A
:106A7000683118680368DB699847731E13F0FF06D6
:106A8000BFD1D4F86801FCF739FB6FF00105284647
:106A900004B0BDE8F08101212046FFF7DBFDB3E73C
:106AA000236820461B699847204601F0A7F8114B40
:106AB0009D42D8D18306D6D59FED0F0A41F2883189
:106AC00084ED540A204601F009FF05460028CAD18A
:106AD0004146204602F02CF805460028C3D1BAE70B
:106AE000204601F069FE0546284604B0BDE8F08165
:106AF000995303003DFDFFFF00000000F0B52A4D53
:106B0000C0F874511D460623284E80F85C310F46AC
:106B10000023FF2183B0C0F86C61C0F89C11A0F87D
:106B20007251C0F8943180F8703101210446164644
:106B3000FFF728FF08B103B0F0BD024639462046F2
:106B400001F0CCF90028F6D131464422204601F06C
:106B5000FBF90028EFD1236829461B6E2046984791
:106B60000028E8D19FED120A204601F011FA002812
:106B7000E1D10121204601F087FF0028DBD101236C
:106B8000009341F60F5241F221030221204601F009
:106B900051FD0028CFD123681B6D0146204603B06C
:106BA000BDE8F040184700BF0000FA4309030001A8
:106BB0000000704270B545F255332DED048B4CF654
:106BC000CC42C0F87C311A233A4EC0F8802180F8BC
:106BD00085310922062384B00D46A0F88C11C0F837
:106BE000906180F8862180F8873100210446B0EE5C
:106BF000408AF0EE608AB0EE419AFFF7C3FE18B10A
:106C000004B0BDEC048B70BD2368B0EE480A1B6C69
:106C1000204698470028F3D12368B0EE680A5B6CE1
:106C2000204698470028EBD1B0EE490A204601F0F3
:106C3000F9FB0028E4D19FED200A204601F0A8F9D5
:106C40000028DDD1236829461B6E2046984700287E
:106C5000D6D11A4A2368908ADB6D04A9022221F852
:106C6000040D204698470028CAD1236801469B6C32
:106C7000204698470028C3D123680146DB6C204694
:106C800098470028BCD1FF21204601F051FD002883
:106C9000B6D10125009541F2210341F60F520221A0
:106CA000204601F0C7FC0028AAD12946204601F061
:106CB000EBFEA5E733331C4300007042189A040032
:106CC00010B502212DED028B0446B0EE408AFFF78D
:106CD00059FE10B1BDEC028B10BD2368B0EE480A1E
:106CE0001B6C204698470028F4D1BDEC028B20464F
:106CF0000121BDE8104001F0C7BE00BF70B50D46D0
:106D000086B080F8AF31032104461646FFF73AFEFD
:106D100008B106B070BD9FED1F0A204601F038F99A
:106D20000028F6D10121204601F0AEFE0028F0D166
:106D3000CDE90300CDE9010000900346024601467B
:106D4000204600F0BFFE0028E3D10B22236884F820
:106D50008501C4F8800184F886211B6C9FED0E0A22
:106D6000204698470028D4D1032E0DD8092D84F849
:106D7000A8610CD803224FF4807384F8A95184F8D9
:106D8000AA21A4F8B831C4E76FF00900C1E76FF099
:106D90000700BEE7000070420000FA3E2DE9F04F08
:106DA000ADF52B7D1C4607900892D2B18D18013DA0
:106DB0000139601EFF231A1111F8016F82EA531284
:106DC00082EAD3025E4002F0010282EAD31237095E
:106DD00042EA430347EA06168D42DBB200F8016F30
:106DE000E9D1DDF820C0C84862464FF6FF7E002595
:106DF000102747F25B562146C0E9016E0770961CCA
:106E00006746C56002F04AF8E319C0F30722E2556D
:106E1000294658704FF41872F300A55512A81E4663
:106E200009930FF0E8F90321B8480B9502F084F8B4
:106E30000BAB0093B21D12AB2146B44802F080F8B0
:106E40002946FF2220460FF0D6F9079B93F8A8C1E8
:106E5000BCF1030F00F04082AD4BDDF82C800FCB6E
:106E60000EAF3E4607C626F8023BBCF1020F4FEAC2
:106E7000134333709CBFA74B13F80C50B8F1000FAD
:106E800000F02D8200218A4608464FF001096FEA82
:106E90000A0303F0070317F800C0CA4309FA03F313
:106EA0004FEAD10E4FEADA0602F007025BB2BCF1FC
:106EB000000F12D00DF1480C0AF1010A1CF80EC0A7
:106EC00014F906E04CFA02F212F0010F43EA0E0246
:106ED0000ABF2EEA0303A255A3550130A84200F0D1
:106EE000A78101318845D2D10AF10702D208214693
:106EF00012A8CDF82CA00FF05AF9079B93F8AA31ED
:106F0000C3EBC30203EBC202520092B20592BAF184
:106F1000000F7AD00022013292B202FB02F15145F9
:106F2000F9D30FFA8AF14FEA420C00294FEA5202D4
:106F300006911FFA8CFC039267DD0023CDF810A0A8
:106F4000984618464FF001099A46059D069FEA08A3
:106F5000EB43A15C03F0070309FA03F321EA030101
:106F60006B1CA154DA10DB43A15C03F0070309FAA0
:106F700003F321EA03036FF0020E302FA354AEEBAC
:106F8000050EA8BF3027002605F1020BC20812A982
:106F9000AEEB06038D5C0BEB0601C910C24303F098
:106FA000070302F0070245FA02F209FA03F36556F5
:106FB0005BB212F0010F25EA03020CBF62542B43AF
:106FC0006044049A18BF635480B2039B90424344C8
:106FD00009D398B284450AF101039DBF1FFA83FAD1
:106FE0005046D0468046013633B2BB42CEDB069BCC
:106FF000059A0237303B1BB23A4492B2002B0693FB
:107000000592A2DC079B93F8AA31079A9DF820709D
:1070100092F8A85192F8AF6192F8A911B2F8B801AC
:107020008DF83070EA0042EA860242EAD10242F06C
:10703000020206118DF831200201059846EA411638
:107040006FF0710101FB03018DF832602E4E0B9140
:1070500008202F274FF0FF0C0021D2B23070C6E974
:10706000017CF160002B00F0ED80DFF8B09003911F
:107070000E4609F1280AA9F127080EAF0125013BA8
:107080005B1A22F00C0242EA83030CA904221E4878
:107090008DF8333001F002FF4FF0000B8DF8340013
:1070A00002211A48A7F808B0C7E900BB01F044FF65
:1070B0003B4628220CA9CDF800B0144801F040FF4F
:1070C0003B4628220CA9CDF800B0104801F038FF4B
:1070D000F208F343A15C104803F0070305FA03F339
:1070E00021EA0301731CA154DA10DB43A15C03F015
:1070F000070305FA03F321EA030306F1020CA35484
:107100006FEA0C0C0CE000BF187E0020147E0020FB
:10711000289B04004C9B04004F9B0400779B0400B9
:107120004378C21CD908A2EB0802324417F801E0E8
:10713000D208DB430CF0070103F007034EFA03F318
:1071400005FA01F114F902E013F0010F49B24EEA19
:10715000010300F101000ABF2EEA0101A354A1546A
:1071600048450CF1FF3CDBD106F14A0C5D486FEA63
:107170000C0C437800F12302D908A2EB0802324438
:1071800017F801E0D208DB430CF0070103F0070316
:107190004EFA03F305FA01F114F902E013F0010FBE
:1071A00049B24EEA010300F101000ABF2EEA0101D3
:1071B000A354A15450450CF1FF3CDAD16FF02A0ED4
:1071C000DDF81CC00496AEEB060E06F12A0B00207B
:1071D0000CEBD00200EB0B0192F8AB61C908AEEBEF
:1071E0000003C24303F0070302F0070246FA02F26B
:1071F00005FA03F3665612F0010F5BB246EA03028A
:1072000000F101000ABF26EA0303625463542028F8
:10721000DED1079B039A049E93F8AA31013272369D
:1072200093420392B6B20AD99DF83320039926E718
:10723000013141454FF000007FF429AE54E6079A32
:1072400092F8A851099A063292B2032D06D8DFE8C7
:1072500005F03934310202EB420292B2224DA5FB15
:107260000210400902F12F0400EB800100EB400006
:10727000A2EB0012A5FB045401EB8101B69803EBCD
:107280005413490092B203608BB212B102321A4415
:1072900093B2079A92F8AA11722212FB0133B599A0
:1072A000DA1D0B60B49BD20800201A600DF52B7D0F
:1072B000BDE8F08F520092B2D0E702EB4202C2F377
:1072C0004F02CBE702EB4202520008490432A1FB15
:1072D0000212C2F38F02C1E7DDF82CA00EE6C2460F
:1072E000424604E6779B0400ABAAAAAACDCCCCCC3C
:1072F00070B4524D524B8BB0064603930FCD05AC84
:107300000FC42A6896F8A93196F8AF1122600AAA2C
:1073100002EB430300294FF0060243F63611ADF8A5
:1073200010104848A6F8B22114BF0821342149F2B0
:107330008E5233F8143CB3FBF1F33C2B0290ADF8C2
:107340000420A6F8B03109D02ED9B92B68D01DD8A9
:10735000562B48D0632B46D03E2B20D1B6F8B831FF
:107360000AAA02EB931203F03F0112F81C2CA6F8B4
:10737000B421B3F5C07F4FF03802A6F8B611A6F8D5
:10738000B2210CD200200BB070BC7047B3F5C37FA4
:107390003AD040F29312934236D0C62B40D06FF0D1
:1073A00069000BB070BC70471C2B06D016D9232B7C
:1073B00003D02F2B01D01E2BF1D1B6F8B8310AAA79
:1073C00002EB9311B3F5C07F03F03F0211F81C1CD0
:1073D000A6F8B411A6F8B621D4D3E0E70A2BECD076
:1073E000162BDCD1E9E7B6F8B8310AAA02EBD312C2
:1073F000002012F8202CA6F8B42103F07F03A6F891
:10740000B6310BB070BC7047B6F8B831A6F8B631DB
:107410004FF484720020A6F8B4210BB070BC704702
:10742000B6F8B8310AAA02EB1322DBB212F8242C08
:10743000A6F8B421A6F8B631A4E700BF389B040033
:10744000212D30334144474810B4B0F8B231B0F880
:10745000B621B0F8B04103F001015B0819B1B0F8F2
:10746000B4114B409BB29A4282EA030107D08C428E
:10747000F1D3A0F8B2315DF8044B084670479C4246
:1074800001D21346E7E7A0F8B231194608465DF885
:10749000044B7047D0F8C031002B00F08680F0B567
:1074A000B0F8B231B0F8B641B0F8B05183B003F0E3
:1074B00001025B081AB1B0F8B42153409BB29C4260
:1074C00084EA030269D0AA42F1D8013A92B214B216
:1074D000B4EB550FA0F8B23190F8AF31A8BF521BF2
:1074E00005F00105A8BF14B20135002B59D11A23AC
:1074F00003FB05F54FF4D043D0ED587A9FED357A74
:10750000D0F8C46190F8AA2167EE877A9642FCEE23
:10751000E77A17EE907A03FB1473A3EB452504D2A8
:10752000921BD30758BF05F5807501EB4106044651
:107530002A0E280C760004230F464FEA152C8DF8EE
:1075400004208DF8050006F28A310DEB0302204677
:107550008DF807508DF806C000F044F9D8B937BB54
:107560007320054606F562718DF80100002602239E
:107570006A4620468DF8006000F034F958B904F5E9
:10758000DE710EC94D1B013A0133C4F8BC51C4F879
:10759000C021C4F8C43103B0F0BDAB4212D92346B8
:1075A00085E7AD004FF48053A6E71846704794F87E
:1075B000AA31BB4208D8D4F8BC01312807D885B21B
:1075C000C0B2CFE71A4680E772200546CAE73220EC
:1075D0000546C7E700008049014801F0A9BC00BF8B
:1075E000147E002030B5012185B00446D0F8680132
:1075F000FCF74EFD04AA042302F8013D0023D4F851
:1076000068018421CDE900330123FBF7A9FFD4F8F9
:1076100068310546186803680121DB6998472846E8
:1076200005B030BD30B5044685B00121D0F8680101
:1076300094F84D51FCF72CFD0023D4F868011A464C
:10764000CDE900331946FBF78BFF04AA0123D4F8D8
:10765000680102F8045D8021CDE90033FBF780FF6B
:1076600005B030BD30B5044685B00D46D0F8680190
:107670000121FCF70DFD0023D4F868011A46CDE97D
:1076800000331946FBF76CFF04AA0123D4F8680104
:1076900002F8045D8021CDE90033FBF761FF05B0FE
:1076A00030BD00BF30B585B001230D0C0C0A8DF83C
:1076B0000E10D0F868018DF80C50CDE9003303AA04
:1076C000032383218DF80D40FBF74AFF05B030BD41
:1076D00030B585B000220123D0F868018DF80E1076
:1076E0000D0C01920C0A009303AA032382218DF84A
:1076F0000C508DF80D40FBF733FF05B030BD00BFD7
:10770000F0B585B0DDED0B7A9FED277A9DF8286006
:10771000F8EE677A054667EE877A95F86C41FCEEDD
:10772000E77AFF2917EE900A4FEA10478DF80C70A0
:107730004FF002078DF80E0004F10D044FEA1020FF
:107740008DF8087018BF8DF80810FF2A8DF80940D1
:107750008DF80D0018BF8DF809200A20FF2B4FF07F
:107760000104ADF80A0002AA18BF8DF80A30D5F856
:107770006801FF2E4FF00703CDE900444FF0880168
:1077800018BF8DF80B60FBF7EBFE034640B9D5F848
:1077900068011A46CDE90044C521FBF7E1FE034626
:1077A000184605B0F0BD00BF6F12833D10B5002430
:1077B00084B061F3070463F30F249DF81830D0F808
:1077C000680162F3174404AA63F31F64012342F8BB
:1077D000044D9521CDE900330423FBF7C1FE04B02D
:1077E00010BD00BF08B5D0F86801FBF7F5FC00201C
:1077F00008BD00BF38B504461D46D0F868011346E1
:107800002A46FCF775FAD4F86801BDE83840FCF761
:1078100055B800BF10B586B00124D0F868018DF8C6
:10782000153000920B46CDE9014402220E2405A931
:107830008DF81440FBF776FF06B010BD10B586B08A
:107840000124D0F868018DF8153000920B46CDE97F
:10785000014402221E2405A98DF81440FBF794FD73
:1078600006B010BD70B51D4684B00123D0F8680184
:10787000BDF820408DF80910CDE900330823D94028
:107880008DF8081022FA03F18DF80F408DF80B20C7
:1078900025FA03F68DF80A10240A19460DEB0302A7
:1078A0008DF80D508DF80C608DF80E40FBF758FEEA
:1078B00004B070BD30B5022385B001220C460D0A1C
:1078C000D0F868018DF80D40CDE90022194603AAD1
:1078D0008DF80C50FBF744FE05B030BD70B584B098
:1078E00001230E0E0D0C0C0A8DF80F10D0F8680154
:1078F0008DF80C60CDE9003303AA042386218DF8AE
:107900000D508DF80E40FBF72BFE04B070BD00BF8C
:1079100000B5012383B00A46D0F868019821CDE96B
:1079200000330223FBF71CFE03B05DF804FB00BF2D
:1079300000B585B004AAFF2302F8013D0123D0F869
:1079400068011121CDE90033FCF726FA9DF80F00FC
:1079500005B05DF804FB00BF30B585B001230D46CE
:1079600004468DF80D20D0F868018DF80C50CDE953
:10797000003303AA02238E21FBF7F2FD08B984F835
:10798000985105B030BD00BF30B585B090F8784152
:107990009DF820509CB190F86C4190ED5D6A0125F6
:1079A00005FA04F407EE904AF8EE677AB3EE007A2F
:1079B000C7EE866AF4EEC76AF1EE10FA18DB80F8BB
:1079C0006E51002461F3070462F30F2463F317443C
:1079D00004AA65F31F64012342F8044DD0F868013E
:1079E0008B21CDE900330423FBF7BAFD05B030BD90
:1079F000002580F86E51E4E770B584B0D0F86801D6
:107A0000089C8DF80B208DF80C3001220B0CCDE971
:107A100000228DF808300A0A08238DF80A108DF824
:107A20000920260C250A0DEB03028B218DF80F404F
:107A30008DF80D608DF80E50FBF792FD04B070BD0F
:107A400030B585B001238DF80F200D0C0C0A8DF890
:107A50000E10D0F868018DF80C50CDE9003303AA60
:107A600004238B218DF80D40FBF77AFD05B030BD66
:107A70002DE9F04385B00C469DF834509DF83080D8
:107A8000294616461F468146FEF7C2FEB0B90123BD
:107A9000D9F868018DF80940CDE90033240A06239E
:107AA00002AA8C218DF808408DF80A808DF80B70A1
:107AB0008DF80C608DF80D50FBF752FD05B0BDE858
:107AC000F08300BF70B586B00C0A8DF80E2001223D
:107AD0008DF81330D0F868019DF828309DF830609B
:107AE0008DF80D10CDE900229DF82C209DF8345022
:107AF0008DF80C408DF80F309DF838408DF810202F
:107B0000092303AA8C218DF814608DF811508DF88B
:107B10001240FBF725FD06B070BD00BF70B584B004
:107B20000546BDF820408DF808108DF80A2019464A
:107B3000120A01238DF809200A0AD0F868018DF88D
:107B40000C10260A8DF80B20CDE9003302AA8C21F7
:107B50008DF80E408DF80D60FBF702FD044638B934
:107B6000D5F8680106230DF10902F021FBF734FB7B
:107B7000204604B070BD00BF00B585B001238DF86C
:107B80000C108DF80D20D0F8680103AACDE9003360
:107B90008F210223FBF7E4FC05B05DF804FB00BF76
:107BA00000B585B004AA012302F8041DD0F86801CD
:107BB0009621CDE90033FBF7D3FC05B05DF804FB5B
:107BC00010B5012384B0002403AAD0F86801ADF8F1
:107BD0000C40CDE90033142103238DF80E40FCF74F
:107BE000DBF89DF80D309DF80C209DF80E001B026F
:107BF00043EA0243184304B010BD00BF00B585B08E
:107C000004AA002322F8043D0123D0F868011721BB
:107C1000CDE900330223FCF7BFF89DF80C009DF876
:107C20000D3043EA002005B05DF804FB00B585B0D7
:107C300004AA002322F8043D0123D0F8680107219B
:107C4000CDE900330223FBF78BFC05B05DF804FBA4
:107C50002DE9F041D0F868311C680F46596A236855
:107C600005469A6D5E6920469047D5F868311B68D5
:107C700001463A462046B4465B69BDE8F04160479C
:107C800070B5D0F868311C68596A236820469A6D2F
:107C90009D6990472B4601462046BDE87040184735
:107CA00030B583B00D460446FFF742FE012814D1DB
:107CB0006B1F072B0ED894F86E0194F86D3194F871
:107CC0005C2184F86C51294600902046FFF75CFE49
:107CD00003B030BD6FF00800FAE76FF01300F7E76C
:107CE00010B52DED028B82B0B0EE408A0446FFF74E
:107CF0001FFE80BBB5EEC08AF1EE10FA25D4DFED91
:107D0000177AB4EEE78AF1EE10FA21D4DFED147A97
:107D1000B4EEE78AF1EE10FA1ADC9FED120A28EEB3
:107D2000008AFCEEC87A17EE900AC4F8800194F835
:107D3000853194F88621D4F87C1100902046FFF715
:107D40005BFE02B0BDEC028B10BD40F27520ECE78B
:107D50006FF06500F5E76FF01300F2E79A99193FAD
:107D6000000048436F1283442DE9F04102680F4D33
:107D7000D2F8DC40AC4215D1D0F868311D680E460F
:107D8000596A2B6804469A6D5F6928469047D4F873
:107D900068311B68014632462846BC465B69BDE82F
:107DA000F04160472346BDE8F0411847517C03008D
:107DB00002680B49D2F8E0208A420FD170B5D0F8A2
:107DC00068311C68596A236820469A6D9D699047FE
:107DD0002B4601462046BDE870401847104700BFBB
:107DE000817C030030B52DED028B85B0B0EE408A6A
:107DF0000446FFF79DFD012868D1B5EEC08AF1EE7B
:107E000010FA49D4DFED337AB4EEE78AF1EE10FAD6
:107E100042DCDFED317AB6EE007AE8EE077AFCEE6E
:107E2000E77ACDED037A9DF80C300F2B3AD00AD9C2
:107E30003E2B43D022D97D2B38D0FA2B2CD10620D3
:107E400084F85C0109E0052B34D01FD9072BF7D04B
:107E50000A2B21D1092084F85C0194F86E5194F822
:107E60006D3194F86C1184ED5D8A024600952046D0
:107E7000FFF78AFD05B0BDEC028B30BD142B21D07D
:107E80001F2B09D1032084F85C01E6E7032B03D103
:107E9000002084F85C01E0E76FF0070005B0BDEC5E
:107EA000028B30BD022084F85C01D6E7052084F8FF
:107EB0005C01D2E7082084F85C01CEE7042084F856
:107EC0005C01CAE70A2084F85C01C6E76FF0130082
:107ED000D0E700BF0000FF430AD7233C70B582B053
:107EE0000D4616460446FFF723FD012828D1281F1A
:107EF000C3B2042B21D86EB984F86D3194F86E01A9
:107F000094F85C2194F86C1100902046FFF73CFD3A
:107F100002B070BD042810D8DFE800F00B07070F8F
:107F20000300072384F86D31E8E784F86D512B4690
:107F3000E4E7002384F86D31E0E76FF00900E7E73C
:107F40006FF01300E4E700BF2DE9F04182B00E4668
:107F500017468046FFF7ECFC012815D126F00F05E7
:107F600007F00F0445EA171544EA061440460223B9
:107F700001AA4FF4E8618DF804508DF80540FFF731
:107F800031FC02B0BDE8F0816FF01300F9E700BFEB
:107F9000B5EEC00AF1EE10FA1BD4DFED0F7AB4EEA5
:107FA000E70AF1EE10FA14DC00B5DFED0C7A20EEF2
:107FB000270A83B0FCEEC07A02AA17EE901A0123BA
:107FC00002F8011D40F6E701FFF70CFC03B05DF875
:107FD00004FB6FF01000704700000C43CDCCCC3E8A
:107FE000F0B587B00D460446FFF7A2FC012833D058
:107FF000002843D194F88801ABB28342A8BF03465E
:10800000A9B21F2BA4F88C1116DD072294F88A510F
:1080100084F8842194F8873194F88971ADB994F883
:108020009CC100900026CDE9035C02972046019692
:10803000FFF748FD07B0F0BD172BDAB208DC0F2AB6
:1080400008D8002A18BF0422E0E74FF0FF0CE8E749
:108050000622DBE70522D9E794F8A01194F8700115
:1080600094F89C3194F86F210191A9B2A4F872118F
:1080700000902046FFF7FCFC07B0F0BD4FF0FF304A
:10808000D8E700BF10B52DED028B82B0B0EE408A6C
:108090000446FFF74DFC90B3032822D002284FD1AD
:1080A000DFED297AB4EEE78AF1EE10FA45D4DFED80
:1080B000277AB4EEE78AF1EE10FA3EDC9FED247ADF
:1080C000C7EE087A16222046FCEEE77A17EE901AE1
:1080D000C4ED5F7AFFF7B4FC38B302B0BDEC028B9D
:1080E00010BDDFED1C7AB4EEE78AF1EE10FA24D46D
:1080F000DFED197AB4EEE78AF1EE10FA1DDC9FEDA0
:10810000147AD4F8800194F8853194F88621C7EE6A
:10811000087AFCEEE77AC4ED5F7A17EE901A0090C9
:108120002046FFF769FC0028D7D1204602B0BDECFD
:10813000028BBDE81040FEF78DBB6FF06400CCE70A
:108140006FF01300C9E700BFCDCCCC3D9A99193F21
:1081500000007A4923DBF93E355EFA3E70B52DED1D
:10816000028B88B003AC84E80E0003689DED048A9E
:10817000D3F8CC309DF838600DF11F0105469847C3
:10818000044658B9032E9DF81F3015D0B34212D0C3
:108190002B6828461B69984728B10446204608B03A
:1081A000BDEC028B70BD2B683146D3F8C830284631
:1081B00098470028F1D13346002B5AD0012B14D018
:1081C000022BEBD14FF4807300939DF80D209DF8A6
:1081D0000C1003232846FEF717FA04460028DDD1C9
:1081E0009DF80E3085F8AF31D8E72B684B4AD3F8AD
:1081F000E8309DF80C40934279D12846FFF798FB70
:1082000001287FD1631F072B00F2828095F86E0151
:1082100085F86C4195F86D3195F85C210090214608
:108220002846FFF7B1FB0446002CB7D12B68B0EE0F
:10823000480AD3F8E4302846984704460028ADD1D0
:1082400028469DF81440FFF773FB01285AD1231FDD
:10825000DBB2042B5FD895F86E0195F85C2195F898
:108260006C1185F86D3100902846FFF78DFB0446B0
:1082700094E72B689DED030A1B6C2846984704463B
:1082800000288BD12B68264A5B6C934234D1284658
:10829000FFF74EFBB0BBB5EEC08AF1EE10FA23D467
:1082A000DFED207AB4EEE78AF1EE10FA2DD4DFED9F
:1082B0001E7AB4EEE78AF1EE10FA26DCDFED1B7AC7
:1082C00028EE278AFCEEC87A17EE900AC5F88001DE
:1082D00095F8853195F88621D5F87C1100902846CF
:1082E000FFF78AFB044659E740F27520EEE7214686
:1082F00028469847044697E7B0EE480A284698472C
:1083000004464BE76FF0130448E76FF0650445E758
:108310006FF0080442E76FF009043FE7A17C030017
:10832000E17C03009A99193F000048436F1283448F
:1083300000B52DED028B85B00DF1100C0CE90E008F
:108340009DF820309DED028A032B2DD04FF0FF3099
:108350001BBBDDED017A9FED2F7AF4EEC77AF1EECB
:1083600010FA4BD4DFED2C6AF4EEE67AF1EE10FA57
:1083700044DCB4EEC78AF1EE10FA42D4DFED277A7E
:10838000B4EEE78AF1EE10FACCBF6FF06500002082
:1083900005B0BDEC028B5DF804FB012B10D005B0DD
:1083A000BDEC028B5DF804FB036808A9D3F8CC3060
:1083B00098470028F3D19DF82030002BEDD1C8E775
:1083C0009DF80430053B072B21D8B5EEC08AF1EEAD
:1083D00010FA19D4DFED127AB4EEE78AF1EE10FA52
:1083E00012DC9DF80C30043B042B94BF00206FF08E
:1083F000090005B0BDEC028B5DF804FB6FF0640072
:10840000CDE76FF06500CAE76FF00700C7E76FF0D0
:108410000800C4E79A99193F0000964300004843BA
:108420000000FF43F0B52DED028B93B0B0EE408A13
:108430000746FFF77DFA002848D1274C05460FCCA8
:1084400002AE0FC694E8030046F8040B383C3170C6
:108450000FCC08AE0FC60FCCB2EE040A28EE008A8D
:108460000FC6BCEEC88A94E8030018EE103A86E8FE
:1084700003009BB2284608AA32F8021B8B421ED387
:1084800001301428F8D107EE903A9FED147AF8EEF7
:10849000E77AF4EEC77AF1EE10FA1AD8092387F8D2
:1084A0008531D7F8800197F88621D7F87C110090A4
:1084B0003846FFF7A1FA13B0BDEC028BF0BD12AB4A
:1084C000184410F8403C87F88531EAE76FF0130054
:1084D000F1E76FF06700EEE7C89B040000F09145FC
:1084E00030B583B00C460546FFF722FA08B10328E1
:1084F00026D1042C27D8DFE804F013171B1F030034
:108500000B2485F88641D5F8802195F88531D5F87A
:108510007C11009228462246FFF76EFA03B030BD68
:10852000002385F88631EEE7082485F88641EAE7DE
:10853000092485F88641E6E70A2485F88641E2E7C2
:108540006FF01300EAE76FF06900E7E7F0B589B074
:108550000E4614460546FFF7EBF970BB082C32D8DF
:10856000E4B2324623464FF4D8612846FFF73AF981
:1085700058BBB5F88C11E400E4B2A1420B46A8BF89
:1085800023461F2B85F888413DDD072295F88A0197
:1085900085F8842195F8873195F88971002842D1B2
:1085A00095F89CC102970026CDE9030C009428465B
:1085B0000196FFF787FA09B0F0BD012807D003281C
:1085C0002DD1042C28D06FF0680009B0F0BD012C2B
:1085D000F9D828463478FFF7ABF901281FD124F0E9
:1085E0000F032401284644F0040443F0040507AABD
:1085F00002234FF4E8618DF81C508DF81D40FFF701
:10860000F1F809B0F0BD172BDAB20FDC0F2A0FD842
:10861000002A18BF0422B9E73368C5F8AB316FF000
:10862000130009B0F0BD4FF0FF0CBBE70622ADE729
:108630000522ABE72DE9F04188B00D4616461F46EE
:1086400004469DF83880FFF773F900283FD1012DCB
:1086500059D062D3022D51D1B8F1000F61D006205C
:1086600084F8870194F88A31B4F88C1194F8842145
:1086700094F888C194F889E1002B4BD194F89C813F
:10868000CDF808E00025CDE90338CDF800C0034659
:1086900001952046FFF716FA68BB350A07AA0223A0
:1086A00040F2BC6120468DF81D608DF81C50FFF72C
:1086B00099F800BB07AA204602233C0A40F2BE619B
:1086C0008DF81D708DF81C40FFF78CF813E0012821
:1086D0002BD194F8A02194F8700194F89C31B4F84F
:1086E000721101922A1C18BF012284F86F21009098
:1086F0002046FFF7BDF908B0BDE8F0816FF42F7098
:1087000008B0BDE8F081B8F1000FA9D0042084F8CA
:108710008701A7E74FF0FF08B2E7012084F887013F
:10872000A0E784F8875128469CE74FF0FF30E2E746
:10873000F0B587B00D460446FFF7FAF8C8B994F8CB
:1087400089C194F8887194F8873194F88421B4F839
:108750008C11019001260495CDE902C600972046B0
:10876000FFF7B0F918B984F88A61C4F89C5107B0D2
:10877000F0BD6FF01300FAE710B582B00446FFF7C2
:10878000D7F8012814D194F8A03194F86F21B4F8E7
:1087900072110193002300932046FF23FFF768F92D
:1087A00020B9FF2384F87001C4F89C3102B010BDD9
:1087B0006FF01300FAE700BF0021FFF7F1B900BF27
:1087C0000121FFF7EDB900BFF0B589B00D460446B1
:1087D000FFF7AEF8002855D1DDB994F88A0184F886
:1087E0008951B4F88C1194F8842194F8873194F865
:1087F000886160B994F89C7100960025CDE9030763
:10880000CDE901552046FFF75DF909B0F0BDFF271E
:10881000F2E7012384F8893107AA4FF4D761204693
:10882000FEF7E8FF0028F0D19DF81C5025F0010567
:1088300045F00105FF2607AA02234FF4D761204621
:108840008DF81C508DF81D60FEF7CCFF0028DCD1A0
:1088500094F88A01B4F88C1194F8842194F8873143
:1088600094F8887194F889C108B994F89C61CDF89E
:1088700008C00025CDE90306009720460195FFF7C3
:1088800021F9C2E76FF01300BFE700BF10B504463F
:10889000FFF74EF801280ABF84F878016FF0130043
:1088A000002010BD30B583B00D460446FFF740F8F8
:1088B000012810D194F8700194F89C3194F86F213C
:1088C000B4F8721184F8A051CDE900052046FFF7F5
:1088D000CFF803B030BD6FF01300FAE730B52DEDDF
:1088E000028B036885B01B690446B0EE408A0D46D2
:1088F00098472046FFF782F9830654D49FED587AB3
:10890000F0EEC87AF4EEC77AF1EE10FA4FD9DFED47
:10891000557A78EE677AF0EEE77AF4EEC77AF1EE00
:1089200010FA26D800238DF80C3007EE905A9FEDF0
:108930004E7AC4F89451F8EE677A012367EE877A8D
:10894000D4F86801FCEEE77ACDE9003317EE901A0F
:1089500004230D0C0C0A8DF80F1003AA97218DF833
:108960000D508DF80E40FAF7FBFD05B0BDEC028B03
:1089700030BDDFED3E7A78EE677AF0EEE77AF4EE1E
:10898000C77AF1EE10FA1AD9DFED397A78EE677A04
:10899000F0EEE77AF4EEC77AF1EE10FA13D802237C
:1089A0008DF80C30C1E72046FFF740F9A6E72046D6
:1089B0000121FDF74FFE05B0BDEC028B30BD012358
:1089C0008DF80C30B1E7DFED2B7A78EE677AF0EEB8
:1089D000E77AF4EEC77AF1EE10FA0ED9DFED267AD7
:1089E00078EE677AF0EEE77AF4EEC77AF1EE10FAF5
:1089F00007D804238DF80C3097E703238DF80C304B
:108A000093E7DFED1E7A78EE677AF0EEE77AF4EE20
:108A1000C77AF1EE10FA03D805238DF80C3084E7FD
:108A2000F0EE087A78EE677AF0EEE77AF4EEC77A3D
:108A3000F1EE10FA03D806238DF80C3075E7DFED60
:108A4000107A78EE677AF0EEE77AF4EEC77AF1EE14
:108A500010FA03D807238DF80C3066E7094884E73D
:108A60006F12833ACDCCCC3F6F12833D9A99D93F98
:108A70006666E63FCDCC0C409A991940CDCC2C408F
:108A80003333534041FDFFFF10B584B0D0F8684147
:108A900080F8991104AA012302F8011D2046CDE9AE
:108AA00000339D21FAF75CFD04B010BD2DE9F047BD
:108AB00084B004AC002504F8015D8946164698464A
:108AC0002246012340F6E70105469DF83070FEF787
:108AD00091FE10B104B0BDE8F0874FF0010A4346A3
:108AE0003A463146CDF800A02846FEF75FFE002842
:108AF000F0D15FFA89F104222846FEF72DFF002805
:108B0000E8D153462246284640F6E701FEF76AFEC2
:108B1000E0E700BFDFED057A80ED580A20EE270A76
:108B2000FCEEC07A17EE901AFEF7D8BE000080491E
:108B30002DE9F041037B84B006460C4623B10022A8
:108B40001146FFF719F800BB04AFD6F8680107F823
:108B5000084D01243A46CDE9004423468A21FAF71C
:108B6000FFFC90B996F84D31D6F868010194002BBE
:108B700014BF30252025234600943A4693218DF8D2
:108B80000850FAF7EDFC034610B104B0BDE8F081DF
:108B900096F86C21D6F86801ADF80C300D3203213F
:108BA0008DF80E308DF809208DF80810CDE90044BD
:108BB0000A2507233A468821ADF80A50FAF7D0FC77
:108BC00080460028E1D1336844F2FF31D3F8EC301D
:108BD00030469847CDF80080054643464246414618
:108BE0003046FEF73FFE284300B20028CDD1D6F82C
:108BF00068112346CDE900403A4608467F24892182
:108C00008DF80840FAF7ACFC0028BED1D6F86831E0
:108C1000186803680521DB69984705E0D6F86831D4
:108C2000186803685B6D9847D6F868311868D96A88
:108C300003681B6998470028F0D1D6F86801FAF755
:108C40003DFEA2E76FF01800704700BF6FF01800FC
:108C5000704700BF6FF01800704700BF6FF018003A
:108C6000704700BF6FF01800704700BF6FF018002A
:108C7000704700BF6FF01800704700BF6FF018001A
:108C8000704700BF6FF01800704700BF6FF018000A
:108C9000704700BF84B004A800E90E006FF0180010
:108CA00004B0704700207047BBEE090A704700BF50
:108CB00082B08DE80C00002002B0704700207047A1
:108CC0006FF01800704700BF6FF01800704700BFCA
:108CD00000207047704700BF704700BF704700BF5B
:108CE0006FF01800704700BF0368044A5B69934245
:108CF00002D16FF018007047002118475D8C030007
:108D000030B585B0056801920022CDE90222D5F880
:108D1000D0500C4A009195428DF8083003D16FF085
:108D2000180005B030BD6A4603210446A847002854
:108D3000F7D12368044AD3F8D4309342EFD02046C9
:108D40009847EEE7E18C0300558C030070B5056889
:108D50000E4ED5F8D05084B0B5420192089A0091D9
:108D6000CDE9023203D16FF0180004B070BD6A463D
:108D700002210446A8470028F7D12368044AD3F803
:108D8000D4309342EFD020469847EEE7E18C0300C1
:108D9000558C030070B5114B036004460126002179
:108DA0000D460673282210300DF025FAA5632946DA
:108DB00004F13C004FF480720DF01DFA4FF07E5329
:108DC000C4F83C51C4F8405184F84451C4F84851A7
:108DD00084F84C51A6606360204670BDEC9B040093
:108DE000002370B41E46012505FA03F20A4200EB87
:108DF000830403F1010303D022691F2A18BF16431D
:108E0000202BF1D1304670BC704700BF38B590F8C8
:108E10004C316BB9D0F83C51D0F84821D0F84041E2
:108E200041EA45010A40A242C0F83C112BD038BDAE
:108E300090F83A5090F83930054401249C4095F957
:108E40003C2064B2D1B922EA0402D2B285F83C20B7
:108E5000591CC9B2082980F83910E8D104461046D7
:108E600000F002F994F83A30E1180022013381F859
:108E70003C0084F83A3084F8392038BD2243D2B21D
:108E800085F83C20E4E7012280F83A3080F83B3056
:108E900080F8393080F84C2138BD00BF2DE9F84307
:108EA0005FEAC2090646846820D0002588462F461E
:108EB0000FE031784B1E24FA03F313F0010F18BFB3
:108EC000736805F101054FEA440418BF5C404D4545
:108ED0000DD06B07EDD1337C18F807000137B3B91B
:108EE0003178A1F1080398404440E3E70178F06845
:108EF000737C604013B100F0B7F831784FF0FF3366
:108F0000C1F1200123FA01F10840BDE8F8830821EE
:108F100000F0AAF8E4E700BF044B00220821197012
:108F2000C3E90122DA601A745A747047187E00206F
:108F30000022027042707047002341700370704736
:108F4000002900F08980002B00F086802DE9F04F89
:108F500083B0002A7ED04FF0000B90F801A0D946D4
:108F6000D846CDE900210AE0072C057050D0009AC0
:108F700008F10108D14442451FFA89F950D04FEA5F
:108F8000D805019A0678575D3549364A6FEA0804D4
:108F900004F007042741BAF1020F08BF964607F014
:108FA00001074FEA960518BF8E46C7F1010C5EF81F
:108FB00025504FEA8C0C6FEA060E5FFA8CFC0EF01F
:108FC000030E0CEBCE0C25FA0CF54FF0020204FB5D
:108FD0000AFC05F00F0404FA0CF412FB06764BEAC7
:108FE000040B06F03F0508F00704BDD106F00F069C
:108FF000072C0670BBD11C464FEA1B2504F8025B08
:1090000083F801B090F801A023464FF0000BAEE7C3
:10901000BAF1030FEFD14FEA1B441C700133EAE7AA
:1090200052070BD0BAF1030F03D14FEA1B421A705B
:1090300001334FEA1B2283F801B01A700C9B2BB14D
:109040000020C3F8009003B0BDE8F08F184603B0CD
:10905000BDE8F08F9146F1E74FF0FF30704700BF59
:10906000D89C0400C89C040099B10022F0B40546C5
:109070004F1E1046012606FA02F32B40BC1AD340BD
:109080000132A340D4B2A14240EA0300F3D8F0BCBD
:1090900070470846704700BF704700BF704700BF69
:1090A000704700BF08467047704700BFF0B4094CD6
:1090B000094F2568049EC360C0E901120599069A0C
:1090C000076000230661C0E90512C36105B920608D
:1090D000F0BC70472C7E0020209D0400704700BF2C
:1090E000704700BF10B404682469A4465DF8044BBF
:1090F000604700BF30B40468BDF808500295A46B07
:10910000A44630BC604700BF30B40468BDF80850C6
:109110000295E46BA44630BC604700BF704700BFB7
:1091200001F0030101298176B0F90830B0F90A2075
:1091300004D0032902D08381C28170478281C38118
:10914000704700BF2DE9F04385B099420446076897
:10915000BDF93060BDF8348023D0B2421D4611D035
:109160007B69DFF884904B4536D1CDE900682B460A
:10917000BE6A2046B0472368DB6A4B4527D105B05D
:10918000BDE8F08399421FDDCDF830800131FE6BE0
:109190004B1B1BB229462046B44605B0BDE8F04340
:1091A0006047B2420CDDCDF83080531CBD6B9B1B79
:1091B0001BB232462046AC4605B0BDE8F0436047DE
:1091C000334616461A46EEE70D461946DCE72046BA
:1091D00005B0BDE8F0431847CDE90212984727686B
:1091E000DDE90212C1E700BFE19003002DE9F04F75
:1091F000D0F800C01F46DCF814601A4B83B09E42C2
:109200000546BDF93090BDF834A00C4690461FD1FC
:109210002744BC4214DADFF850B0DCF82060CDF807
:1092200000A05E4521464B464246284601D1DCF867
:109230003860013424B2B047BC42D5F800C0ECDB42
:10924000DCF82C30074A934206D103B0BDE8F08F1A
:10925000B047D5F800C0DBE7284603B0BDE8F04FC3
:10926000184700BFE1900300F59003002DE9F04F8F
:10927000D0F800C01D46DCF814A02D4B83B09A45F1
:109280000446BDF93090BDF834708846164641D189
:10929000DCF824B0DFF89CA00097D34508BFDCF8C9
:1092A0003CB02B46324641462046D8472368D3F887
:1092B00024B0009709F1FF323244D34512B232D1C3
:1092C000D3F83CA041462B462046D0472368DFF820
:1092D00068A0D3F820B00097D34508BFD3F838B0C2
:1092E00032464B4641462046D8472368691E1D6AD0
:1092F00000975545414408BF9D6B32464B4609B225
:109300002046A84723680A4ADB6A934206D103B085
:10931000BDE8F08FD047D4F800C0B9E7204603B0CD
:10932000BDE8F04F18472B4641462046D847CDE7C9
:10933000E190030009910300F59003002DE9F04F3F
:1093400085B01E46BDF93850BDF83CA0AB1A002BC5
:109350009046A6EB0102B8BF5B42002AB8BF52425A
:109360009342074679DCAE464446AC464046354615
:109370008846764621469946A8455CDDA8EB05045B
:10938000A4B2A0EB0C0002944FF6FF7C24B204EBD5
:10939000D47480EAE079B142C8BF4FF0010CA9EB68
:1093A000E0796410CDF80CC09342304B01931FFA62
:1093B00089F933DCD7F800C0019BDCF818B09B4575
:1093C0002946534608BFDCF810B0A4EB0904324626
:1093D0003846D847A3B21CB20135002C2DB205DAAD
:1093E000039A1644029AD41836B224B2A845E1DA98
:1093F00005B0BDE8F08FDCF810B0D847A4EB090445
:10940000A3B21CB20135002C2DB205DA039A164422
:10941000029A9C1836B224B24545E9DCD7F800C060
:10942000019BDCF818B09B452A4653463146384626
:10943000E1D0D847E2E7A5EB080080B204B204EB24
:10944000D474B14202904FEA640428460E46454661
:1094500007DA012103918046A6E7B4460846914603
:109460008AE74FF6FF71039180469DE7E590030080
:109470002DE9F04FD0F800C0DFF888E0DCF840605C
:1094800083B07645BDF93080BDF834A028D191462F
:109490001F461B4ADCF81430934205460C462BD17C
:1094A0002744BC4214DADFF860B0DCF82060CDF865
:1094B00000A05E45214643464A46284601D1DCF8D5
:1094C0003860013424B2B047BC42D5F800C0ECDBB0
:1094D000DCF82C300A4A934209D103B0BDE8F08F82
:1094E000B446CDE90C8A03B0BDE8F04F604728468A
:1094F00003B0BDE8F04F18479847D5F800C0CFE754
:10950000E1900300ED910300F59003002DE9F04F89
:10951000D0F800C0284BDCF84040B0F90C80B0F91E
:109520000E709C4283B0894633D1DCF81430DFF8EA
:109530008CB05B4505463AD1B8F1000F22DD00241E
:10954000DFF87CA0A64609E0DCF838600134B047BB
:109550000FFA84FEF045D5F800C013DDDCF820607A
:10956000CDF80090564571463B464FF00002284624
:10957000EAD001340022B0470FFA84FEF045D5F856
:1095800000C0EBDCDCF82C305B450BD103B0BDE850
:10959000F08F0022CDE9007143461146A04703B089
:1095A000BDE8F08F284603B0BDE8F04F1847984754
:1095B000D5F800C0C0E700BFED910300E1900300C3
:1095C000F59003002DE9F04FD0F800C01646DCF806
:1095D0001450304A85B095420746BDF838B00C4665
:1095E0004DD19BB203F1FF39DCF828502A4A1FFA0B
:1095F00089F909EB040895420FFA88F810D0CDE9F3
:10960000006B4346324621463846A847D7F800C08B
:10961000DCF82C301F4A934237D105B0BDE8F08FFB
:10962000444526DDC3F101031FFA83F90FFA89F5DA
:10963000234605EBD57544466D109846174BDCF86C
:1096400018A09A4532465B46214638460FD1DCF8D1
:1096500010A0D0470134002D24B203DA013E4D445E
:1096600036B22DB2A045D7F800C0E7DAD0E7D04730
:10967000F0E70FFA89F505EBD5756D10DEE703937A
:10968000A847D7F800C0039BABE7384605B0BDE854
:10969000F04F1847E19003003D930300E59003006D
:1096A0002DE9F04FD0F800C09046DCF81440424A53
:1096B00085B094420646BDF838900F466ED1DCF86E
:1096C00028503E49013B1FFA88F213449BB28D4259
:1096D0001CB250D1444528D066DAD31A9BB21DB2D1
:1096E00005EBD575A04503934FEA65053BDBDFF835
:1096F000D0A010E0DCF810B0D8470134002D24B21F
:10970000ABB204DA039A013F9D183FB22DB2A045D7
:10971000D6F800C027DBDCF818B0D3454B4622460C
:1097200039463046E6D0D847E7E7DFF894A03D4613
:109730004FF00008BB46DCF818705745224608BFBA
:10974000DCF8107029464B463046B8470135B8F171
:10975000000FB8BF04F1FF342DB2B8BF24B2AB453F
:10976000D6F800C0E7DADCF82C30134A934210D167
:1097700005B0BDE8F08F42463B46CDE90049394689
:109780003046A847D6F800C00B4ADCF82C3093428C
:10979000EED0304605B0BDE8F04F18470393A04720
:1097A000D6F800C0039B8AE7104621461A46444675
:1097B0000346884691E700BFE19003003D93030014
:1097C000E590030070B4002461F30F0462F31F44BA
:1097D000094A02604FF0FF36002240F201150121D4
:1097E0008460C46046610583C1764260026182760E
:1097F0000277026270BC704788A204002DE9F04F26
:1098000097B083460D91016ABDF880000290BDF8C3
:10981000840003909DF8880006909DF88C000890C5
:109820000592002900F0EB800A7AD1E900109B1A1A
:10983000DBB200EBC30230F8333007939378049324
:10984000D378109392F905301593069B0A91012B5A
:1098500092F9064040F2CB80BDF954300E9323B20A
:109860001293AE4BDBF800C009931A46DCF81430B3
:10987000934240F04D81109B002B00F08B80BDF88F
:1098800014301393002223440C92149392460B92AB
:10989000049B002B76D00B9B129A089913981A44BC
:1098A00002FB01021499CB181BB211930FFA82F933
:1098B0000C9B002509E00135049AEDB24FEA4A0AF3
:1098C000AA425FFA8AFA434658D95A1C5B075FFAE4
:1098D00082F806D1079A0A99531C9BB211F802A08C
:1098E00007931AF0800FE6D0069ABDF83430012AAB
:1098F00059D00E9A0699DCF81C60BDF920705419F5
:10990000874A04FB0134964224B20BB260D1DCF8E2
:109910004060844A96425BD1DCF81430099A934245
:1099200060D1069B2344A34203931DDD7E4B059328
:109930000F950BE0029D0095DCF83860B0470134CC
:10994000039BDBF800C024B2A3420CDDDCF82060EE
:10995000059DAE4221463B464A465846EAD0029B08
:1099600000933B46EAE70F9DDCF82C30099A9342BE
:10997000A1D058469847DBF800C09CE70C9B1344E5
:10998000DBB20C930B9B109A0133DBB29A420B9320
:109990003FF67EAFDCF82C30099A934240F0B3805A
:1099A00017B0BDE8F08F089A012AA2D1159ADCF809
:1099B000184013445D4A5919944208BFDCF810401E
:1099C000029B119A09B25846A047DBF800C072E723
:1099D000029A2146CDE9007258464A46B047DBF864
:1099E00000C068E758469847DBF800C099E7089B35
:1099F000012B3FF631AF002312930E9331E7BBF9F1
:109A00000C200D998A42CBDDBBF90E2005988242CD
:109A1000C6DDBDF81840062212FB0412002ABFDD85
:109A2000089A00EBC202002ABADD9BF81C201AB982
:109A3000AF2B84BF0133DBB2384ADBF800C0099298
:109A40001146DCF814208A4240F08C81384ABDF877
:109A500034100F9103EB8303D3180D93BDF8183026
:109A60000E9300230B910C930D9ABDF92C3012F834
:109A7000018B0D92069A07939F18082304930026E2
:109A8000B94618F0010F55D00699BDF814200129E8
:109A9000B3B200F0F2800899DCF81C4011FB03F32C
:109AA00013441F4A94421DB20FFA81FABDF91830CF
:109AB00040F00681DCF840401A4A944240F00081B0
:109AC000DCF81430099A934240F02281079C4C45FF
:109AD00070DA0A960AE0029E0096DCF838700134CB
:109AE00024B2B8474C45DBF800C062DADCF82070DD
:109AF0000D4EB742214653462A465846EBD0029BAC
:109B000000935346EBE7584617B0BDE8F04F1847AF
:109B100058469847DBF800C0ADE600BFE19003006F
:109B200071940300ED910300F5900300E5900300AC
:109B3000809D0400DDE90232934241D00699BDF8D0
:109B400014200129B3B200F0C5800899DCF81C404C
:109B500011FB03F313448F4A94421DB20FFA81FAAA
:109B6000BDF9183040F0CD80DCF840408A4A94427C
:109B700040F0C780DCF81430099A934240F0CD8061
:109B8000079C4C4516DA0A96DCF82070834EB742E3
:109B9000214653462A46584640F08680039E00964A
:109BA0000134DCF8387024B2B8474C45DBF800C00B
:109BB000EADB0A9EDCF82C30099A934240F0A3803D
:109BC000049B013B013613F0FF0376B24FEA5808BD
:109BD00004937FF456AF0B9B0E9A13440C9A0132F8
:109BE0009BB2052A0C920B937FF43EAFDDE9023263
:109BF00093423FF4CFAE069B012B00F0A0800E9B5A
:109C00000F99DCF81C60634A03EB83031944089B3B
:109C100096424FEAC3050CB2BDF9183040F0A98056
:109C2000DCF840605C4A964240F0A380DCF81430D7
:109C3000099A934240F0A980069B23449C421E4609
:109C400070DADFF85881DDF814900AE0039F00977E
:109C5000DCF83870013424B2B847B442DBF800C0F5
:109C600060DADCF82070474521462B464A465846C4
:109C7000ECD0039B00932B46ECE7089901297FF475
:109C80000AAF13440C990F9ADCF8184051181AB215
:109C9000434B9C4208BFDCF81040029B09B2584677
:109CA000A047DBF800C08BE7039B009301345346C9
:109CB00024B2B847A145DBF800C03FF765AF78E7AD
:109CC000029A0799CDE900A258462A46A047DBF838
:109CD00000C075E7089901297FF437AF13440C9948
:109CE0000F9ADCF8184051181AB22D4B9C4208BF4D
:109CF000DCF81040039B09B25846A047DBF800C0CF
:109D00005EE7039ADDE758469847DBF800C057E75F
:109D100058469847DBF800C0D8E658469847DBF825
:109D200000C02DE7DCF82C30099A93423FF435AEA1
:109D300058469847DBF80030099ADB6A2DE6089B05
:109D4000012B7FF45CAF0F9900920531059ADCF886
:109D50002040082309B25846A047DBF80030099A92
:109D6000DB6A1AE6049358469047DBF800C0049B70
:109D70006CE6039A2146CDE900525846059AB04751
:109D8000DBF80030099ADB6A07E658469847DBF8AB
:109D900000C051E771940300ED910300F5900300BA
:109DA000E59003002DE9F041036A84B00446002BDE
:109DB0004FD00A2941D00D2947D01A7A914244D375
:109DC000987A884241D38A1A5D68B4F91060207E7F
:109DD000D2B205EBC205AF7857B3EA7842B394F834
:109DE0001BC0B4F9122094F819E0BCF1000F0FD099
:109DF00095F905C0B4F90C80674400FB0767474537
:109E000006DD002626821B7B03FB0E2212B2628235
:109E1000B4F816C0CDF80CE0A78A02900B46204695
:109E20003146CDE9007CFFF7E9FCB4F91060207EF3
:109E3000297901FB0060208207E0002202821B7B5F
:109E4000428A417E01FB03234382012004B0BDE826
:109E5000F0810A292CD00D29F7D0C67EB0F91070F8
:109E6000B4F91220007E657E66B10626B4F90CC0F6
:109E700016FB0076664505DD02EBC50212B2628272
:109E800023821F46E68A0395A58A02900B46204648
:109E90003946CDE90056FFF7B1FC237E228A03EB59
:109EA000430302EB43030120238204B0BDE8F081A9
:109EB000428A417E038202EBC1034382C5E700BFB1
:109EC000002908BF01210176417670472DE9F04F46
:109ED00087B09846109C2280119CA4F80080139CA7
:109EE00000232380129C4FF0FF3947F6FF7B4F463B
:109EF000DA46238011F8014B002C5ED0036A002B58
:109F000073D00A2C00F0A8800D2CF3D093F808E051
:109F10007445EFD39D7AA542ECD3A4EB0E0E5C689A
:109F2000057E02955FFA8EFE04EBCE0E457E03950C
:109F30009EF80250019590F81BC09EF803500495BE
:109F40009EF8045005951FFA88F49EF905509EF975
:109F500006E0BCF1000F40F08E8093B200931A46E9
:109F6000BDF80830019E05FB0325039AADB20EFB38
:109F7000024406FB035C049EA4B206FB02460CF1FD
:109F8000FF3C0FFA8CFC013E0FFA84FE36B2059CB2
:109F9000009A67452DB2B8BF6746B14504FB03225E
:109FA000B8BFB14611F8014BAA45A8BFAA46F34570
:109FB000A8BFF34612B2002CA0D1BA4507DC109A14
:109FC0007B1CA2F800A0129AA3EB0A031380CB45D6
:109FD00008DC119A09F10103A2F800B0139AA3EB6F
:109FE0000B03138007B0BDE8F08F0A2C3CD00D2C7A
:109FF00080D0047E90F81BE0457E04EB440676009A
:10A0000002EB060CBEF1000F0BD0B0F90CE0E645F8
:10A0100007DA08EBC508B4461A460FFA88F81E4658
:10A0200000E096B208230CF1FF3C13FB0583013BD3
:10A03000BC45C8BF0FFA8CF74B45C8BF0FFA83F970
:10A0400004EB44049245A8BF924606EB4404C34582
:10A05000A8BFC34622B24DE7427E1B7B02FB0388AA
:10A060000FFA88F8002245E7427E08EBC2080FFA93
:10A0700088F81A463EE7019E05EB060CB0F90C6025
:10A080000096029E06FB0C2C009EB4457FF765AF40
:10A090001B7B039A03FB0244A4B200230FFA84F84B
:10A0A00000931A465CE700BF10B590F834300446C0
:10A0B0004BB194F93600002804DB0021BDE81040C4
:10A0C0000AF0C2BF10BD00F1280393E80600406A01
:10A0D000F8F7E2FEEDE700BF10B5044690F9360050
:10A0E000002802DB01210AF0AFFF94F8343003B1FD
:10A0F00010BD606ABDE81040F8F732BF03683B4A04
:10A100005B69934270B504460D466DD190F83430CA
:10A11000002B5DD094F93600002802DB00210AF004
:10A1200093FF002D47D194F83D5094F9370000215A
:10A130000AF08AFF94F83430002B3FD0012B2FD146
:10A14000082694F9243018462B064FF0000148BF2A
:10A1500001210AF079FF012194F926000AF074FF29
:10A16000013E002194F926006D000AF06DFF16F003
:10A17000FF06EDB2E5D1012194F937000AF064FF42
:10A1800023681B4ADB6A93422AD194F936000028DF
:10A1900002DB01210AF058FF94F834309BB170BD06
:10A1A00094F9250000210AF04FFF012194F92500C0
:10A1B0000AF04AFFDFE794F83C50B6E72946606AA8
:10A1C000F8F716FFD7E7606ABDE87040F8F7C8BE39
:10A1D00000F1280393E80600406AF8F75DFE99E76E
:10A1E0002046BDE87040184798479AE7A9A00300A9
:10A1F000D9A0030000290FDBF0B51C46B0F90C30E4
:10A200008B4283B0054605DD002A03DBB0F90E3032
:10A21000934202DC03B0F0BD70470368012600964C
:10A220005F6D92B2334689B2B84795F8343053B374
:10A23000012B1BD1102695F92430184623044FF02A
:10A24000000148BF01210AF0FFFE012195F9260017
:10A250000AF0FAFE013E002195F926000AF0F4FE0C
:10A26000640016F0FF06A4B2E5D1D3E795F9250006
:10A2700000210AF0E9FE95F92500314603B0BDE85A
:10A28000F0400AF0E1BE210A686AF8F7B1FE686A98
:10A29000E1B203B0BDE8F040F8F7AABE2DE9F04105
:10A2A0000E1E82B00CDB1D46B0F90C30B3420446E2
:10A2B00006DD002A174603DBB0F90E30934202DCBC
:10A2C00002B0BDE8F0810368394A5B6993426DD101
:10A2D00090F83430002B5CD094F93600002802DB73
:10A2E00000210AF0B1FE23684FF00108CDF800808C
:10A2F000B1B2BAB25E6D20464346B04794F83430EE
:10A30000002B3DD0012B30D1102694F92430184673
:10A310002B044FF0000148BF01210AF095FE0121F6
:10A3200094F926000AF090FE013E002194F92600DF
:10A330000AF08AFE6D0016F0FF06ADB2E5D1236883
:10A340001C4ADB6A93422CD194F93600002802DBC8
:10A3500001210AF079FE94F83430002BB0D1606A04
:10A3600002B0BDE8F041F8F7FBBD94F925000021EB
:10A370000AF06AFE414694F925000AF065FEDEE720
:10A38000290A606AF8F734FEE9B2606AF8F730FE2D
:10A39000D5E700F1280393E80600406AF8F77CFD52
:10A3A0009AE7204602B0BDE8F041184798479AE77F
:10A3B000A9A00300D9A003002DE9F04112B2044680
:10A3C00009B21D469DF918709DF91C609DF9208009
:10A3D000FFF7F8F90022084984F8358084F83670D0
:10A3E00084F8376084F83420A263A2876562216014
:10A3F00022642046BDE8F081E0A20400F8B50446DE
:10A40000444D90F93600002918BF0D460028174624
:10A4100007DB01210AF094FD012194F936000AF0CE
:10A4200013FE012194F937000AF08AFD012194F905
:10A4300037000AF009FE94F8346076BB606A364B48
:10A44000A5620122984284F82C70276384F82D209D
:10A4500040D0324B98423DD094F93500002838DB8B
:10A4600001210AF06DFD012194F935000AF0ECFD9F
:10A47000642007F08FFB002194F935000AF0E4FD19
:10A48000642007F087FB94F9350001210AF0DCFD18
:10A49000C820BDE8F84007F07DBB012E1DD001218A
:10A4A00094F925000AF04CFD94F9250001210AF0E9
:10A4B000CBFD94F926000028CEDB01210AF040FDF7
:10A4C00094F9260001210AF0BFFD94F93500002817
:10A4D000C6DAF8BDF8F794FCBEE7314694F92400DB
:10A4E0000AF02EFD002194F924000AF0ADFD31465A
:10A4F00094F926000AF024FD94F9260000210AF0C0
:10A50000A3FD94F925000028A6DB00210AF018FD20
:10A51000A2E700BF0024F400EC7D0020007E0020B4
:10A52000012390F83020816280F82C2080F82D30B3
:10A53000704700BF02B970472DE9F843B0F90C50DD
:10A540006D00954228BF15464FEA45090646484624
:10A550008846174607F038FB044680B398FA98F807
:10A560001FFA88F3002D73D06A1E012A71D90021C9
:10A5700063F30F0163F31F41680822460023013390
:10A58000834242F8041BFAD325F00103AB4206D004
:10A590005A1C954224F8138001D924F81280AF4246
:10A5A0004B464FF00002214655D87B00706A0022CE
:10A5B000F8F7DCFC2046BDE8F84307F01FBB96F82F
:10A5C00034304FEA18295FFA88F56BB9013F4946E4
:10A5D000706AF8F70DFD013F2946706AF8F708FD2B
:10A5E0007A1CF4D1BDE8F883012B13D0A945F9D02A
:10A5F000013F002196F925000AF026FD013F0121C7
:10A6000096F925000AF020FD7B1CF2D1EAE7002430
:10A61000002FE7D0013F454696F9243015F4004F4E
:10A6200018464FF0000118BF01210AF00DFD01345A
:10A63000012196F926000AF007FDA4B2002196F93F
:10A6400026006D000AF000FD102CADB2E4D1DEE76B
:10A65000FEE700239CE77F1B706AF8F787FC002F5A
:10A660009DD1A7E72DE9F04F83B0BDF93050BDF87B
:10A670003470002B58D0002D56D0002B06461C46B7
:10A6800055DBB6F90C308B424EDD002D05DAADB24C
:10A6900001322A446D4212B22DB2B6F90E00904238
:10A6A00042DD1FFA81FE0EEB04081FFA88F808F15C
:10A6B000FF3C0FFA8CFCBCF1000F35DB1FFA82F96E
:10A6C00009EB050B1FFA8BFB0BF1FF3A0FFA8AFA25
:10A6D000BAF1000F28DB0029BCBF0FFA88F44FF055
:10A6E000000E002ABCBF0FFA8BF54FF0000963453E
:10A6F000DCBFA3EB0E0424B25045DCBFA0EB090580
:10A700002DB23368AAB2009271464A46D3F85480FB
:10A710003046A3B2C04704FB05F23946304603B0C9
:10A72000BDE8F04FFFF706BF03B0BDE8F08F9CB265
:10A7300001312144B6F90C3009B264428B4224B293
:10A74000A3DCF1E7F0B583B00029BDF8206036DB6B
:10A750001C46B0F90C308B42054630DD002C2ED063
:10A7600005DAA4B201322244644212B224B2B5F92D
:10A770000E30934223DD1FFA82FC0CEB0407BFB2BC
:10A78000781E00B200281ADB002ABCBF3CB24FF092
:10A79000000C8342DCBFA3EB0C0424B22B68A2B2F2
:10A7A00000925F6D6246284689B20123B84722466F
:10A7B0003146284603B0BDE8F040FFF7BBBE03B00A
:10A7C000F0BD00BFF0B583B0002ABDF8206038DBD3
:10A7D0001C46B0F90E309342054632DD002C30D0D5
:10A7E00005DAA4B201312144644209B224B2B5F9B8
:10A7F0000C308B4225DD1FFA81FC0CEB0407BFB245
:10A80000781E00B200281CDB0029BCBF3CB24FF010
:10A81000000C8342D8BFA3EB0C044FF001012B685E
:10A820000091D8BF24B261465F6D284692B2A3B2B0
:10A83000B84722463146284603B0BDE8F040FFF74E
:10A8400079BE03B0F0BD00BF2DE9F04383B0161E02
:10A85000BDF8287051DB1D46B0F90E30B3420446F6
:10A860004BDD002D49D005DAADB2013129446D42EE
:10A8700009B22DB2B4F90C308B423EDD1FFA81F8DB
:10A8800008EB050080B2421E12B2002A35DB002917
:10A89000BCBF05B24FF000089342D8BFA3EB080538
:10A8A0002368244A5B69D8BF2DB293423AD194F809
:10A8B00034307BB394F93600002802DB00210AF023
:10A8C000C3FB23684FF00109CDF80090B2B24146B6
:10A8D0005E6D2046ABB2B0472A4639462046FFF7A8
:10A8E00029FE2368144ADB6A93421ED194F936008C
:10A8F000002805DA94F8343033B103B0BDE8F083B2
:10A9000049460AF0A1FBF5E7606A03B0BDE8F043F1
:10A91000F8F726BB04F1280393E80600606AF8F70D
:10A92000BBFAC7E720469847CBE7204603B0BDE80F
:10A93000F0431847A9A00300D9A003002DE9F04176
:10A9400082B00E1EBDF820704FDB1D46B0F90C30F2
:10A95000B342044649DD002D47D005DAADB20132DD
:10A960002A446D4212B22DB2B4F90E3093423CDD4E
:10A970001FFA82F808EB050080B2411E09B20029D7
:10A9800033DB002ABCBF05B24FF000088B42D8BFB2
:10A99000A3EB08052368234A5B69D8BF2DB2934215
:10A9A00038D194F834306BB394F93600002802DBC8
:10A9B00000210AF049FB2368AAB20092B1B24246D4
:10A9C0005E6D20460123B0472A4639462046FFF7F0
:10A9D000B1FD2368144ADB6A93421ED194F9360014
:10A9E000002805DA94F8343033B102B0BDE8F081C4
:10A9F00001210AF029FBF5E7606A02B0BDE8F041E9
:10AA0000F8F7AEBA04F1280393E80600606AF8F795
:10AA100043FAC9E720469847CDE7204602B0BDE893
:10AA2000F0411847A9A00300D9A003002DE9F04F79
:10AA300083B0BDF93050BDF83470002B7BD0002DB1
:10AA400079D0002B06461C4678DBB6F90C308B42D9
:10AA500071DD002D05DAADB201322A446D4212B229
:10AA60002DB2B6F90E00904265DD1FFA81F808EBB1
:10AA7000040E1FFA8EFE0EF1FF3C0FFA8CFCBCF1A7
:10AA8000000F58DB1FFA82F909EB050B1FFA8BFB4D
:10AA90000BF1FF3A0FFA8AFABAF1000F4BDB0029EB
:10AAA000BCBF0FFA8EF44FF00008002ABCBF0FFAAB
:10AAB0008BF54FF000096345D8BFA3EB080433685A
:10AAC0002C4A5B69D8BF24B25045DCBFA0EB090516
:10AAD0002DB293424AD196F83430002B39D096F9F2
:10AAE0003600002802DB00210AF0AEFA3368AAB271
:10AAF000009241464A46D3F854803046A3B2C0473C
:10AB000004FB05F239463046FFF714FD33681A4A54
:10AB1000DB6A934225D196F93600002802DB012139
:10AB20000AF092FA96F834302BB9706A03B0BDE897
:10AB3000F04FF8F715BA03B0BDE8F08F9CB20131C1
:10AB40002144B6F90C3009B264428B4224B280DC55
:10AB5000F1E706F1280393E80600706AF8F79CF91C
:10AB6000BDE7304603B0BDE8F04F18473046984780
:10AB7000BCE700BFA9A00300D9A003002DE9F8435A
:10AB80000D4690F83410044690469946002900F08E
:10AB9000A48094F93600002802DB00210AF054FA60
:10ABA000002194F937000AF04FFA94F83430002B62
:10ABB00000F09B80012B43D1082694F924302A060B
:10ABC00018464FF0000148BF01210AF03DFA01216B
:10ABD00094F926000AF038FA013E002194F9260083
:10ABE0006D000AF031FA16F0FF06EDB2E5D1012151
:10ABF00094F937000AF028FAB9F1000F32D0002793
:10AC000012E094F8273094F92500002B55D100214B
:10AC10000AF01AFA012194F925000AF015FA08F150
:10AC2000010801374F451DD094F83430022BE8D08D
:10AC300098F8005013BB2946606AF8F7D9F9EEE797
:10AC4000002194F925000AF0FFF9012194F925006B
:10AC50000AF0FAF9012194F937000AF0F5F9B9F18F
:10AC6000000FCCD194F93600002802DB01210AF054
:10AC7000EBF994F834305BB3BDE8F883012B08BFDF
:10AC8000082637D194F9243018462B064FF00001DE
:10AC900048BF01210AF0D8F9012194F926000AF0F1
:10ACA000D3F9013E002194F926006D000AF0CCF999
:10ACB00016F0FF06EDB2E5D1B1E700210AF0C4F9C4
:10ACC000012194F9250008F102080AF0BDF9A8E76E
:10ACD000606ABDE8F843F8F743B900F1280393E848
:10ACE0000600406AF8F7D8F853E72946606AF8F793
:10ACF0007FF97CE794F9250089E700BF2DE9F84347
:10AD00000D4690F83410044616469846002900F087
:10AD10009F8094F93600002802DB00210AF094F9A4
:10AD2000002194F937000AF08FF994F83430002BA1
:10AD300000F09680012B52D1082794F924302A067E
:10AD400018464FF0000148BF01210AF07DF90121AA
:10AD500094F926000AF078F9013F002194F92600C1
:10AD60006D000AF071F917F0FF07EDB2E5D101218E
:10AD700094F937000AF068F9B8F1000F23D00027E2
:10AD800011E094F8273094F92500002B51D10136B9
:10AD900000210AF059F9012194F925000AF054F92B
:10ADA000013747450FD094F83430022BE9D006F133
:10ADB00001093578F3B92946606A0137F8F718F9BF
:10ADC00047454E46EFD194F93600002802DB0121B9
:10ADD0000AF03AF994F83430ABB3BDE8F88394F94B
:10ADE000250000210AF030F9012194F925000AF02C
:10ADF0002BF9BCE7012B38D1082694F924301846EA
:10AE00002B064FF0000148BF01210AF01DF9012176
:10AE100094F926000AF018F9013E002194F9260061
:10AE20006D000AF011F916F0FF06EDB2E5D14E46BD
:10AE3000B6E700210AF008F9012194F9250002364D
:10AE40000AF002F9ACE7606ABDE8F843F8F788B8A1
:10AE500000F1280393E80600406AF8F71DF858E768
:10AE60002946606AF8F7C4F881E794F925004E4650
:10AE70008EE700BF70B506460C4690F937000021FA
:10AE80000AF0E2F896F83430A3B3012B21D108255B
:10AE900096F92430184623064FF0000148BF0121DF
:10AEA0000AF0D2F8012196F926000AF0CDF8013D0A
:10AEB000002196F9260064000AF0C6F815F0FF0597
:10AEC000E4B2E5D196F937000121BDE870400AF0FF
:10AED000BBB896F9250000210AF0B6F896F92500CE
:10AEE00001210AF0B1F896F937000121BDE8704060
:10AEF0000AF0AAB82146706AF8F77AF896F937008E
:10AF00000121BDE870400AF09FB800BF70B590F80D
:10AF1000343005460E4643B3012B1AD120240021BC
:10AF200095F924308E42B8BF012118460AF08CF8FA
:10AF3000012195F926000AF087F8013C002195F9D6
:10AF400026000AF081F814F0FF044FEA4606E6D125
:10AF500070BD002190F925000AF076F895F92500DA
:10AF60000121BDE870400AF06FB8090E406AF8F799
:10AF70003FF8C6F30741686AF8F73AF8C6F30721C5
:10AF8000686AF8F735F8F1B2686ABDE87040F8F71A
:10AF90002FB800BF30B501F0030183B000230229B0
:10AFA0008176B0F94A40B0F94C208DF8073028D0AE
:10AFB000032920D0012912D0C02590F8441090F820
:10AFC00045308481C2818DF8075001874387012372
:10AFD0000DF107023621FFF7D1FD03B030BD90F827
:10AFE000451090F84730A025C48182818DF8075024
:10AFF00001874387EBE7602590F8481090F84430CC
:10B00000F2E790F8471090F848308481C2810187B8
:10B010004387DCE710B584B0CDE900239DF91840E3
:10B0200002940B464FF4A072F021044600F0DAF8C7
:10B03000044B23602046002384F8473084F84830CE
:10B0400004B010BD64A3040070B50D4682B080F852
:10B05000463000210446164600F004F9F02D48D091
:10B06000872D39D0C6F5A071C5F1F00301EBD17180
:10B0700003EBD373C1F34701C3F3470384F84810CC
:10B0800084F8451084F8473084F84430A4F84A50D6
:10B09000A4F84C601F49204600F0BEF823681E4A01
:10B0A0001B6B934231D194F8445094F84500D4F886
:10B0B0004A10E1600023A37602AA65F30F0360F350
:10B0C0001F43C025A36302F8015D204601233621FA
:10B0D000FFF754FD02B070BDF02EC3D1282142F617
:10B0E0003502342384F84810A4F8442084F847300B
:10B0F000CCE7F02EB6D100234FF4A04284F84830BC
:10B1000084F84730A4F84420C0E72046002198473F
:10B1100002B070BD38A3040095AF0300054B90F852
:10B120004620002908BF194642F2210301648387A3
:10B13000FFF764B90048E801F8B5078F448FBDF800
:10B140001850394489B2224492B20B44013B54193D
:10B15000064643EA0145013C2A2144EA0244FFF73E
:10B1600089FE29463046FFF7D1FE30462B21FFF7F6
:10B1700081FE21463046FFF7C9FE30462C21BDE84E
:10B18000F840FFF777BE00BF10B501F0030182B0B1
:10B1900000230229817690F8444090F845208DF8EC
:10B1A00007301CD0032914D001290CD0C0230487F8
:10B1B00042878DF8073001230DF107023621FFF792
:10B1C000DDFC02B010BDA023448702878DF8073054
:10B1D000F1E76023448702878DF80730EBE70487A7
:10B1E0004287E8E730B585B09DF920409DF92450AD
:10B1F00000949DF92840CDE901540446FFF7DCF89E
:10B20000044B236020460023A4F8443084F84630E1
:10B2100005B030BDC4A304002DE9F041013111F89F
:10B22000015C8046013DEDB28C1CFF2D224640465C
:10B2300015D04F78097807F07F063346FFF75EFD9B
:10B240003B0604EB0601EDD5A05DFF2801F10104EA
:10B2500008BF4FF4FA7006F09DFC2146E2E7BDE816
:10B26000F08100BF03681B4A1B6D93422DE9F0413A
:10B2700080460C462AD11849016442F22103838793
:10B2800090F84620FFF7BAF8F4B12578611C013D2B
:10B29000EDB28C1CFF2D2246404615D04F78097820
:10B2A00007F07F063346FFF729FD3B0604EB060156
:10B2B000EDD5A05DFF2801F1010408BF4FF4FA703D
:10B2C00006F068FC2146E2E7BDE8F08100219847DE
:10B2D000DAE700BF1DB103000048E80100294FF084
:10B2E000000314BF102111211A46FFF707BD00BF4C
:10B2F000704700BF10B5044608F064FF204610BD3B
:10B3000038B50A4B04460D46442240F80C3B002158
:10B310000AF071FF0023A560237104F1540101209C
:10B3200006F00AFF2065204638BD00BF24A40400B3
:10B3300070B504460E46006D4FF0FF3107F06AF914
:10B34000257955B98EB1A660314604F10C0003F0A1
:10B3500029FAB0FA80F56D0925710023206D1A468F
:10B36000194606F00FFD284670BDA668002EF4D0E1
:10B37000EAE700BF70B505464FF0FF31006D07F0FA
:10B3800049F92B7905F10C06F3B100232B713046F6
:10B3900003F00AFB044668B9A968304604F07CFA59
:10B3A000044638B93046A96803F0FCF9044608B9E8
:10B3B00001232B710023286D1A46194606F0E2FC82
:10B3C000B4FA84F0400970BD3046A96804F064FA0C
:10B3D0000446EFE738B504460D46006D4FF0FF31E7
:10B3E00007F018F9294604F10C0004F0DFFE0023F1
:10B3F00005461A46206D194606F0C4FCB5FA85F0DC
:10B40000400938BD70B5036904460D46186D4FF00C
:10B41000FF31164607F0FEF8237D4BB10025226967
:10B420000023106D19461A4606F0ACFC284670BD84
:10B430002069A1692A4633460C3002F055FA20EA09
:10B44000E075ECE770B50369044682B04FF0FF3158
:10B45000186D07F0DFF8257D45BB2069A1690C3028
:10B4600003F04EF902AA0646206902F8015D0123A5
:10B47000A1690C3003F0A2F800282069A169C8BFB7
:10B480009DF80750324600F10C004FF00003D8BF82
:10B490004FF0FF3503F002F922690023106D1946C1
:10B4A0001A4606F06FFC284602B070BD4FF0FF351B
:10B4B000F2E700BF38B5036904464FF0FF31186D5D
:10B4C00007F0A8F8237D4BB1002522690023106DF9
:10B4D00019461A4606F056FC284638BD2069A1696F
:10B4E0000C3003F00FF905462069A1690C3003F018
:10B4F00007F92D1AE9E700BF10B5036904464FF0BC
:10B50000FF31186D07F086F8237D23B92069A16902
:10B510000C3004F041FD22690023106D19461A46D3
:10B52000BDE8104006F02EBC70B50369044682B039
:10B530004FF0FF31186D07F06DF8257D55B1226988
:10B540000023106D19461A4606F01CFC4FF0FF3020
:10B5500002B070BD2069A1690DF1070201230C3012
:10B5600003F02CF8226906462B46106D29462A4620
:10B5700006F008FC002ECCBF9DF807004FF0FF300E
:10B5800002B070BD30B50368164A5B6883B0934261
:10B590008DF807101ED1036904464FF0FF31186D76
:10B5A00007F038F8237D53B1002522690023106D80
:10B5B00019461A4606F0E6FB284603B030BD20695E
:10B5C000A1690C3001230DF1070202F08DF920EA88
:10B5D000E075EAE701220DF1070198470546284684
:10B5E00003B030BD05B4030030B4084C0161002243
:10B5F0004FF47A758560C0E90042027580F820201A
:10B6000080F86020C0E9062230BC704734A40400F2
:10B610002DE9F0410369044694B00D46186D4FF0D2
:10B62000FF31904606F0F6FFA16989B12069267DB9
:10B630000C30002E51D002F043F9A06906F0DEFA7A
:10B64000E0690023A36108B106F0D8FA0023E361A2
:10B65000206901AA0C30294603F05EF8074660BB5A
:10B660009DF804302669112B5BD02C2006F0ACFA33
:10B67000A06180B301462A4606F10C0002F072F880
:10B68000002857D10123237528460BF080FC013098
:10B6900006F09AFA2946E0610BF05FFC26692F213B
:10B6A00028460BF0AFFC203400B1451C294620464B
:10B6B00040220BF086FC012503E0871C266913D08D
:10B6C00000250023306D1A46194606F05BFB28461C
:10B6D00014B0BDE8F0810546F3E704F0D7FCA0699B
:10B6E00006F08CFAA661B3E7B8F1010FE8D1382073
:10B6F00006F06AFAA0610028EDD0014640F203137B
:10B7000006F10C002A4604F093FB074678BB20693B
:10B71000A1690C3002233A4602F0C0FF2669277562
:10B72000BDE7B8F1000F0CD0B8F1010FB7D140F26E
:10B73000031707E0A06906F061FA3D46A761266994
:10B74000BFE70127382006F03FFAA0610028C2D0E9
:10B7500001463B4606F10C002A4604F069FB30B96D
:10B76000B8F1010F266909D00023237597E7A06976
:10B77000002506F043FAA5612669A2E702460223E6
:10B7800006F10C00A16902F089FF2669ECE700BF11
:10B7900070B5036904460D46186D4FF0FF3116462B
:10B7A00006F038FF237D4BB1002522690023106D80
:10B7B00019461A4606F0E6FA284670BD2069A169C6
:10B7C0002A4633460C3002F0F9FE0546EDE700BF8D
:10B7D00070B5036904464FF0FF31186D06F01AFF8B
:10B7E000A16981B12069257D0C30ADB102F068F806
:10B7F000A06906F003FAE0690023A36108B106F02E
:10B80000FDF90023E36122690023106D19461A46F1
:10B81000BDE8704006F0B6BA04F038FCA06906F046
:10B82000EDF9A561EFE700BF2DE9F047804600681C
:10B830001646026A82B0B2420B9F4AD90C461D4698
:10B840008FB92DE0B5FBF1F201FB1252D0F8049054
:10B8500052B3AA1AA3682660626000913146C847B5
:10B86000F8B9D8F80000236841699E42EAD16368BC
:10B870009D42E7D3CA189542E4D2A2EB0509B94527
:10B88000A1680A9828BFB946EB1A19444A46BF1A5C
:10B890000AF08DFC0A9B4B444D440A93002FE0D1E3
:10B8A000002002B0BDE8F087B942D2D8B7FBF1FA68
:10B8B00001FB1A7AA7EB0A0700970A9B2A46314632
:10B8C000C8470028EDD10A9B3B443D440A935746A4
:10B8D000E4E7034B034A044812210AF0BBFB00BF14
:10B8E000D4A4040050A40400F4A404002DE9F04FF3
:10B8F00085B00392002B5AD088460168C9695C1E46
:10B90000A1F108090E9BB4FBF9F50746B3FBF9F664
:10B91000BDB3681E02920AF021FA851CA4EB8505CE
:10B92000029AB5FBF9F56EBBB5424AD90DF10C0A86
:10B930004FF004094FF0010B0AE0012A4BD93B6894
:10B940001B6A9A4247D80BFA04F42D1BB54238D92A
:10B95000AC1BB4FA84F495FAA5F3C4F11F04B3FA4E
:10B9600083F39C4228BF1C46CDE900A9A3004146B1
:10B970003846FFF759FF039A0028DED005B0BDE82E
:10B98000F08FF6B1701E02920AF0E8F90E9B861C49
:10B99000A3EB8606B6FBF9F630460AF0DFF90E9BFC
:10B9A000029A06FB1939A9EB80030E93BCE70F99A5
:10B9B0004FF0FF320A60109A1846136005B0BDE8D8
:10B9C000F08F0F9B1A60109B1A460E9B136000208D
:10B9D00005B0BDE8F08F034B034A04484FF48F6174
:10B9E0000AF038FB64A5040070A40400F4A4040069
:10B9F0002DE9F04F0446D2E900038FB000260890ED
:10BA00000291099304F11409B3460DF1280A08AB19
:10BA1000494653F826701023CDE900A33A46002387
:10BA20002046FFF701FF002839D1BBF1000F63D199
:10BA30000B9B23F00043132B54D92268D269934205
:10BA400050D80EAB4FF0FF3143F81C1D10221846A2
:10BA50005146039304F0E8FC0B9B23F00042102AAC
:10BA600025D0CDE904B610250DF11B081646DDF8EA
:10BA70000CB004E0584604F0D7FCAE4215D00123C8
:10BA8000CDE900833A462B4649462046FFF7CCFED7
:10BA90000122414615440028ECD0DDE904B610F13E
:10BAA000340F1FD00FB0BDE8F08FDDE904B6079B5F
:10BAB000751CBBB905F001050DF1380C0CEB850CBC
:10BAC000029D03959AE80F006F605CF8187CAF60E8
:10BAD0002F46BC461C351027CCF80C7085E80F00AB
:10BAE0004FF0010B7EB1BBF1000F14BF00206FF0CF
:10BAF00033000FB0BDE8F08F029A0A9BD2699B1AFF
:10BB0000002B95DAEEE7012681E700BF2DE9F04F23
:10BB1000984603681B6A87B04345109EDDE911A76C
:10BB200040F2D780002F4AD081468B461546DBF87D
:10BB3000003043454ED0013340F0C580D9F80000B5
:10BB40008269B6FBF2F302FB1363002B3BD1BA42CE
:10BB500039D8B7FBF2F302FB13730393FB1A00937C
:10BB600002938468534632464146A047002840F07D
:10BB7000A380029B002D00F09B80DBB15446371B55
:10BB80009A4408E014F8013B9DF817209A4240F0CF
:10BB90009180A2450ED0012301930DF1170300936C
:10BBA00042463B1929464846FFF73EFE0028E9D0A9
:10BBB000C0F28280029B039F1E44002FB7D1002059
:10BBC00007B0BDE8F08FF31ACBE90083DBF8003053
:10BBD0004345B0D1DBF80420B242ACD8D9F800100C
:10BBE0008C691444B442A6D9A41BBC42DBF80800FB
:10BBF00028BF3C46B21A1044514622460AF0D7FAF2
:10BC0000D9F80000D0F818C02644B6FBFCF30CFBB2
:10BC100013633F1BA244002BCFD1DBF800104B1C59
:10BC2000CBD0DBE90123CDF800C08468A047002811
:10BC300042D1D9F80030DBF808009A696DB3DBE92E
:10BC4000001352B382181B1ACDF808B0CDF80C803F
:10BC50001096044693460E46984607E014F8013BBA
:10BC60009DF817209A4225D1A34528D0012301939E
:10BC70000DF117030093324608EB040329464846AA
:10BC8000FFF7D2FD0028E9D0DDE902B8109E13DBF2
:10BC9000D9F80030DBF808009A69FF210AF0ABFA06
:10BCA0004FF0FF33CBF80030002F7FF440AF86E732
:10BCB0009A447FE76FF0330007B0BDE8F08FDDE90D
:10BCC00002B8109EE4E7064B064A0748B7210AF07F
:10BCD000C1F9064B034A04489C210AF0BBF900BF96
:10BCE000B8A4040060A40400F4A40400D4A40400D4
:10BCF0002DE9F04F90460268126A83B04245DDF8A4
:10BD000030900D9E6CD91EB382460F461D463B688F
:10BD1000984527D001335DD1DAF800008269B5FB80
:10BD2000F2F302FB1353BBB9B24215D8B6FBF2F4DF
:10BD300002FB1464361B0096D0F808B04B462A4626
:10BD40004146D84728B9B14435442646002EDED1B5
:10BD5000002003B0BDE8F08FEB1AC7E900833B6811
:10BD60009845D7D17968A942D4D8DAF800209269E9
:10BD70000A44AA42CED9541BB442B86828BF3446FC
:10BD8000691A0844224649460AF011FADAF8000016
:10BD900082692544B5FBF2F302FB1353361BA14421
:10BDA000002BD3D139684B1CD0D0D7E901C3009206
:10BDB00084686246A0470028CBD1DAF80030B86822
:10BDC0009A69FF210AF017FA4FF0FF333B60002E0B
:10BDD0009DD1BDE7054B064A0648B7210AF03AF95E
:10BDE000054B034A03489C210AF034F9B8A4040027
:10BDF00060A40400F4A40400D4A404002DE9F04FCE
:10BE0000934691B000240122CDE905315B46CBE990
:10BE100009429A468346DAF82830013300F00F8150
:10BE20000AF1240251465846FFF7E2FD0790002828
:10BE30007AD15246DAF80C30DA469346DBF8201015
:10BE400021F00042043A03F10C00824228BF0AF1BB
:10BE5000140980F0AA80002980F2ED800AF114090B
:10BE6000DBE909234FF000080A920B9347460AAB1F
:10BE7000494653F82860102301930CAB00933246D7
:10BE800000235046FFF7D0FC00283FD12FB10C9B78
:10BE9000DBF81C209B1A002B65DB0D9B23F0004375
:10BEA000132B60D9DAF80020D26993425BD810AB2B
:10BEB0004FF0FF3143F81C1D102218460CA90293C5
:10BEC00004F0B2FA0D9B23F00042102A32D00397FF
:10BED000CDF8108010240DF123051746DDF80880F9
:10BEE00004E0404604F0A0FAA74221D00123CDE9A6
:10BEF00000533246234649465046FFF795FC01223F
:10BF0000294614440028ECD0DDE9037810F1340F01
:10BF100029D05B46D3469A46831C40F09380DAF8DA
:10BF2000243001337FF477AF079811B0BDE8F08F6C
:10BF3000DDE90378099B08F10104A3B90CAB10AD4E
:10BF40000FCB04F0010405EB8404102554F8184CC1
:10BF5000CBF808400BF11C04CBF80460CBF80C5074
:10BF600084E80F000127B8F1000F1AD0002F5BD032
:10BF7000DBF82010DBF8182021F00043043B1432DA
:10BF800010201B2BCBF81820CBF80C000CD8002964
:10BF9000FFF666AF5B46D3469A460346059A1360A2
:10BFA000BDE74FF0010862E70346059DDBF804207A
:10BFB000281D0C24CDE9000449465046FFF734FC07
:10BFC0000028A6D16B79A979EA79DBF80C00286002
:10BFD00004330B4413440344CBF80C306A79AC7936
:10BFE000E879DBF818100432224402440A44CBF802
:10BFF00018202A7902F07002202A7FF41FAF0598DA
:10C00000069C81682268914208D0C0686468A0429A
:10C0100004D0A14202D082427FF410AF01230793E3
:10C02000079811B0BDE8F08F6FF0330307930798BE
:10C0300011B0BDE8F08F5A46D3469246AEE70023D2
:10C04000079371E707906FE72DE9F04FA3B0012345
:10C050000691002417A90BAACDE90B438346FFF7ED
:10C06000C7FC079000287DD1209B01337AD0219B0B
:10C07000013377D020AA17A95846FFF7B9FC00284A
:10C080006FD11A9CDA461F9A22F00043043B04F158
:10C090000C018B4228BF0AF1140B80F09380002A18
:10C0A00080F28B800AF1140BDDE9202300250D922C
:10C0B0000E93A8464FF010090DAB594653F8256072
:10C0C000CDF8049013AB0093324600235046FFF79F
:10C0D000ABFB00283FD1B8F1000F04D0139B1E9A90
:10C0E0009B1A002B57DB149B23F00043132B52D9D0
:10C0F000DAF80020D26993424DD822AB4FF0FF31DD
:10C1000043F8601D102213A91846039304F08CF91C
:10C11000149F27F00042102A2AD0CDE9048510246C
:10C120000DF127071546DDF80C8004E0404604F0C9
:10C130007BF9A5421AD00123CDE90073324623468C
:10C1400059465046FFF770FB012239461444002837
:10C15000ECD0DDE9048510F1340F1CD0831CD346EC
:10C1600082D00790079823B0BDE8F08FDDE9048501
:10C170000A9B6C1C7BB913AB0FCB22AF04F00104FC
:10C1800007EB840407E90F0054F8543C1896CDE9F6
:10C1900019394FF001089DB1B8F1000F41D01F9936
:10C1A0001D9A21F00043043B143210241B2B1D92D6
:10C1B0001A9407D80029FFF677AFD3460F9453E7B8
:10C1C000012579E710A80C25CDE90005189A23462A
:10C1D00059465046FFF728FB0028BFD19DF8412063
:10C1E0009DF842509DF843001A9C1D999DF94030DE
:10C1F0000F9404322A4402441444002B0A441A9433
:10C200001D92FFF640AF0822069911A809F0C0FF61
:10C2100000287FF438AF01230793079823B0BDE8C7
:10C22000F08F6FF033030793079823B0BDE8F08FCA
:10C230002DE9F04F97B01C460C9340F6220382463E
:10C240002468536010460892DAE90123D3460A9421
:10C250008260C3608A460A9DBF4928460AF0E6FE0E
:10C260002B4603440446BC49099318460AF07DFE58
:10C270000128079000F07281022800F07881099B64
:10C28000079A9D18CDE90A550124B34928460AF0BA
:10C29000CDFE05442846B0490AF067FE78B1022871
:10C2A00002D001340544F0E72B782E2BF9D16B78BE
:10C2B0002E2BF6D1013CF5D1AB1C0A93CBE7099BA1
:10C2C0001878002800F088800C9A1360089A137977
:10C2D000222B40F05B8102F108031A465146584672
:10C2E0000D93FFF785FB002876D15246DAF80C3023
:10C2F000DA469346DBF8201021F00042043A03F1BD
:10C300000C00824228BF0AF1140980F0A4800029A1
:10C3100080F294800AF1140912ABD0460393CA4606
:10C32000DBE9092300255F4610921193A946AB462D
:10C3300010AB514653F82B5010230193039B0093ED
:10C340002A4600234046FFF76FFA002841D1B9F191
:10C35000000F04D0129BFA699B1A002B58DB139B29
:10C3600023F00043132B53D9D8F80020D26993420D
:10C370004ED816AB4FF0FF3143F81C1D1022184663
:10C380000399049304F050F8139B23F00042102A01
:10C3900027D0CDF81490CDF818B010240DF13B063D
:10C3A0009146DDF810B004E0584604F03DF8A14590
:10C3B00015D00123CDE900632A4623465146404665
:10C3C000FFF732FA0122314614440028ECD0DDE9AF
:10C3D000059B10F1340F1BD017B0BDE8F08FDDE9DD
:10C3E000059B0F9B0BF1010493B9039B7D600FCB61
:10C3F00004F0010416AE06EB8404102554F8184C22
:10C40000BC6007F11C04FD6084E80F004FF00109D7
:10C41000BBF1000F19D0BB46B9F1000F76D0396AD5
:10C42000BA6921F00043043B143210201B2BBA617F
:10C43000F8600DD80029FFF673AF0346089A6FF035
:10C440000100136017B0BDE8F08F4FF0010B6FE7EC
:10C45000D1460346C246089FDBF804200C20391D54
:10C46000CDE9001049465046FFF7DEF90028B3D168
:10C470007B79BA79F879DBF80C403C6004331344DB
:10C4800003442344CBF80C307D79B879FE79DBF88E
:10C4900018102A1D024432440A44CBF818203A7975
:10C4A00002F07F01112902D022297FF423AF0799DE
:10C4B0008E427FF41FAF04342C440444DBF8046044
:10C4C00000295FD0099DCDF80CB012AB641B012789
:10C4D000DDF82CB0984607E015F8013B9DF84820A0
:10C4E0009A4216D15D4519D0CDE9008763193246CD
:10C4F00049465046FFF798F90028EDD0D346DDF8BD
:10C500000CA0FFF669AF089B1A790CE06FF03300BE
:10C5100062E7DDF80CB0DBF80C30EBE6089BD346A5
:10C520001A79DDF80CA013067FF595AEDBF8043020
:10C5300001330BD0DBF80830013307D00D99584692
:10C54000FFF782FD002824D1089B1A79089B02F08E
:10C550007F021A717FE600BF90A504002B5D2E2B91
:10C560007FF48DAE099B079A13440A9373E6099BE7
:10C570001B782E2B7FF483AE099B5B782E2B7FF4E8
:10C580007EAEEFE75B46D3469A46CCE76FF01300EA
:10C5900022E7FFF621AF6FF001001DE72DE9F04F14
:10C5A0004468013493B000F08B8084680134824683
:10C5B00000F0868090468946002101230A910AAA4C
:10C5C00041460B93FFF714FA00287AD143460AF14B
:10C5D000140BC8469946D9F82430581C70D0D9F8A5
:10C5E0002820511C6CD0D8F8001099426CD0D8F893
:10C5F0000400904268D0834266D0914264D0CDE975
:10C600000C32002503950EAFCDF810800CAB5946C7
:10C6100053F825601023CDE90073324600235046BD
:10C62000FFF702F9002840D1039B2BB10E9BD9F8EC
:10C630001C209B1A002B3BDB0F9B23F00043132B8A
:10C6400036D9DAF80020D269934231D812AB4FF0D4
:10C65000FF3143F8241D102218463946059303F094
:10C66000E3FE0F9B23F00042102A33D00695CDF84D
:10C670001C9010240DF123081546DDF8149004E0F9
:10C68000484603F0D1FEA54222D00123CDE9008324
:10C690003246234659465046FFF7C6F80122414626
:10C6A00014440028ECD0DDE9065910F1340F08D10C
:10C6B00065B3DDE90338002B8DD16FF0330000E066
:10C6C000002013B0BDE8F08F012013B0BDE8F08F5B
:10C6D000DDE90659099B6C1C002BE9D197E80F0096
:10C6E00004F001040DF1480C0CEB8404C9F804605B
:10C6F00054F8184CC9F80840102609F11C04C9F870
:10C700000C6084E80F0001230393D1E701257DE746
:10C710002DE9F04F4FF0010BA1B081468A464FF052
:10C720000008D9E90C52D9F8384013E05109531CDC
:10C73000601ED9F83C60C9F83430C9F8380056F8A2
:10C74000217002F01F010BFA01F1394200F07181F2
:10C7500004461A469542E9D1002C00F01383D9F81B
:10C760000020D9F82C30D9F83C00D2E908121D4439
:10C77000944228BF1446B5FBF1F301FB1355C9F8E9
:10C780003480C9F83040D208C9F82C50002109F093
:10C7900032FDD9F804300133C3D0D9F80830013361
:10C7A000BFD015AA01230592524609F11407CA46C3
:10C7B000CDF834800E9300249146DAF80060DAF860
:10C7C0002C20316ADAF830508A1A1444B4FBF1F0A4
:10C7D00001FB1040A84212D2DAF83C10440900F0E4
:10C7E0001F0351F824200BFA03F3134341F82430BC
:10C7F000316ADAF82C200E9BDAF830508A1A1A4483
:10C80000B2FBF1F301FB1322AA420BD25409DAF86E
:10C810003C0002F01F0250F824100BFA02F30B4305
:10C8200040F824300DAA05995046FFF7E1F800289A
:10C8300040F0BA81CDF81C900C26B946189B12AC7A
:10C840001CE0169ACDE9004649465046FEF7ECFF3B
:10C85000002840F0A9819DF849309DF84A209DF8B4
:10C860004B001899043313449DF84820034402F008
:10C8700070020B44102A189300F089821D9A22F04E
:10C880000042043A03F10C019142DAD9DDE91E437A
:10C89000601C4F46CDE90D43DDF81C9001D0591CBA
:10C8A0008BD14B46D1469A46D9F80C50002D3FF417
:10C8B00038AFCDF824A0AA46DAF81C30DA0340F1EC
:10C8C0009C81DAF81440002C00F09781D9F8001010
:10C8D000CD69013C083DB4FBF5F3069353B1581EF6
:10C8E000059109F03BFA05990230A4EB8004B4FBF2
:10C8F000F5F30693DAF810300593D9F82C400B6A5B
:10C90000D9F83000059A1A44141BB4FBF3F203FB68
:10C91000124383420BD25C09D9F83C0003F01F0399
:10C9200050F824200BFA03F3134340F82430069BFD
:10C93000002B00F0608103F00103C3F102030A6AD7
:10C9400007939D00059B934280F012810FAF002456
:10C9500008461A4620E0D9F81430059A46699A42EA
:10C9600000F0CF82B4FBF6F2436806FB12429C460D
:10C97000002A00F0EC820599D9F81C30C9F814108F
:10C98000A21AC9F8182000966646B047002840F061
:10C990000B81D9F80000059ADAF82C309A42DAD1E6
:10C9A000DAF83020A242D6D883691344A342D2D900
:10C9B0001B1BDAF83410AB4228BF2B46A21A1144D5
:10C9C0001E461A463846AD1A09F0F1FB3444374486
:10C9D000D9F80000002DDED1079B5D1E012D014618
:10C9E000036AD9E90B4019D10F9A121BD618B6FB6E
:10C9F000F3F203FB1262824210D25409D9F83C00D0
:10CA000002F01F0350F8242005FA03F3134340F803
:10CA10002430D9F82C400B6AD9F8300020AA02EB58
:10CA20008505DDE90626921B069255F8442C0592F1
:10CA300069E7D9F80000D9F82C10076A0A44AB421C
:10CA4000B2FBF7F107FB112206921BD0590903F044
:10CA50001F0256F82110012707FA02F20A4211D0EC
:10CA6000023C0AE0590903F01F0256F821100BFAA4
:10CA700002F20A4204F1FF3404D00133AB42C9E9A7
:10CA80000D34EFD1C368069998470346079038B133
:10CA900013F1340F3FF443AE184621B0BDE8F08FD8
:10CAA000DAF82830D9F80000002B00F08180DAF89D
:10CAB0002440036A09F114029C42089258D215AB33
:10CAC0000593079F09F1200309933D46DDF8148083
:10CAD00017E0D9F8143041699C424FD0B5FBF1F210
:10CAE00001FB1252002A54D0D9F81C300091AA1A26
:10CAF000C9E9054246682146B047002854D1D9F813
:10CB00000000DAF82C309C42E3D1DAF83030AB4246
:10CB1000DFD886691E44AE42DBD9DAF83410761BC2
:10CB2000012E28BF0126EB1A3246404619443544EF
:10CB3000B044C6F1010609F03AFB002EDFD1012313
:10CB40000293059BDDE90821CDE900734846069B69
:10CB5000FEF7DCFF002849D1DAF82830D9F80000C8
:10CB60000137BB4224D9DAF82440036A9C42ACD393
:10CB7000AC4BAD4AAD48122109F06CFAD9F8183027
:10CB8000AB42ABD85E18AE42A8D9761BD9F81C10C0
:10CB9000C6E70129A8D801230093214643462A4627
:10CBA0004468A0470028CAD0079021B0BDE8F08FA4
:10CBB0008269D9F82810DAF8340009F0F8FAD9E9CE
:10CBC0000813D9F80020D9F828009269CAE90B1394
:10CBD000FF2109F010FB4FF0FF33C9F82030079810
:10CBE000069BCAF8243021B0BDE8F08F10F1340F55
:10CBF0003FF495ADD8E7DAF81C309B0340F1B980DB
:10CC0000DAF82040002C00F0B480D9F80010CD698B
:10CC1000013C083DB4FBF5F3069353B1581E059152
:10CC200009F09CF805990230A4EB8004B4FBF5F3FD
:10CC30000693DAF824300593D9F82C400B6AD9F81A
:10CC40003000059A1A44141BB4FBF3F203FB1243A1
:10CC500083420BD25C09D9F83C0003F01F0350F863
:10CC600024200BFA03F3134340F82430069B002BD7
:10CC70007FD003F00103C3F102030A6A07939D000A
:10CC8000059B9342BFF474AF0FAF002408461A46C9
:10CC900020E0D9F81430059A46699A4200F04481A0
:10CCA000B4FBF6F2436806FB12429C46002A00F0F1
:10CCB00064810599D9F81C30C9F81410A21AC9F872
:10CCC000182000966646B04700287FF46DAFD9F86B
:10CCD0000000059ADAF82C309A42DAD1DAF83020DE
:10CCE000A242D6D883691344A342D2D91B1BDAF8D7
:10CCF0003410AB4228BF2B46A21A11441E461A46D6
:10CD00003846AD1A09F053FA34443744D9F80000D4
:10CD1000002DDED1079BD9F82C405D1E012D014668
:10CD2000036AD9F8300019D10F9A121BD618B6FB36
:10CD3000F3F203FB1262824210D25409D9F83C008C
:10CD400002F01F0350F8242005FA03F3134340F8C0
:10CD50002430D9F82C400B6AD9F8300020AA02EB15
:10CD60008505DDE90626921B069255F8442C0592AE
:10CD700068E7DAF800A0BAF1000F7FF49DADDDF8A6
:10CD800024A0CEE46FF01B030793184685E6149C9D
:10CD9000002C3FF454ADDAF80010CD69013C083D99
:10CDA000B4FBF5F3089353B1581E069108F0D6FF73
:10CDB0000699831CA4EB8303B3FBF5F30893139B41
:10CDC0000693DAF82C500B6ADAF83040069ACDF860
:10CDD0002C9008461A44551BB5FBF3F203FB125383
:10CDE000A3420BD25C09DAF83C1003F01F0351F8A0
:10CDF00024200BFA03F3134341F82430089B002B43
:10CE000000F0E78003F00103C3F10203026A099313
:10CE10009C00069B9342BFF4ABAE0DF13C0900258C
:10CE200020E000BFD4A4040050A40400F4A4040033
:10CE30004368B5FBF1F201FB12529C46002A00F058
:10CE4000B280069FCAF81470AA1ADAF81C30CAF821
:10CE50001820009139466746B84700287FF4A4AEF1
:10CE6000DAF80000DAF81430069A41699A42DFD104
:10CE7000DAF81830AB42DBD85A18AA42D8D9521B7C
:10CE8000DAF81C10A242A5EB030328BF224648464D
:10CE900019441746A41A154409F089F9B944DAF877
:10CEA0000000002CDED1099BDAF82C50DAF8304073
:10CEB000591E0129036A19D10F9A521B1A44B2FB59
:10CEC000F3F703FB1722A24210D2DAF83C505709BD
:10CED00002F01F0355F8274001FA03F3234345F8F6
:10CEE0002730DAF82C50036ADAF8304020AA02EB37
:10CEF0008101DDE90827D21B089251F8442C0692E3
:10CF000068E7D9F81830A3423FF62CAD9A19A2422F
:10CF10007FF628AD121BD9F81C10AA4228BF2A465A
:10CF2000E31A164619444DE5D9F81830A3423FF6E6
:10CF3000B7AE9A19A2427FF6B3AE121BD9F81C10F5
:10CF4000AA4228BF2A46E31A16461944D8E6B54233
:10CF5000FFF411ADB5FBF6F306FB1353ED1A08937E
:10CF600000953B46224605996646B04700287FF467
:10CF70001BAE2F442C44089D2AE5B542FFF499AE20
:10CF8000B5FBF6F306FB1353ED1A089300953B46E9
:10CF9000224605996646B04700287FF405AE2F4427
:10CFA0002C44089DB2E68C42FFF44BAFB4FBF1F782
:10CFB00001FB1743E41A0A9300944B462A4606994C
:10CFC0006746B84700287FF4EFADA14425440A9C8A
:10CFD00065E7DDF82C9031E42DE9F04FD0E90C63E2
:10CFE000A1B04FF0010901F1040801F10C0204465F
:10CFF0000392CA460491C3464FF000082746B96B16
:10D000000FE05A090139581CFD6BB963786355F874
:10D01000224003F01F0209FA02F2224200F0658169
:10D0200003469E42EDD1002900F0BA813A68FB6ABE
:10D03000D2E908021E44914228BF1146B6FBF0F324
:10D0400000FB13663963C7F83480D208FE62002102
:10D05000F86B09F0D0F87B68013300F09881BB6869
:10D06000013300F09481CDE90D8A07F11406CDF863
:10D0700014B001230024B3463E68FA6A306A3D6B5F
:10D08000821A1444B4FBF0F100FB1141A9420FD203
:10D09000F86B4C0901F01F0350F8242009FA03F340
:10D0A000134340F82430FA6A306A0E9B3D6B821AB3
:10D0B0001A44B2FBF0F300FB1323AB420AD2580927
:10D0C000F96B03F01F0351F8202009FA03F313430F
:10D0D00041F820300DAA15A93846FEF789FC002832
:10D0E00040F050815B460C26BB461F46189B12AC95
:10D0F0001CE0169ACDE9004639465846FEF794FBE7
:10D10000002840F03F819DF849309DF84A209DF865
:10D110004B001899043313449DF84820034402F04F
:10D1200070020B44102A189300F03D811D9A22F0E2
:10D130000042043A03F10C019142DAD93B465F46C2
:10D140009B46DDE91E43601CCDE90D4301D0591C0F
:10D1500092D1FD68DDF814B0002D00F01881CDF8F3
:10D1600028B0AB460CE09B0304D5DBF82040002C34
:10D1700040F0F681DBF800B0BBF1000F00F0058154
:10D18000DBF81C30DA03EED5DBF81440002CEAD0D3
:10D190003B68DD69013C083DB4FBF5F2079252B1F2
:10D1A000501E059308F0DAFD0230A4EB8004B4FBB6
:10D1B000F5F30793059BDBF810200592FC6A1A6AC9
:10D1C000386B0599CDF818B011440C1BB4FBF2F183
:10D1D00002FB114282420AD25409F86B02F01F028C
:10D1E00050F8241009FA02F20A4340F82420079A62
:10D1F000002A00F0A28202F00102C2F10202196AC2
:10D2000008929500059A8A4280F09F820DF13C0BAE
:10D210000024069A0599D26A914222D07A6905982B
:10D220005969904200F07181B4FBF1F2586801FB3A
:10D2300012428446002A00F07B81FE6905987861DD
:10D24000A21ABA6118460091334605996646B0475E
:10D25000002840F09780069A0599D26A3B6891426F
:10D26000DCD1069A106BA042D8D89A690244A24237
:10D27000D4D90993069B121B596BAA4228BF2A4690
:10D28000201A164601445846AD1A08F090FF099B33
:10D290003444B344002DBCD1089A551E012DD7E962
:10D2A0000B401A6A16D10F99091B1144B1FBF2F613
:10D2B00002FB161181420DD2FC6B4E0901F01F02D8
:10D2C00054F8260005FA02F2024344F82620D7E972
:10D2D0000B401A6A20A901EB8505DDE90716891BB9
:10D2E000079155F8441C05916EE73968FA6A096A96
:10D2F0001344B3FBF1F201FB12334BF8043BD7E9C3
:10D300000C63B3423C461BD0590903F01F0255F889
:10D3100021100AFA02F20A4212D0B86B01380AE070
:10D32000590903F01F0255F8211009FA02F20A42C6
:10D3300000F1FF3004D00133B342C4E90D30EFD126
:10D34000039A5A457FF458AEDDF810B004210BF172
:10D350001C03DBF804202046CDE90031002304F152
:10D360001401FEF761FAA8B9DBF81C304FF0FF3268
:10D37000CBE90922142001331021CBE90730CBF887
:10D380000C10002021B0BDE8F08FDDF828B0D7E9FF
:10D390000C6334E610F1340FE6D021B0BDE8F08F15
:10D3A0006FF01B00EEE7149C002C3FF4A0AEDBF8FE
:10D3B0000010CD69013C083DB4FBF5F3089353B16F
:10D3C000581E069108F0CAFC0699831CA4EB83033F
:10D3D000B3FBF5F30893139B0693DBF82C500B6A11
:10D3E000DBF83040069A0B9708461A44551BB5FBEC
:10D3F000F3F203FB1253A3420BD25C09DBF83C109F
:10D4000003F01F0351F8242009FA03F3134341F8F2
:10D410002430089B002B00F08E8103F00103C3F140
:10D420000203026A09939D00069B934280F08D815E
:10D430000FAB0793002718E04368B7FBF1F201FB3D
:10D4400012729C46002A00F05E81069CCBF81440C4
:10D45000BA1ADBF81C30CBF818200091214664463C
:10D46000A04700288ED1DBF80000DBF81430069AC4
:10D4700041699A42E0D1DBF81830BB42DCD85A1837
:10D48000BA42D9D9D21BDBF81C100798FB1AAA4262
:10D4900028BF2A4619441446AD1A174408F087FEDF
:10D4A000079B23440793DBF80000002DDDD1099B87
:10D4B000DBF82C50DBF83040591E0129036A19D1E2
:10D4C0000F9A521BD718B7FBF3F203FB1272A2425A
:10D4D00010D25509DBF83C4002F01F0254F8253009
:10D4E00001FA02F2134344F82530DBF82C50036AAA
:10D4F000DBF8304020AA02EB8101DDE90827D21BCE
:10D50000089251F8442C06926FE7BA69A2423FF69E
:10D510008BAE5018A0427FF687AE001BF9690993C5
:10D52000A84228BF2846A21A114406460246AAE687
:10D530008D42FFF482AEB5FBF1F601FB1652AD1A37
:10D540000992184600955B46224605996646B04703
:10D5500000287FF417AFAB442C443B68099D99E643
:10D560003B68DD69013C083DB4FBF5F2069252B11F
:10D57000501E059308F0F2FB0230A4EB8004B4FBCC
:10D58000F5F30693059BDBF824200592FC6A1A6AE2
:10D59000386B0599CDF81CB011440C1BB4FBF2F1AB
:10D5A00002FB114282420AD25409F86B02F01F02B8
:10D5B00050F8241009FA02F20A4340F82420069A8F
:10D5C000002A00F0BF8002F00102C2F10202196AD3
:10D5D00008929500059A8A4280F0B7800DF13C0BC5
:10D5E0000024079A0599D26A914220D07A69059859
:10D5F000596990425FD0B4FBF1F2586801FB1242C6
:10D600008446002A68D0FE6905987861A21ABA613A
:10D6100018460091334605996646B04700287FF4C6
:10D62000B1AE079A0599D26A3B689142DED1079A5A
:10D63000106BA042DAD89A690244A242D6D9099363
:10D64000079B121B596BAA4228BF2A46201A16466E
:10D6500001445846AD1A08F0AAFD099B3444B3446E
:10D66000002DBED1089A551E012DD7E90B401A6A2C
:10D6700016D10F99091B1144B1FBF2F602FB1611EA
:10D6800081420DD2FC6B4E0901F01F0254F82600B6
:10D6900005FA02F2024344F82620D7E90B401A6A41
:10D6A000089E20A901EB85050699891B069155F86E
:10D6B000441C059170E7BA69A2429CD85018A04258
:10D6C00099D9001BF9690993A84228BF2846A21AD4
:10D6D000114406460246BCE78D4294D3B5FBF1F6F1
:10D6E00001FB1652AD1A0992184600955B46224678
:10D6F00005996646B04700287FF444AEAB442C44FD
:10D700003B68099DACE78D42FFF49FAEB5FBF1F499
:10D7100001FB1453ED1A0A930095079B06993A46AC
:10D720006446A04700287FF42DAE079B2B442F446E
:10D7300007930A9DB7E60B9FD8E4DDF818B0DBF835
:10D740001C3010E5DDF81CB014E5034B034A044817
:10D75000122108F07FFC00BFD4A4040050A40400F0
:10D76000F4A404002DE9F04F95B014AB054643F83E
:10D77000342DD0E90162C1E901620CAA0C46FEF722
:10D7800057FD834600285FD19DF83430222B40F0AE
:10D790008E80DDE90E23CDE90A2305F114088146C8
:10D7A00002900DF1400A03900AAB414653F82970EC
:10D7B0001023CDE900A33A4600232846FEF734F8AB
:10D7C00000283DD1029B23B1109BE2699B1A002BDC
:10D7D00058DB119B23F00043132B53D92A68D269DD
:10D7E00093424FD814AB4FF0FF3143F82C1D102259
:10D7F00018465146049302F017FE119B23F0004295
:10D80000102A27D0CDE9059410260DF1230B1446DC
:10D81000DDF8109004E0484602F006FEB44217D04E
:10D820000123CDE900B33A46334641462846FDF789
:10D83000FBFF0122594616440028ECD0DDE905948F
:10D8400010F1340F1ED08346584615B0BDE8F08F56
:10D85000DDE90594099B09F101069BB99AE80F00DF
:10D8600006F001060DF1500C0CEB8606676056F8C9
:10D87000286CA660102704F11C06E76086E80F00FC
:10D8800001230293B9F1000F14D0DDE9023BA3B1EB
:10D89000D4E901122B69216162610E2110225846E0
:10D8A000A161E26023602C6115B0BDE8F08F6FF0DC
:10D8B000130BC9E74FF0010976E76FF0330BC3E7AD
:10D8C000026942B18A4203D107E0994207D01A4661
:10D8D0001368002BF9D10020704700F110020B688B
:10D8E00013600020704700BF2DE9F04FA9B00992E6
:10D8F000CA690A9302F00304012C00F02684540341
:10D900008A46834602F4003300F1E882100507D509
:10D91000DAF81420DAF82010914238BFCAF8202033
:10D92000002B00F0E5820A9B1846002B00F0F181E5
:10D930000AF12C0305930A9B0B93D0464FF0010983
:10D94000DA46D8F81C30990300F19F81D8F82010EE
:10D95000002940F0F482D3465BF8143B1D6ACAF8F4
:10D960003850D8E90823CDF8308006921493D04679
:10D970004FF0000AD8E90C1413E06209631C681E1A
:10D98000D8F83C60C8F83430C8F8380056F822702F
:10D9900004F01F0209FA02F23A4200F0C181054682
:10D9A0001C46A142E9D1002D00F0F182D8F80020F8
:10D9B000D8F82C30D2E908021944954228BF154600
:10D9C000B1FBF0F300FB1311C8F82C10C8F834A019
:10D9D000C8F83050D2080021D8F83C0008F00BFC01
:10D9E000D8F80430013300F02082D8F80830013331
:10D9F00000F01B8201231DADCDF854A01693002426
:10DA00000C272E46D8F800C0D8F82C20DCF82000CF
:10DA1000D8F83050821A1444B4FBF0F100FB1141E5
:10DA2000A94213D2D8F83C004C0901F01F0350F86A
:10DA3000242009FA03F3134340F82430DCF82000D3
:10DA4000D8F82C20169BD8F83050821A1A44B2FB12
:10DA5000F0F300FB1323AB420BD25809D8F83C106B
:10DA600003F01F0351F8202009FA03F3134341F890
:10DA7000203015AA31464046FDF7BAFF002840F095
:10DA8000BD811AAC0D96209B1CE01E9ACDE9004783
:10DA900059464046FDF7C8FE002840F0AF819DF88A
:10DAA00069309DF86A209DF86B0020990433134477
:10DAB0009DF86820034402F070020B44102A209362
:10DAC00000F06A82259A22F00042043A03F10C0128
:10DAD0009142DAD9DDE92643621C0D9ECDE915435A
:10DAE00001D05D1C8ED1D8F80C50002D00F09D8126
:10DAF000CDF83CB0AB460CE0990304D5DBF82040F0
:10DB0000002C40F03B83DBF800B0BBF1000F00F0CD
:10DB10008A81DBF81C30D803EED5DBF81440002CEA
:10DB2000EAD0D8F80010CD69013C083DB4FBF5F30C
:10DB3000089353B1581E079108F010F90799023065
:10DB4000A4EB8004B4FBF5F30893DBF810300793E3
:10DB5000D8F82C400B6AD8F83000079A1A44141BE6
:10DB6000B4FBF3F203FB124383420BD25C09D8F8F7
:10DB70003C0003F01F0350F8242009FA03F3134379
:10DB800040F82430089B002B00F0048403F00103CC
:10DB9000C3F102030A6A0D939D00079B934280F034
:10DBA000F38317AF00240846DBF82C30079A9A421B
:10DBB00024D0D8F81430079A46699A4200F0AB8214
:10DBC000B4FBF6F2436806FB12429C46002A00F0C2
:10DBD000BF820799D8F81C30C8F81410A21AC8F8E8
:10DBE000182000966646B047002840F00781DBF811
:10DBF0002C30079AD8F800009A42DAD1DBF83020AE
:10DC0000A242D6D883691344A342D2D91B1BDBF8A6
:10DC10003410AB4228BF2B46A21A11441E461A46A6
:10DC20003846AD1A08F0C3FA34443744D8F8000037
:10DC3000002DB9D10D9B5D1E012D0146036AD8E967
:10DC40000B4017D1179A121BD618B6FBF3F203FB41
:10DC5000126282420ED25409D8F83C0002F01F032F
:10DC600050F8242005FA03F3134340F82430D8E990
:10DC70000B400B6A0D9E28AA02EB8505089A921BA1
:10DC8000089255F8442C079268E7D346D8F82850F4
:10DC90005BF8143BDE69B5423FF460AED8F824402F
:10DCA0000B9B059F761B9E4228BF1E462346099C60
:10DCB0000CE010F1340F40F0368141465046FEF73B
:10DCC00027FD002840F02F81D8E90935CDE901462C
:10DCD00000955A4639465046FDF718FF0028E8D10E
:10DCE000D8F82020D8F82830DAF80010324433442D
:10DCF000096AC8F82020C8F82830099A0B9BCAF88E
:10DD0000381032449B1B09920B937FF41AAE0A9889
:10DD1000C246DAF81C3023F40023CAF81C3075E040
:10DD2000D8F80000D8F82C20076A14448B42B4FBC2
:10DD3000F7F207FB124420D04FEA531C03F01F02F6
:10DD400056F82CC04FF0010E0EFA02F212EA0C0F38
:10DD500013D0023D0CE04FEA531C03F01F0256F8AB
:10DD60002CC009FA02F212EA0C0F05F1FF3504D0BB
:10DD700001338B42C8E90D35EDD1012C40F2F2821E
:10DD8000A742C0F0EF82C36821469847002840D1DF
:10DD9000069BD8F80070002B00F0D0811A46FB6972
:10DDA000561EA3F1080AB6FBFAF5002D40D1721CED
:10DDB0009342069251D01346002A00F0A7819A465A
:10DDC00000251DAE059F0EE00123CDE901630095FE
:10DDD00023465A4639464046FDF798FEC8B90135F4
:10DDE000AA4500F0CC800123CDE90063149A2B46AC
:10DDF00059464046FDF718FD0028E5D0DDF830A073
:10DE0000DAF81C3043F40023CAF81C3029B0BDE80E
:10DE1000F08F10F1340FF1D14FF0FF33C8F82030FC
:10DE2000D8F83850A4E5DDF83CB0D8F83850A1E572
:10DE3000681E069307F092FF851CA6EB8505B5FBCF
:10DE4000FAF5284607F08AFF05FB1A66069BA6EB43
:10DE50008006721C93420692ADD16E1C96FAA6F310
:10DE6000B3FA83F30793013300250DF1500A0893A9
:10DE70000426AF005A46CDE901A60097234605992E
:10DE80004046FDF743FE149A0028C2D1079BAB42DF
:10DE900009D0CDE900A63B4659464046FDF7C4FCF3
:10DEA0000028ABD1149A012A40F26382D8F800709E
:10DEB0003B6A9342C0F05D82089B0135AB42D8D8E3
:10DEC000C246DDF830809D00C8E90945D8F81C300D
:10DED000FE6943F40033C8F81C30E1E64FF0FF352B
:10DEE00022F48024CD62CC61FBB912053FF510AD60
:10DEF000DAF82040DAF814309C427FF614ADCAF804
:10DF00002030002501230DF14F02514658468DF86F
:10DF10004F50FFF7E9FC0028FFF678AFDAF8203021
:10DF20009C42EFD8FFE4C2466AE700F043FA0028BB
:10DF30007FF46CAFDAF81C2002F40033E6E4013918
:10DF400008F1240008F12804D8E904230091CDE960
:10DF5000010405995046FDF7C9FC0028E3D1DAF821
:10DF60000030D8F834009A69D346FF2108F043F90D
:10DF70004FF0FF325BF8143BC8F82C20EEE4C246A9
:10DF8000DDF83080DAF80070C8E909459EE7DDF871
:10DF900030A06FF01B0033E71C9E002E3FF492ADC3
:10DFA000D8F80010CD69013E083DB6FBF5F30E939D
:10DFB00053B1581E079107F0D1FE0799831CA6EBB9
:10DFC0008303B3FBF5F30E931B9B0793D8F82CC088
:10DFD000D8F83050079A0B6ACDF844B0084661462D
:10DFE0001A44511AB1FBF3F203FB1213AB420BD2EA
:10DFF0005D09D8F83C1003F01F0351F8252009FAF9
:10E0000003F3134341F825300E9B002B00F0B88139
:10E0100003F00103C3F10203026A0F939E00079B02
:10E02000934280F0B18117AB08934FF0000B1AE0D8
:10E030004368BBFBF1F201FB12B29C46002A00F0E0
:10E040007981079DC8F81450ABEB0202D8F81C3058
:10E05000C8F81820009129466546A84700287FF493
:10E06000CDAED8F80000D8F81430079A41699A422A
:10E07000DED1D8F818305B45DAD85A185A45D7D9C6
:10E08000A2EB0B02D8F81C100898ABEB0303B242CA
:10E0900028BF324619441546B61A934408F087F84B
:10E0A000089B2B440893D8F80000002EDBD10F9B6F
:10E0B000D8F82C10D8F830505E1E012E036A1AD101
:10E0C000179A521A02EB030CBCFBF3F203FB12C2C9
:10E0D000AA4210D25509D8F83C1002F01F0251F89C
:10E0E000253006FA02F2134341F82530D8F82C10F7
:10E0F000036AD8F8305028AA02EB860CDDE90E2618
:10E10000921B0E925CF8442C079269E7C2461546B2
:10E11000DDF8308038E7D8F81830A3423FF650AD2C
:10E120009A19A2427FF64CAD121BD8F81C10AA42D5
:10E1300028BF2A46E31A1646194471E5C246DDF89F
:10E1400030801D46C8E90943C0E66FF008005DE66F
:10E15000B542FFF43EADB5FBF6F306FB1353ED1AE3
:10E160000E9300953B46224607996646B047002825
:10E170007FF444AE2F442C440E9D57E5D8F8001090
:10E18000CD69013C083DB4FBF5F3089353B1581E2B
:10E19000079107F0E3FD07990230A4EB8004B4FB7C
:10E1A000F5F30893DBF824300793D8F82C400B6A7A
:10E1B000D8F83000079A1A44141BB4FBF3F203FB9F
:10E1C000124383420BD25C09D8F83C0003F01F03D2
:10E1D00050F8242009FA03F3134340F82430089B35
:10E1E000002B3FF490AC03F00103C3F102030A6A71
:10E1F0000D939D00079B934280F0C68017AF0024CB
:10E200000846DBF82C30079A9A4222D0D8F814300E
:10E21000079A46699A4267D0B4FBF6F2436806FB58
:10E2200012429C46002A70D00799D8F81C30C8F8D2
:10E230001410A21AC8F8182000966646B0470028A5
:10E240007FF4DCADDBF82C30079AD8F800009A4256
:10E25000DCD1DBF83020A242D8D883691344A34232
:10E26000D4D91B1BDBF83410AB4228BF2B46A21AB3
:10E2700011441E461A463846AD1A07F098FF34443A
:10E280003744D8F80000002DBBD10D9BD8F82C40A6
:10E290005D1E012D0146036AD8F8300019D1179A86
:10E2A000121BD618B6FBF3F203FB1262824210D2A5
:10E2B0005409D8F83C0002F01F0350F8242005FA56
:10E2C00003F3134340F82430D8F82C400B6AD8F8F5
:10E2D00030000D9E28AA02EB8505089A921B089231
:10E2E00055F8442C079266E7D8F81830A34293D823
:10E2F0009A19A24290D9121BD8F81C10AA4228BF22
:10E300002A46E31A16461944B5E7B5428CD3B5FB45
:10E31000F6F306FB1353ED1A0E9300953B46224687
:10E3200007996646B04700287FF468AD2F442C4417
:10E330000E9DA6E78E42FFF484AEB6FBF1F501FB1D
:10E340001563F61A10930096089B07995A4665467E
:10E35000A84700287FF452AD089B3344B344089388
:10E36000109EA0E60D4B0E4A0E4840F28C4107F07D
:10E3700071FE0D4B0A4A0B4840F2D34107F06AFE8A
:10E38000DDF844B0FFF77FBB084B094A054812216E
:10E3900007F060FEDBF81C30FFF7AEBBB8A5040049
:10E3A00080A40400F4A4040064A50400D4A4040020
:10E3B00050A404002DE9F04F8A4699B0064606F1B4
:10E3C0001404DAF8207005942C2200210AA807977B
:10E3D00007F011FF94E807004FF0FF35DAE9043445
:10E3E0000DF154097561DAF820500E9389E80700A1
:10E3F000DAF81410129701238D420F9411936DD205
:10E400009F033BD4129A0F9B9A4247D20DF12708E3
:10E410000DF14C0B1BE03368149DDF69BD421BD02E
:10E420007C1B012C28BF0124CDF80080139A019495
:10E430002B4649463046FDF7F7F9A04460BB129AD7
:10E44000149B2244AF421C441292149426D1119B77
:10E450005C0349463046DED4DDE90E4314AD00923C
:10E46000CDE901B52246FDF741FAA8B9119B326802
:10E47000149DD76943F480231193D1E75D0305D53B
:10E4800023F480234FF0FF32119315920AA93046EE
:10E49000FFF790FF0028B5D000281CDB01230DF109
:10E4A000270251463046FFF71FFA002813DB736935
:10E4B000013303D04FF0FF3315937361DAF8202056
:10E4C000DAF814309A4209D2119B03F00302022AAF
:10E4D00096D16FF0080019B0BDE8F08F0DF1270B51
:10E4E0004FF00109DAF82C104B1C4AD03068DAF8EA
:10E4F00034308469DAF8302000948468A04720BB67
:10E500003368DAF82C809A69DAE90C75002A4DD064
:10E510002C46CDF818A015443F1BDDF814A007E0E9
:10E5200014F8013B9DF827209A421AD1AC421BD027
:10E53000CDE900B93B19424651463046FDF774F922
:10E540000028EDD0DDF818A032DA10F1340FC2D176
:10E5500051463046FEF7DCF80028C3D019B0BDE8BC
:10E56000F08FDDF818A0F3E7DDF818A03368DAF8CB
:10E5700034009A69FF2107F03EFE4FF0FF33CAF8DE
:10E580002C30DAF81C3023F40033DAE9082143F4A4
:10E590008033CAF81C30079BCAF810100020CAF854
:10E5A0001420CAF8203019B0BDE8F08F2846E1E702
:10E5B0003368DAF834009A69DCE700BF2DE9F04FE0
:10E5C0000D46C969074601F00300022887B061D0F3
:10E5D0008803904647D42A6A69698A423FD2891AD9
:10E5E00099420E4628BF1E460596002E4ED005F1D4
:10E5F0002C0905F1280B05F1240A1AE03C68AB6AE6
:10E60000E469A3421AD0E41AB44228BF34466A6AC5
:10E61000CDF80080019449463846FDF705F9A0443D
:10E62000F0B92A6AAB6A22442344361B2A62AB62E1
:10E630002CD0EB695B0349463846DFD4D5E9044367
:10E640000092CDE901AB2246FDF750F940B9EA69E5
:10E650003968AB6ACC6942F48022EA61D3E70020D2
:10E6600007B0BDE8F08F4A0305D521F480214FF0B3
:10E67000FF32E961EA62294638460593FFF79AFEC0
:10E68000059B0028A7D007B0BDE8F08F059807B01C
:10E69000BDE8F08F6FF00800E2E700BF70B50C46F0
:10E6A000C96916464A031D4605D521F480214FF05D
:10E6B000FF33E161E3628B0304D52146FFF77AFE65
:10E6C00000B170BD15B93046266270BD012D03D072
:10E6D000022D07D0206A70BD002E206A0BDB30446B
:10E6E000206270BD002E6069F9DA73428342F6D968
:10E6F0006FF0150070BD73429842F0D2F8E700BF8A
:10E70000086A7047CB6948699B0303D50B6A984236
:10E7100038BF1846704700BFF0B595B014AB15462A
:10E7200043F8441D05AA09A90646FDF781FD0446E4
:10E7300010B1204615B0F0BD4C220146284607F026
:10E740005AFD9DF818302B70112B04BF089B6B608D
:10E750007268079B934205F108071BD00898B168BF
:10E76000884217D08B4215D0824213D005999DF86C
:10E7700019009DF81A300A9A0097043101449DF857
:10E780001B0001900B44304606F11401FDF74CF8D4
:10E790000446CEE7024B1B882B81204615B0F0BD06
:10E7A00090A5040030B58B6A016099B00446002B37
:10E7B00073D0C361C86A8A69002879D0A062FF213A
:10E7C00007F019FD4FF0FF33216823626361486A47
:10E7D000C30640F0C480002800F0B3800B6B002B10
:10E7E0006ED0E363D1E90503B3FBF0F200FB123214
:10E7F000002A40F0C280C869B0FBF3F203FB1203A9
:10E80000002B40F0B3804FF0FF35A0F10802B5FBBC
:10E81000F2F22A44B2FA82F2C2F12002B0EB820F85
:10E82000C0F096800A6AA263C4E90155C4E90333C3
:10E83000012584F84030C4E90B33636302AA0DA9B3
:10E840002046CDE90235FDF7D3F8054660B12368CF
:10E850009A6A002A44D0DA6A002A3CD01B6B002B4B
:10E8600035D0284619B030BD202105ABCDE90031A7
:10E870000E9A102304F114012046FCF7D5FF05463B
:10E880000028E4D1404B0B9ADDE906019A42C4E925
:10E8900001012AD06FF03305D9E7486903F0E0F9A8
:10E8A000E061002833D02168C86A8A69002885D1D0
:10E8B000104603F0D5F9A06248B323689A697EE751
:10E8C000C00803F0CDF9E06308B321688AE7E06B84
:10E8D00003F0D8F9C5E7A06A03F0D4F92368BDE7CF
:10E8E000E06903F0CFF92368B5E70C9AA3F18773C9
:10E8F000A3F580639A42CDD10A9B1A0C012A02D05B
:10E900006FF01505A3E79BB2012BF9D8A9E723689F
:10E910009A6A8AB1DA6A52B11B6B13B16FF00B05B8
:10E920009FE7E06B03F0AEF96FF00B0599E7A06A83
:10E9300003F0A8F92368EFE7E06903F0A3F923687F
:10E94000E8E7124B124A134840F6140107F082FB25
:10E95000114B0F4A0F4840F6240107F07BFB0F4B89
:10E960000B4A0C4840F6130107F074FB0C4B084AA5
:10E9700008484FF4026107F06DFB0A4B044A054852
:10E9800040F61F0107F066FB6C69747408A604006A
:10E99000ACA40400F4A4040080A60400E8A50400CC
:10E9A00050A6040020A6040003689A6A10B5044625
:10E9B00052B1DA6A7AB11B6B0BB1002010BDE06B6B
:10E9C00003F060F9002010BDC06903F05BF9236813
:10E9D000DA6A002AEFD1A06A03F054F92368EAE763
:10E9E00042680121013280F8401004D0836801336D
:10E9F00001D001F09BB80020704700BF2DE9F04F17
:10EA000088468246C869D1E90141A9B00130C8F8F9
:10EA100004100792C8F81C00C8F8084004937BB1A2
:10EA20001E465068D3681546D8F820201B1A022EBF
:10EA3000134403D1E8696A6903449B1AC8F820307B
:10EA4000DAF8000000230693CDE90D14C368984757
:10EA5000D1460546002800F0798115F1340F40F0C9
:10EA600037810D9B4FF0FF32C9F82020002B00F0BA
:10EA70004482012B0E9A00F04082012A40F23D822E
:10EA80000127BB464FF0000AD9E90C53D9F83810DA
:10EA900012E05A090139581CD9F83C40C9F838101D
:10EAA000C9F8340054F8226003F01F0207FA02F29A
:10EAB000324200F0118103469D42EAD1002900F064
:10EAC0002282D9F80020D9F82C30D2E908021D445E
:10EAD000914228BF1146B5FBF0F300FB1355C9F86E
:10EAE0003010C9F834A0D208C9F82C500021D9F848
:10EAF0003C0007F080FBD9F804300133C4D0D9F8CA
:10EB000008300133C0D0012309F11405CDF80C8081
:10EB1000CDF83CA010930024A846D9F80060D9F89D
:10EB20002C20306AD9F83050821A1444B4FBF0F12A
:10EB300000FB1141A94212D2D9F83C004C0901F066
:10EB40001F0350F8242007FA03F3134340F824303E
:10EB5000306AD9F82C20109BD9F83050821A1A4408
:10EB6000B2FBF0F300FB1323AB420BD25809D9F8E8
:10EB70003C1003F01F0351F8202007FA03F313435E
:10EB800041F820300FAA1DA94846FCF731FF0028A4
:10EB900040F09D800C26209B16AC1CE01E9ACDE90F
:10EBA000004641464846FCF73FFE002840F08F8073
:10EBB0009DF859309DF85A209DF85B002099043348
:10EBC00013449DF85820034402F070020B44102AAD
:10EBD000209300F0A081259A22F00042043A03F12C
:10EBE0000C019142DAD9DDE92643601CCDE90F43DF
:10EBF00001D0591C91D1D9F80C40DDF80C80002CC3
:10EC00003FF442AFCDF82880C846A146D9F81C3061
:10EC1000DA0304D5D9F81440002C40F037829B0366
:10EC200004D5D9F82040002C40F0EC82D9F80090AF
:10EC3000B9F1000FEAD1C146DDF8288024E7DAF8FF
:10EC40000430013300F04984DAF8083001331DAC98
:10EC50000DAE00F044842246314611AB5046FDF71C
:10EC6000CDF8002833DB00F03A84D8E90103119E87
:10EC7000159621460C360C2413909DF84B001996DE
:10EC8000149312AE169418941A9000241C904A46BD
:10EC90000123504617961B94FFF7B0FEB8B90D98A4
:10ECA000DAF80420904200F00E840E9BDAF8081087
:10ECB0008B4200F00884884200F005849A4200F0FC
:10ECC00002845046FFF78CFE002800F0888305463A
:10ECD000284629B0BDE8F08FD9F80000D9F82C20DB
:10ECE000016A1344B3FBF1F201FB1231C8F80410BE
:10ECF000D9E90C329A4221D0560902F01F0554F886
:10ED000026600BFA05F5354218D0D9F8385005F1D0
:10ED1000FF3C654601279C462B460AE0560902F057
:10ED20001F0554F8266007FA05F5354203F1FF3355
:10ED300004D001326245C9E90D23EFD101230693C6
:10ED4000C3689847054600287FF487AE0DF1A00AF6
:10ED50004FF0FF334AF84C3D08F11C042146504661
:10ED6000102201F061FBD8F80420009409F120037F
:10ED700010241946039301942B464846FCF7B8FF2C
:10ED8000834628B110F1340F3FF46BAE05469FE780
:10ED900009F11403264605930127D8F8203023F003
:10EDA0000043043BA34232D9049B9B4507DA4FEA58
:10EDB0000B13079AD518D358B34200F086801DABC9
:10EDC00000930E9A0197334605994846FCF72CFDAF
:10EDD00000287FF47CAF01221DA9504601F024FBDE
:10EDE0001DABD8F8042003990093019723464846A9
:10EDF000FCF77EFF002840F08C80D8F8203023F00C
:10EE000000430134043BA34206F10106CCD80420A0
:10EE1000D8F8042003990190CDF800A02346484675
:10EE2000FCF766FF054600287FF417AED9F82010DE
:10EE3000D9F800004FF0FF339942C9F8143017D0C9
:10EE40008469D9E9092300948468A047054600280D
:10EE50007FF403AED9F80030D9F828009A69FF2171
:10EE600007F0C9F94FF0FF33D9F80000C9F8203096
:10EE700003699847054600287FF4EFADD8F8207065
:10EE80004FF0FF3327F000471D93043FD8F80430BC
:10EE9000039309F1140B00F09682064611AC08E0CA
:10EEA0000136012221461DA801F0BEFAB74200F04A
:10EEB0008A820123CDE90043039A334659464846E6
:10EEC000FCF7B2FC0028EBD001E7D5E9021250466E
:10EED00001F0AAFAD5E90231D8F804204846CDE974
:10EEE000003123460399FCF703FF90B96A68EB6889
:10EEF0000BF1010B16441C444FE76FF03305284615
:10EF000029B0BDE8F08F6FF01B05284629B0BDE899
:10EF1000F08F0546A1E5189C002C3FF43DAED9F8D2
:10EF20000010CD69013C083DB4FBF5F0002800F06D
:10EF3000AD820138059106F011FF0599831CA4EB01
:10EF40008303B3FBF5F30893179B0593D9F82CC003
:10EF5000D9F83040059A0B6ACDF82C8008466146F6
:10EF60001A44511AB1FBF3F203FB1213A3420BD262
:10EF70005C09D9F83C1003F01F0351F8242007FA6C
:10EF800003F3134341F82430089B002B00F09182D7
:10EF900003F00103C3F10203026A09939D00059B7C
:10EFA000934280F0808211AB06934FF000081AE084
:10EFB0004368B8FBF1F201FB12829C46002A00F084
:10EFC0004D82059CC9F81440A8EB0202D9F81C3008
:10EFD000C9F81820009121466446A04700287FF414
:10EFE00076AED9F80000D9F81430059A41699A42F2
:10EFF000DED1D9F818304345DAD85A184245D7D966
:10F00000A2EB0802D9F81C100698A8EB0303AA4249
:10F0100028BF2A4619441446AD1A904407F0C7F891
:10F02000069B23440693D9F80000002DDBD1099BF1
:10F03000D9F82C10D9F830405D1E012D036A1AD181
:10F04000119A521A02EB030CBCFBF3F203FB12C23F
:10F05000A24210D25409D9F83C1002F01F0251F814
:10F06000243005FA02F2134341F82430D9F82C1069
:10F07000036AD9F8304028AA02EB850CDDE908259F
:10F08000521B08925CF85C2C059269E7D8F80010D6
:10F09000CD69013C083DB4FBF5F0002800F0FA8191
:10F0A0000138039106F05AFE03990230A4EB800464
:10F0B000B4FBF5F30693D9F810300393D8F82C403D
:10F0C0000B6AD8F83000039ACDF814901A44141B38
:10F0D000B4FBF3F203FB124383420BD25C09D8F872
:10F0E0003C0003F01F0350F8242007FA03F31343F6
:10F0F00040F82430069B002B00F0DF8103F0010371
:10F10000C3F102030A6A08939D00039B934280F0B7
:10F11000CA810DF1440900240846059B039ADB6A65
:10F120009A4224D0D8F81430039A46699A4200F0E3
:10F130002481B4FBF6F2436806FB12429C46002A87
:10F1400000F076810399D8F81C30C8F81410A21A80
:10F15000C8F8182000966646B04700287FF4B7AD7F
:10F16000059B039ADB6AD8F800009A42DAD1059B26
:10F170001A6BA242D6D883691344A342D2D9059907
:10F180001B1B496BAB4228BF2B46A21A11441E46DB
:10F190001A464846AD1A07F00AF83444B144D8F884
:10F1A0000000002DB9D1089BD8F82C4001465D1E07
:10F1B000012DD8F830000B6A19D1119A121B1A448C
:10F1C000B2FBF3F603FB1622824210D2D8F83C4081
:10F1D000560902F01F0354F8260005FA03F303430F
:10F1E00044F82630D8F82C400B6AD8F83000089E36
:10F1F00028AA02EB8505069A921B069255F85C2C0C
:10F20000039263E7D8F80010CD69013C083DB4FBD8
:10F21000F5F0002800F03C810138039106F09EFDD6
:10F2200003990230A4EB8004B4FBF5F30593D9F8FD
:10F2300024300393D8F82C400B6AD8F83000039A96
:10F24000CDF818901A44141BB4FBF3F203FB1243DD
:10F2500083420BD25C09D8F83C0003F01F0350F83E
:10F26000242007FA03F3134340F82430059B002BB6
:10F2700000F0158103F00103C3F102030A6A089349
:10F280009D00039B934280F00E810DF14409002400
:10F290000846069B039ADB6A9A4223D0D8F81430BA
:10F2A000039A46699A427BD0B4FBF6F2436806FBA8
:10F2B00012429C46002A00F0A5800399D8F81C3021
:10F2C000C8F81410A21AC8F8182000966646B0476D
:10F2D00000287FF4FCAC069B039ADB6AD8F8000098
:10F2E0009A42DBD1069B1A6BA242D7D8836913449A
:10F2F000A342D3D906991B1B496BAB4228BF2B46AF
:10F30000A21A11441E461A464846AD1A06F04FFF8F
:10F310003444B144D8F80000002DBAD1089BD8F885
:10F320002C405D1E012D0146036AD8F8300019D12A
:10F33000119A121B1A44B2FBF3F603FB1622824207
:10F3400010D2D8F83C40560902F01F0354F82600AA
:10F3500005FA03F3034344F82630D8F82C400B6A2F
:10F36000D8F83000089E28AA02EB8505059A921B62
:10F37000059255F85C2C039264E7D8F81830A34244
:10F380003FF6D7AE9A19A2427FF6D3AE121BD8F839
:10F390001C10AA4228BF2A46E31A16461944F8E66A
:10F3A000D8F81830A3423FF67FAF9A19A2427FF6F1
:10F3B0007BAF121BD8F81C10AA4228BF2A46E31ABA
:10F3C00016461944A0E71D9A159B9A427FF449AB53
:10F3D0005346CA469946069B002B7FF430ACDAF8B8
:10F3E0001030002B3FF474ACD8E901125C688C42F9
:10F3F00052D0986890424FD094424DD081424BD029
:10F400001B68EEE7B542FFF458AFB5FBF6F306FB19
:10F410001353ED1A099300954B462246039966460D
:10F42000B04700287FF453ACA9442C44099D71E7F0
:10F43000B542FFF487AEB5FBF6F306FB1353ED1AA6
:10F44000099300954B46224603996646B04700282B
:10F450007FF43DACA9442C44099DA0E68D42FFF405
:10F46000B0ADB5FBF1F401FB1453ED1A0A9300950E
:10F47000069B059942466446A04700287FF427ACC6
:10F48000069B2B44A84406930A9DCCE508905BE5B7
:10F490000590CCE606900EE6C3E90112B0E7DDF870
:10F4A0001890FFF7C3BB194B194A1A48122106F0EE
:10F4B000D1FDDDF82C80FFF76EBBDDF81490D9F894
:10F4C0001C30FFF7ACBBD8F80430CAF80430D8F8C9
:10F4D0000830CAF80830FFF7F4BB1DAC0DAE31465A
:10F4E00022465046FDF75AF80028FFF6F0AB3FF4ED
:10F4F00076AF2146D8E90104002326901A465046EB
:10F500002794FFF77BFAFFF7DFBB00BFD4A404000A
:10F5100050A40400F4A404002DE9F04F9DB000F1C4
:10F52000140882468B4691460593474699F8053064
:10F5300099F8060099F80740DAF80020DBF8201067
:10F54000D2690433034423440B44934240F28A803B
:10F55000002980F2A180DBE909234FF00008CDE902
:10F56000028909920A9309AB394653F828501023AF
:10F57000019311AB00932A4600235046FCF754F93F
:10F5800000283DD1029B2BB1119BDBF81C209B1A5C
:10F59000002B59DB129B23F00043132B54D9DAF8CC
:10F5A0000020D26993424FD80DF170094FF0FF331C
:10F5B00049F8503D102211A9484600F035FF129E2F
:10F5C00026F00043102B25D0CDF8108010240DF12B
:10F5D0001F06984604E0484600F026FFA04517D0D5
:10F5E0000123CDE900632A46234639465046FCF7FD
:10F5F0001BF90122314614440028ECD0DDF81080BC
:10F6000010F1340F20D0034618461DB0BDE8F08F2E
:10F61000DDF81080089B08F10104ABB911AB0FCBEA
:10F6200004F001041CAE06EB8404CBF8045054F83B
:10F630004C4CCBF8084010250BF11C04CBF80C50B7
:10F6400084E80F0001230293B8F1000F07D0DDE931
:10F650000239002B7FF46AAF6FF03303D4E74FF029
:10F66000010880E74D460B1F45F8043B059F1395A5
:10F6700000261193159311AA594650460C250223D2
:10F68000CDE91774129616961495FFF7B7F903464D
:10F6900018461DB0BDE8F08F5D460FCD11AC0FC40C
:10F6A0000FCD0FC495E8070084E80700594650467F
:10F6B000FDF792FC03460028A6D1DBF820201A991A
:10F6C000CBF824104846043A1B99CBF8281040F890
:10F6D000042B0A9399F807100E93059B0F93099238
:10F6E00002230D9210910B900C2409AA5946504602
:10F6F0000C94FFF783F90346002885D1DBE9011458
:10F70000199A1A9142F0004511A91A4650461995C6
:10F710001B94FFF773F9034676E700BF2DE9F0412C
:10F72000537996790D460433D179334414462A6AC5
:10F730000B4403F1140122F000428A428EB00646C7
:10F7400064D003AF206804933A4603900027012356
:10F7500029463046CDE90577FFF750F900284FD10B
:10F76000F36823B34FF0FF370BE0D3F808E0D5F888
:10F7700008C0E64509D0624507D0714505D01B6831
:10F78000ABB15A6869688A42EFD1DA6821688A4267
:10F7900039D0F4D9617994F806E094F807C00431BF
:10F7A00071446144521ADA601B68002BE9D1336955
:10F7B00053B925E09F68AE68B74209D0B24207D07E
:10F7C000B94205D01B68DBB15A6869688A42F1D139
:10F7D000D96822689142F5D96279A779E67904322D
:10F7E0003A4432448A1ADA606279A779E6799969EB
:10F7F00004323A4432448A1A9A611B68002BE3D1DE
:10F800000EB0BDE8F081C3E90177B8E74368013382
:10F8100024D08368013321D0002203AF0123019259
:10F82000394601AA0293FCF7E3F890BB0C9B5A1CE3
:10F8300015D0DDF834C0BCF1FF3F0CAA3946304684
:10F840000DD0D5F804E09E4509D0D5F80880E045F4
:10F8500005D0434503D0E645E5D100E003AF0B9A60
:10F86000002A06DB6379A179E27904330B4413445F
:10F8700068E7D5E90831AC6A0C9163F000450023D4
:10F880001540394630461A460B950D94FFF7B6F8E9
:10F89000B6E70028B4DBE2E72DE9F0478B6A0160A8
:10F8A000A6B00446002B62D0C361C86A8A690028EA
:10F8B00069D0A062FF2106F09EFC4FF0FF33226862
:10F8C00023626361536AD90640F00481002B00F083
:10F8D000FA80106B00285FD0E063D2E90553B3FBD8
:10F8E000F5F105FB1131002940F00981D169B1FB27
:10F8F000F3F503FB1515002D40F0FA804FF0FF36AD
:10F90000A1F10803B6FBF3F33344B3FA83F3C3F175
:10F910002003B1EB830FC0F0E480526A25612946D1
:10F92000D208C4E9026584F84050666006F063FCC2
:10F930002368E562D3E90823934228BF1346C4E94C
:10F940000C35A26310A92046FDF746FB05460028AA
:10F950002AD023689A6A002A7FD0DA6A002A77D0F0
:10F960001B6B002B70D0284626B0BDE8F087486995
:10F9700002F076F9E061002800F08A802168C86A08
:10F980008A69002895D1104602F06AF9A062002821
:10F990007ED023689A698DE7D80802F061F9E063A8
:10F9A000002875D0226898E71BA92046FDF714FBB4
:10F9B00005460028CDD1034602461BA92046FFF785
:10F9C0001DF805460028C4D1206850491C9AADF89E
:10F9D0002250D0E9073603C90EAF87E80300A946D5
:10F9E0000B9310251D9B0C96082041F22E464FF0DC
:10F9F00001116260099219923422ADF82060A3606F
:10FA00000A931A930795AA468DF823000D91189230
:10FA10004FF0020808AF2026012303AA10A92046B0
:10FA2000CDE903A6CDE90576FEF7E8FF0546C8B1A6
:10FA300010F1340F8DD1B8F1010F16D1B9F1000FCB
:10FA400016D16FF0330584E7E06B02F01BF98AE70B
:10FA5000A06A02F017F9236882E7E06902F012F960
:10FA600023687AE74FF00109E5E74FF00108D3E793
:10FA7000002310A901AA2046CDE90138FBF7B8FF01
:10FA8000054600287FF465AF23681A6AA26361E720
:10FA900023689A6A92B1DA6A5AB11B6B2BB16FF084
:10FAA0000B05284626B0BDE8F087E06B02F0EAF8C7
:10FAB000F5E7A06A02F0E6F82368EEE7E06902F0F5
:10FAC000E1F82368E7E7124B124A134840F61401A5
:10FAD00006F0C0FA114B0F4A0F4840F6130106F02A
:10FAE000B9FA0F4B0B4A0C4840F6240106F0B2FA63
:10FAF0000C4B084A08484FF4026106F0ABFA0A4B77
:10FB0000044A054840F61F0106F0A4FACCA60400FA
:10FB100008A60400ACA40400F4A40400E8A50400B2
:10FB200080A6040050A6040020A604002DE9F04F92
:10FB3000BBB083462C22002119A806F05CFB4FF0D5
:10FB40000043282224A80021219306F054FBDBF86F
:10FB500000301B6A01222E92002B00F04981002305
:10FB600003932DAA24A95846FBF742FF079048BBF0
:10FB7000219B002B7ADBDBF80430013300F042815B
:10FB8000DBF80830013300F03D810DAB2FAA22A92C
:10FB90005846FCF733F9002813DB00F033810F9C43
:10FBA000229B109D239A9C4200F03881944200F0E1
:10FBB0003B81002319A958461A46CDE92245FEF794
:10FBC0001DFF079007983BB0BDE8F08F03460C205F
:10FBD00001900EA80090259A59465046FBF724FE46
:10FBE000002840F0AD809DF839209DF83A309DF80E
:10FBF0003B50279C2A989DF838100D9404321A44E3
:10FC00002A44A31802442A920A06279330D5DAF828
:10FC100004300133D34610D0DAF8083001330CD069
:10FC20000FA95046FCF710FA0028CADB40F0D78035
:10FC30009DF838100D9C9DF83B50119401F07F0108
:10FC400004F10C0200208DF838100EA90C26159234
:10FC50001391CDE91705012311AA24A95846169539
:10FC600012961496FEF7CAFE0028AAD1279BDA4600
:10FC70002C9921F00042043A03F10C00904240F22A
:10FC8000BE80002980F2A7800AF1140BDDE92D2344
:10FC900000250B920C93A8464FF010090BAB594668
:10FCA00053F82570CDF804902FAB00933A4600230B
:10FCB0005046FBF7B9FD00283FD1B8F1000F04D042
:10FCC0002F9B2B9A9B1A002B72DB309B23F0004357
:10FCD000132B6DD9DAF80020D269934268D83AAB79
:10FCE0004FF0FF3143F8C01D102218462FA904938E
:10FCF00000F09AFB309B23F00042102A44D0CDE95B
:10FD0000058510240DF127061546DDF8108004E066
:10FD1000404600F089FBA54234D00123CDE90063C1
:10FD20003A46234659465046FBF77EFD01223146AE
:10FD300014440028ECD0DDE9058510F1340F37D0EC
:10FD4000831CD3467FF43DAF24AD0FCD19AC0FC457
:10FD50000FCD0FC495E8070084E80700DBF80030FA
:10FD6000039A1B6A01329A42039241D22D9B0133BE
:10FD70003FF428AF2E9B01337FF4F3AE07983BB0DE
:10FD8000BDE8F08FDDE905850A9B6C1C83B92FABBC
:10FD90000FCB2BAE04F0010486E80F003AAB03EB67
:10FDA0008404259754F8BC3CCDE926394FF001086E
:10FDB0009DB1B8F1000F1BD02C992A9A21F0004375
:10FDC000043B143210201B2B2A9227903FF6FEAEE4
:10FDD0000029FFF65BAFD346B6E701255EE70DAA23
:10FDE00024A95846FFF79AFC00283FF43FAFE8E605
:10FDF0006FF03303079307983BB0BDE8F08F0AF12B
:10FE0000140BE4E6DDE92D54002319A958461A46DF
:10FE1000CDE92254FEF7F2FD0790D3E6AA423FF463
:10FE200025AF94427FF4C5AEAB427FF4C2AE1DE76E
:10FE30002DE9F0431F4691B003F00303012B0C465C
:10FE40000092054603D090F84030002B4ED001AA16
:10FE500005A96B462846FCF7EBF9064600283FD17A
:10FE60009DF80830222B00F09380BB0500F18D80B7
:10FE7000DDE9062001996260039AA0600023C4E9CD
:10FE800006372362C4E90312049B63617A0506D531
:10FE9000002B3DD14FF0FF320023C4E904232B682F
:10FEA000586B4FF0FF32E262002859D0EB68002B0C
:10FEB00061D16063E36903F003034FF0FF36012B68
:10FEC000E66205D02B68FF219A6906F094F9E66294
:10FED000EB68236000263046EC6011B0BDE8F0838B
:10FEE000023019D0304611B0BDE8F08343680122DA
:10FEF000013380F84020AAD083680133A7D0FFF7F0
:10FF000015FE06460028A2D0304611B0BDE8F083A9
:10FF100047F48037E761BDE7DDF800902F214846C0
:10FF200007F00EF880460028DCD1F905DAD540F656
:10FF300011034846ADF808308DF80A8007F027F81D
:10FF40004FF0FF368DF80B004B4601AA05A9284655
:10FF5000CDE90368FFF7E0FA0646002888D0C1E73C
:10FF6000E26902F00302012A08D0986901F078FEE4
:10FF7000606300289ED16FF00B06B3E7586901F06B
:10FF80006FFE6063002895D1F5E76FF01006A9E7D2
:10FF90006FF01406A6E700BF2DE9F041CB690C46CF
:10FFA00059039AB0064605D523F480234FF0FF325B
:10FFB000E361E2629A030AD521463046FEF7FAF978
:10FFC000054618B128461AB0BDE8F081E36903F48C
:10FFD0001023B3F5803F04D0002528461AB0BDE8B1
:10FFE000F08163680133F7D0A3680133F4D00FA91F
:10FFF000221D3046FBF7FCFC05460028E2D1E068F4
:020000024000BC
:10000000049504AF4FF00C080346CDE90078039047
:10001000C7E90155109A06F114013046FBF704FCBC
:1000200005460028CED19DF81030112B20D1039B1E
:1000300022690997304603F10C070D9566699DF812
:100040001350079305920FA9012307AA0C950E954B
:10005000CDF82080CDF828800B970696FEF7CEFCD1
:1000600005460028AED1E36923F48033E361A9E7B4
:10007000034B044A044840F2136105F0EBFF00BF54
:1000800098A5040090A40400F4A40400F0B5CB6982
:100090000C4659039BB0054605D523F480234FF049
:1000A000FF32E361E2629A0322D521462846FEF739
:1000B00081F90646D8B1EA6842B1944203D163E0BF
:1000C0009C4263D01A461368002BF9D1A36923B16F
:1000D0001B6813B130461BB0F0BD2B685B6B002B67
:1000E000F8D1606B01F0CEFD30461BB0F0BDE36986
:1000F00003F41023B3F5803F01D00026DBE76368EB
:100100000133FAD0A3680133F7D00FA9221D284686
:10011000FBF76EFC06460028CDD1E068039004A9E9
:100120000C270346CDE90017109A049605F1140137
:100130002846CDE90566FBF777FB06460028BAD1CD
:100140009DF81030112B24D1039B0D9004AA6069F7
:10015000099203F10C029DF8136008970A97079320
:1001600027690B9206900FA9012307AA28460C962F
:100170000E960597FEF742FC064600289BD1E369E0
:1001800023F48033E36196E705F10C0223681360E2
:100190009CE7034B034A044840F2136105F05AFF01
:1001A00098A5040090A40400F4A40400F0B590F80D
:1001B0004030ADB0044601917BB943680122013360
:1001C00080F8402009D08368013306D0FFF7AEFCE9
:1001D000054610B128462DB0F0BD0BA901AB07AA0A
:1001E0002046FCF725F805460028F3D19DF820307D
:1001F000222B00F0BF809DF821309DF822009DF851
:100200002310139A043303440B4403F1140122F026
:1002100000428A4200F0948021AE07982293324631
:100220002190002601230BA92046CDE92366FEF785
:10023000E5FB002840F09780E36823B39DF8216038
:100240009DF822109DF82320DDF81CC00E440436D2
:10025000DDE90C0716444FF0FF3E08E09968B9420B
:1002600008D0BA4206D0884204D01B685BB15A68F5
:100270008242F3D1DA68624579D084BF921BDA609A
:100280001B68002BF3D1236923B39DF821109DF83F
:1002900022009DF82320DDF81CC001440431DDE973
:1002A0000C67114408E09868B84208D0BA4206D0FA
:1002B000864204D01B686BB15A68B242F3D1DA6847
:1002C0006245F7D99869521A401ADA6098611B683A
:1002D000002BF1D19DF82030222B7FF47BAF636897
:1002E000013326D0A368013323D0002001230590D9
:1002F00005AA0BA920460693FBF77AFB0546A8B191
:100300007CE0159A511C14D01799994279D018980D
:10031000904276D0834274D0914272D014AA0BA935
:100320002046FBF765FB0546002867D1149B581C47
:10033000E7D13A4B3A4A3B4840F26E7105F08AFEEB
:100340006368013344D0A368013341D0002021AE5B
:1003500001230390314603AA20460493FBF748FB90
:1003600030B3002827DA054628462DB0F0BDC3E992
:1003700001EE7AE709AA16A92046FBF739FB002807
:100380003FF439AF0546EFE72B9A571C13D00C9971
:10039000994210D00D9890420DD083420BD09142DB
:1003A00009D02AAA31462046FBF722FB0028D8D1E3
:1003B0002A9B5A1CE8D1299A002A0BDB9DF8213090
:1003C0009DF822109DF8232004330B44134424E7A6
:1003D00021AEF0E7DDE9133163F000401040002367
:1003E0002A91299031461A46159E2B962046FEF7F3
:1003F00005FB00283FF46EAF0546B5E7002DFFF67C
:10040000E9AE2046DDE91F5400230BA91A46CDE9C9
:100410001454FEF7F3FA0546DCE600BFD8A6040044
:10042000A0A40400F4A40400E2B170B4013A04688A
:100430000D4D8E18013911F8013F83EA040202F0D4
:100440000F028E4255F8222082EA141484EA131314
:1004500003F00F0355F8233083EA1414EBD1046042
:1004600070BC7047704700BFDCA6040010B5034B9A
:1004700003600446FAF73CFF204610BD24A70400A1
:1004800010B5054B03600446FAF732FF204603F02F
:1004900099FE204610BD00BF24A7040008B500F057
:1004A00023F9002008BD00BF70B501F5ED51CC0166
:1004B00082B004F18006FF25012220460DF10701DC
:1004C00014448DF8075000F015F9A642F4D100202D
:1004D00002B070BD08B501F5ED5102EBC11019462F
:1004E000029A00F007F9B0FA80F04009404208BDD6
:1004F00008B501F5ED5102EBC1111846029A00F062
:1005000011F90028CCBF00200120404208BD00BFE7
:1005100038B500210546FAF70BFF98B94FF46D2462
:10052000204600F007F904F5805458B1B4F5742F53
:10053000F6D12846FAF71EFF28460021BDE83840CC
:10054000FAF7F6BE38BD00BF10B5074C0749204684
:10055000FAF7D6FE064B23602046064A0649BDE858
:10056000104004F033BF00BF307E0020BC6100208B
:1005700024A70400006000206D04040029DF7047F8
:1005800028DF704712DF704708B505F001FEB0FAAA
:1005900080F0400908BD00BF10B5144605F007FE05
:1005A000204610BDF0B5194E316883B0054629B319
:1005B000174F2D0B14242846FFF7E2FF034698B986
:1005C0000DF107008DF80730FFF7DCFF9DF80730CD
:1005D00013B9012003B0F0BD4FF0FF31306802F0D5
:1005E00019F83B68022BF4D0012001F0D3FA631E06
:1005F00013F0FF04DFD1002003B0F0BD032201207F
:1006000001F07EFB30600028D2D1F4E7D48E0020C8
:100610000C6200202DE9F04FDFF8C8A0DFF8C09091
:1006200083B0904604460D465708D6084FF0140B89
:10063000324629462046FFF7A1FF034668BB0DF16D
:1006400007008DF80730FFF79DFF9DF80730D3B9FD
:100650003D443C44DFF88CA0214F4FF01409324652
:1006600029462046FFF78AFF034668BB0DF10700C5
:100670008DF80730FFF786FF9DF80730DBB940465D
:1006800003B0BDE8F08F4FF0FF31DAF8000001F061
:10069000C1FFD9F80030022BDAD0012001F07AFA3C
:1006A0000BF1FF3313F0FF0BC2D14FF000084046AF
:1006B00003B0BDE8F08F4FF0FF31DAF8000001F031
:1006C000A9FF3B68022BDAD0012009F1FF3901F0C4
:1006D00061FA19F0FF09C2D14FF00008E7E700BF47
:1006E0000C620020D48E0020014800F0A5B800BFA5
:1006F000F461002010B4094CA0420AD3B0F5742F65
:1007000007D213465DF8044B0A460146044800F040
:1007100049B84FF0FF305DF8044B704700600200AD
:10072000F461002013460A460146014800F0A4B8CF
:10073000F4610020F0B5194E316883B0054629B345
:10074000174F2D0B14242846FFF71AFF034698B9BC
:100750000DF107008DF80730FFF714FF9DF8073003
:1007600013B9012003B0F0BD4FF0FF31306801F044
:1007700051FF3B68022BF4D0012001F00BFA631EFD
:1007800013F0FF04DFD1002003B0F0BD03220120ED
:1007900001F0B6FA30600028D2D1F4E7D48E002000
:1007A0000C6200202DE9F04F83B00193002B3CD068
:1007B000DFF8809005460E4690461F46C6F30B0AAA
:1007C000CAF580542B69BC4206EA090B28BF3C4697
:1007D0005B4520D0184601334FF4805213D0EB68AC
:1007E00013B16969984770B9232004F06BFC2B683A
:1007F000286998476B68D5E904014FF480529847FF
:10080000232004F075FCC5F810B05946AB68686940
:100810004FF480529847686941462246504405F09B
:10082000C6FC3F1B2644A044C8D1019803B0BDE8D4
:10083000F08F00BF00F0FFFF38B503695A1C1AD0D3
:10084000C56804462DB118464FF480526169A84727
:1008500070B9232004F036FC236820699847636848
:10086000D4E904014FF480529847232004F040FC5F
:100870004FF0FF33236138BD2DE9F84304691D466D
:10088000631C06468846174607D1B368394640467A
:100890002A4698472846BDE8F883944224D92A443A
:1008A00094428368F2D204F580529742EED2E41B60
:1008B00022463946404698474FF4805908EB0400D9
:1008C0002A1B00219145736928BF91464A46194465
:1008D0004C4405F06CFCA542DCD9B368391908EB2F
:1008E00004002A1B9847D5E704F580539A42CCD2DE
:1008F000391BC1F580592A4640460024E2E700BF73
:1009000008B50121262004F01BFB0121262004F05C
:100910009BFB00212A20BDE8084004F011BB00BF6A
:100920002DE9F84380460F46051D00F10709002612
:1009300015F8011B0A22384600F060F82E21044603
:10094000384600F057F84D4520440644F0D198F859
:10095000071038460A2200F051F83044BDE8F88309
:10096000024A026000224260704700BFF4A7040000
:1009700010B4002461F3070462F30F249DF80410FF
:10098000044A63F3174461F31F64C0E900245DF86F
:10099000044B7047F4A70400014AC0E900217047E6
:1009A000F4A70400F8B5174682B105460E460024A8
:1009B00002E00134A74207D02B6816F8011B1B6820
:1009C000284698470028F4D12046F8BD1446FBE796
:1009D00069B170B5054608460C4606F0D8FA2B6892
:1009E0000246214628465B68BDE870401847084625
:1009F000704700BF03681B68184700BFF0B5066862
:100A00008BB01AB9336898470BB0F0BD0AAF0B46EC
:100A1000D2B20021022A07F8041D05462CBF144655
:100A20000A241846B0FBF4F204FB1201CBB20929E8
:100A300003F130018ABF3733CBB2DBB2104607F87F
:100A4000013D002AEED1384606F0A1FA736802464D
:100A50003946284698470BB0F0BD00BF38B503684B
:100A60008A685B68096804469847236803495B689D
:100A70000546022220469847284438BDF8A70400BE
:100A8000036870B505460C465E6849B1084606F035
:100A90007EFA214602462846B0472B685E68044627
:100AA000284602220149B047204470BDF8A704003F
:100AB0000EB430B5C2B045A9054651F8042B0191DA
:100AC0000B4602A84FF4807106F0EEFA2B6804463C
:100AD00002A95B68284622469847204642B0BDE8F6
:100AE000304003B0704700BF114B124A1968BFF382
:100AF0005B8F4968BFF35B8F914200D070470E4A0D
:100B0000D2F80015C9070FD530B40C4C01250020D0
:100B10004FF0FF312560C2F8000530BCC2F8601507
:100B20001868044904F054BB1868024904F050BB2B
:100B3000D88E0020546F6E650020024004200240D1
:100B40002F2901D90020704770B5434E3368BFF399
:100B50005B8F0C465B684149BFF35B8F8B4288B06B
:100B6000054606D0306804F0EDFA10B9002008B050
:100B700070BD3268394BBFF35B8F5268BFF35B8F38
:100B80009A4259D0364A374B52F82420698AEC7D74
:100B9000C3F860254FF0FF32C3F864250120C3F885
:100BA0006825C3F86C250722C3F80005C3F80C2597
:100BB0000022C3F80425C3F8081505F11401C3F891
:100BC0001025C3F80042C3F80023C3F82015C3F86A
:100BD0004015C3F82405C3F84405A968C3F82815CF
:100BE0002149EE682C8AC3F84865C3F82C25C3F860
:100BF0004C25C3F814450A600B680193019B4A60B9
:100C000004311A4B0968029102991A60196803911C
:100C100003995A605968049104999A6099680591FA
:100C20000599DA60D968069106991A6110331B6834
:100C30000793079B08B070BD0A4BD3F80025D20775
:100C4000A0D50B4A0120106000214FF0FF32C3F8FD
:100C50000015C3F8602595E7D88E0020546F6E65A7
:100C60002CA7040000200240042102400C21024075
:100C7000042002402DE9F843A1F1140446F2941334
:100C80009C4215D8144606460D469AB94FF0000806
:100C90004FF00009634C64492368BFF35B8F5B68C6
:100CA000BFF35B8F8B421CD0206804F04BFAC0B9B5
:100CB000BDE8F883B2F57A7F09D202FB01F3B3F500
:100CC0007A7F04D24FF001084FF00009E2E74FF4B9
:100CD0007A720023A4FB050105F028F880468946B6
:100CE000D8E72268504BBFF35B8F5268BFF35B8F2E
:100CF0009A42DDD14D4BD3F80025D20709D54C4A95
:100D00000120106000214FF0FF32C3F80015C3F836
:100D1000602558EA09034749B1FBF5F189B230D1A2
:100D2000454F464B7982C7E900896FF07F486FF0E5
:100D30007F4943EA5103C7E902894FF6FF70BB823E
:100D4000082204233882BA75FB7531463A48FFF70A
:100D5000F7FE0028ACD023683349BFF35B8F5B6894
:100D6000BFF35B8F8B4204D0206804F0EBF90028BE
:100D70009ED0BB7D03F1804303F5083301221A6046
:100D800096E742464B4600205B084FEA320252EAA1
:100D9000030500F10100F7D1252889DC2748264FFB
:100DA000B9F1000F40EA510008BFB8F1010FB88255
:100DB000C7E9008979822CD040464946002349087A
:100DC0004FEA300050EA010203F10103F7D11C4A57
:100DD0005B00A2FB03235B0801259D4018F1FF3057
:100DE00049F1FF312A46002304F0A0FF72B96A08D6
:100DF0004FF00C0C6B1E9B1A0130013A1021FB6066
:100E00003882BA6087F816C0F9759EE74FF0080C73
:100E1000F0E7C7E9022301210C2210233982BA75B9
:100E2000FB7592E7D88E0020546F6E65002002405B
:100E30000420024048E80100E08E00200080FFFF0F
:100E4000ABAAAAAA024A034B92681A60704700BF75
:100E500018620020D88E002090F82304704700BF4D
:100E600038B590F91D34002B04460DDB5A092032A9
:100E70000121234803F01F0301FA03F340F8223055
:100E8000BFF34F8FBFF36F8F23694FF48872C3F89E
:100E9000082322690023C2F844312269C2F858317C
:100EA0002269012353602269D36001E003F098FEB8
:100EB0002369D3F85821002AF8D0D3F84421002A16
:100EC000F4D00025C3F8005522694FF0FF33C2F873
:100ED0000C352269C2F814352269C2F80835226936
:100EE00004F11400C2F8103504F0F6F9D4F8240423
:100EF00001F046FDC4F8245484F8235438BD00BFE3
:100F000000E100E0143004F0FFB900BF143004F039
:100F100005BA00BF143004F0E5B900BF08B5D0F839
:100F2000240401F023FD002814BF4FF400700020BA
:100F300008BD00BF90F8233403B9704710B54FF0D7
:100F4000FF310446D0F8240401F064FB0023D4F8F8
:100F500024041A461946BDE8104000F013BF00BF34
:100F600010B50368104A5B6882B093428DF8071091
:100F700013D104464FF0FF31D0F8240401F04AFBAE
:100F800022699DF8073084F81D320123C2F84835E4
:100F900022691846936002B010BD01220DF10701CD
:100FA000984702B010BD00BFAD0F04002DE9F04717
:100FB0002AB317468846064600F21D2A00254FF040
:100FC00001097C1BB4F5007F28BF4FF400744FF07B
:100FD000FF31D6F8240401F01DFB08EB0501224681
:100FE000504605F0E4F83369C3F8484533692544B1
:100FF000AF42C3F80890E4D82846BDE8F08715460C
:101000002846BDE8F08700BF70B504687D4A246AB1
:10101000944240F0B68090F823240346002A40F022
:10102000AF800D46016990F81F04C1F80C051969DD
:1010300093F81E04C1F8140593F82214012900F056
:10104000AF801969C1F86C25B5F5966F45D9B5F52E
:10105000166F40F29B80B5F5965F40F2AF80B5F514
:10106000165F40F2AD80B5F5615F40F2AB80B5F53B
:10107000964F40F2A980B5F5E14F40F2A78047F6C0
:101080001222954240F2A480B5F5164F40F2A3809B
:101090004DF6C022954240F2A180B5F5614F40F275
:1010A000A080B5F5963F40F29F80B5F5E13F40F254
:1010B000A080B5F5613F40F29980534A954240F2D5
:1010C0009E80B5F5E12F40F29780B5F5612F8CBF7A
:1010D0004FF080524FF0706201E04FF49E22196988
:1010E000C1F824251A690821C2F800151A6903F20B
:1010F0001D21C2F844151A690021C2F820111A698D
:1011000003F50771C2F834151A690121C2F83815C0
:101110001A6911601A694FF48870C2F8040393F9D0
:101120001D24002A35DB5409603402F01F023748C1
:1011300001FA02F240F8242093F91D24002A28DB4A
:101140000244602182F8001393F91D24002A07DB72
:101150002E4802F01F0401215209A14040F822103C
:101160000322002101201C4600F0CAFD00231A467C
:101170001946C4F8240400F005FE012384F8233442
:1011800070BD23460022BDE8704018474FF41D2271
:10119000A5E71F4902F00F02114460220A76D3E747
:1011A0001A6993F82004C2F810051A6993F821040B
:1011B000C2F808051A69C2F86C1545E7154A8EE7AA
:1011C000154A8CE7154A8AE7154A88E7154A86E7E3
:1011D0004FF4000283E74FF41D0280E74FF46502ED
:1011E0007DE74FF46B027AE70F4A78E74FF06C72B5
:1011F00075E74FF0EB7272E74FF0E8626FE74FF080
:1012000080626CE72D12040090D0030000E100E042
:10121000FCEC00E000B013000050270000F03A00A2
:1012200000A04E0000C0750000903A0190F82334F1
:10123000002B5BD110B5036990F81F44C3F80C452F
:10124000036990F81E44C3F8144590F82234012B2A
:10125000036900F0A080C3F86C25B1F5966F46D9FC
:10126000B1F5166F40F2A680B1F5965F40F2AC8002
:10127000B1F5165F40F2AA80B1F5615F40F2A88037
:10128000B1F5964F40F2A680B1F5E14F40F2A4804F
:1012900047F61223994240F2A180B1F5164F40F271
:1012A000A0804DF6C023994240F29E80B1F5614F77
:1012B00040F29D80B1F5963F40F29C80B1F5E13F50
:1012C00040F29A80B1F5613F40F29980504B9942CB
:1012D00040F29B80B1F5E12F40F29480B1F5612F8F
:1012E0008CBF4FF080534FF0706302E070474FF4B3
:1012F0009E230269C2F8243503690822C3F8002539
:10130000036900F21D22C3F8442503690022C3F8D3
:101310002021036900F50772C3F83425036901220F
:10132000C3F8382503691A6003694FF48871C3F85C
:10133000041390F91D34002B3FDB5C09603403F08B
:101340001F03344902FA03F341F8243090F91D34A5
:10135000002B32DB0B44602283F8002390F91D340C
:10136000002B07DB2B4903F01F0401225B09A2407D
:1013700041F82320044603220021012000F0C0FC94
:1013800000231A461946C4F8240400F0FBFC01238C
:1013900084F8233410BD90F82044C3F81045036945
:1013A00090F82144C3F80845036942F00102C3F8EC
:1013B0006C2552E74FF41D239BE7174A03F00F03F8
:1013C0001A4460231376C9E7144B92E7144B90E755
:1013D000144B8EE7144B8CE7144B8AE74FF4000351
:1013E00087E74FF41D0384E74FF4650381E74FF46B
:1013F0006B037EE70E4B7CE74FF0EB7379E74FF022
:101400006C7376E74FF0E86373E74FF0806370E743
:1014100090D0030000E100E0FCEC00E000B013001D
:101420000050270000F03A0000A04E0000C07500F8
:1014300000903A0110B5114C2369D3F810213AB14C
:101440000022C3F81021D3F83C2572B901221A609A
:10145000D3F8202102B910BD0021C3F82011D4F81F
:101460002404BDE8104000F017BF94F81C1204F1EA
:10147000140003F01FFF2369E8E700BFF88E002087
:1014800010B5114C2369D3F810213AB10022C3F8EA
:101490001021D3F83C2572B901221A60D3F820211B
:1014A00002B910BD0021C3F82011D4F82404BDE80E
:1014B000104000F0F1BE94F81C1204F1140003F087
:1014C000F9FE2369E8E700BF209300202DE9F843E7
:1014D0001D4D1E4CDFF884901D4F284600264FF40A
:1014E0007A7840F8149BC5E9016803F0D7FEC4E997
:1014F00001682046174B2B610223D7F8942085F80A
:101500001D3440F8149BD7F89C3085F81E2485F8CC
:101510001F3485F82264C5F8246485F8236403F039
:10152000BDFED7E909230C4884F822642821C4F8B9
:10153000246484F82364206184F81D1484F81E2434
:1015400084F81F34BDE8F883F88E00202093002033
:101550002CA70400002000400080024004A80400E2
:1015600008B50E4B1BB10E48E4F7C2FE90B90D4B07
:101570001BB10D4803F0C8FE48B90C4B1BB10C4819
:1015800003F0C2FE00B908BDAFF3008008BDAFF3A1
:101590000080F2E7AFF30080E9E700BF0000000041
:1015A00048640020000000000C8F002000000000B4
:1015B000349300202DE9F0477C4F3D6806460C46E9
:1015C000904675B12F2E09D828F48073032BC8F3E9
:1015D000002224D0042B59D0022B3BD00020BDE8A0
:1015E000F08729462022724804F005FE714A7249AC
:1015F000724B0D604FF0FF30C2E9000040224D6099
:10160000C3F88020BFF34F8FBFF36F8F6021C3F803
:10161000802183F806131A6001233B60D2E74FF460
:101620000037674B634853F8265090F900102B029F
:1016300003F47C5343F001038D4243EA07030CD0CB
:1016400090F90160B54224D090F90270BD4222D1D8
:10165000022603E04FF44037E3E70026B10001F132
:10166000804101F5C0418555D1F81005504F524DCC
:1016700047F8264020F0031020F47C50034301205B
:10168000AA55C1F81035B040BDE8F0874FF4803757
:10169000C7E70126E2E790F903C0654549D090F914
:1016A00004E075455BD090F9058045456DD090F913
:1016B00006904D4577D090F907A0AA4501D107269D
:1016C000CCE7013123D13F49D1F8101589071ED14C
:1016D0000026B10001F1804101F5C0418555D1F8E6
:1016E0001005334F344D47F8264020F0031020F406
:1016F0007C500343C1F810350023C1F800310120AC
:10170000304BAA55B040C3F80403BDE8F08701365A
:1017100006D12C49D1F81415890701D10126D8E743
:10172000013708D12749D1F818158F0703D10226B0
:10173000CFE7032692E7BCF1FF3F06D12149D1F85C
:101740001C158E0701D10326C3E7BEF1FF3F08D168
:101750001C49D1F82015890703D10426B9E70426CE
:101760007CE7B8F1FF3F06D11649D1F824158F0761
:1017700001D10526ADE7B9F1FF3F08D11149D1F8F4
:1017800028158E0703D10626A3E7052666E7BAF1DA
:10179000FF3F7FF423AF0B49D1F82C1589077FF465
:1017A0001DAF072695E7062658E700BF789700206B
:1017B00050970020709700204897002000E100E03B
:1017C0002CA70400006000402F2825D8264A274B6C
:1017D00052F8202093F900108A4238D093F9011072
:1017E0008A4236D093F902108A4234D093F903101A
:1017F0008A4232D093F904108A4230D093F905100E
:101800008A422ED093F906108A4206D093F9071027
:10181000914208BF072101D07047062170B4012012
:10182000134E144C144D8840C6F808038A0000205B
:1018300002F1804244F82100FF2402F5C0425C54CA
:101840006854C2F8100570BCC2F80001704700214E
:10185000E4E70121E2E70221E0E70321DEE70421DA
:10186000DCE70521DAE700BF2CA704007097002011
:101870000060004050970020489700202DE9F04379
:101880001B4B1C4FD3F80463DFF86C80DFF86C90BF
:1018900085B000240123A200A34002F18045334219
:1018A00005F5C0450FD0D5F8003163B1E3570133DA
:1018B00006D052F808201AB114F809307BB99047C5
:1018C0000023C5F800310134082CE3D1BFF34F8F5A
:1018D00000BF00BF00BF00BF05B0BDE8F08304AB90
:1018E000002143F8041D0846009103F053FAE7E78E
:1018F000006000407097002050970020489700201B
:10190000F8B500250446C0E90055856091B1084648
:101910000E4605F03CFB0746411C284600F084F9C2
:1019200050B1A368C4E9000703B90370A76031464A
:1019300005F013FB2046F8BD206808B100F05EF901
:1019400000232360C4E901332046F8BD70B5044686
:101950008C424FF00000C4E90000A06001D00D6887
:101960000DB9204670BD8E68711C00F05DF950B154
:10197000A368C4E9000603B90370A660294605F010
:10198000ECFA204670BD206808B100F037F900235A
:101990002360C4E90133204670BD00BF30B5044662
:1019A0008BB000230846C4E90033A36001A902F00C
:1019B0003FFB01A805F0EBFA0546206810B163680B
:1019C0009D4209D9691C00F02FF960B1A368C4E9F0
:1019D00000050BB903702068A56001A905F0BDFAE8
:1019E00020460BB030BD206808B100F007F9002395
:1019F00020462360C4E901330BB030BD10B5044666
:101A0000006800F0FBF8204610BD00BF884270B5AA
:101A1000044609D00D68006845B908B100F0EEF839
:101A20000023C4E901332360204670BD8E6810B1E5
:101A300063689E4209D9711C00F0F6F858B1A3689A
:101A4000C4E900060BB903702068A660294605F0BA
:101A500084FA204670BD20680028DFD1E0E700BF8F
:101A6000F8B50446056849B915B1284600F0C6F82E
:101A700000232360C4E901332046F8BD08460E4622
:101A800005F085FA074615B1636898420BD92846D8
:101A9000791C00F0C9F8054660B1A368C4E90007E5
:101AA0000BB903702568A7603146284605F055FA42
:101AB0002046F8BD20680028DAD000F09FF8D7E76C
:101AC00070B50E6804461EB18D685DB9204670BDC4
:101AD000206808B100F092F800232360C4E90133C4
:101AE000204670BD82680068154410B163689D424D
:101AF0000BD9691C00F098F80028E9D0A268C4E965
:101B0000000512B902702068A2683146104405F041
:101B100024FAA560DAE700BF70B5044631B1084683
:101B20000D4605F034FA58B9204670BD206808B15A
:101B300000F064F800232360C4E90133204670BD3F
:101B4000A2682368861813B161688E420DD91846C1
:101B5000711C00F069F803460028E7D0A268C4E9C8
:101B6000000612B902702368A2682946981805F089
:101B7000F4F9A660D8E700BFFEE700BF08B501F0A2
:101B800077FA4FF47A72A0FB0223900A40EA83505E
:101B900008BD00BF014638B54FF47A7200238002B9
:101BA000890D04F0C3F8054601F062FA0446E4F733
:101BB0008FFB01F05DFA001B854200D838BD281A62
:101BC000BDE8384001F078BB10B5044601F0CEFD09
:101BD000022804D02046BDE8104004F0B7BA01F056
:101BE0003FFA204604F0B2FA044601F0DFFA0CB1E5
:101BF000204610BD03F006F8FAE700BF10B5044612
:101C000001F0B4FD02280AD144B101F029FA2046BE
:101C100004F0A4FABDE8104001F0C8BA10BD204697
:101C2000BDE8104004F09ABA38B504460D4601F0FC
:101C30009DFD022805D029462046BDE8384005F024
:101C400033B901F00DFA2046294605F02DF9044676
:101C500001F0ACFA0CB1204638BD02F0D3FFFAE730
:101C600010B5044601F0FCF9204604F06FFA044672
:101C700001F09CFA0CB1204610BD02F0C3FF2046D3
:101C800010BD00BF50B110B5044601F0E9F920467F
:101C900004F064FABDE8104001F088BA704700BF54
:101CA00038B51C469DF8105043B3002908BF1A46AA
:101CB0000123C4E90F01226084F8463002F020F8C5
:101CC000D4E90F132268A26001FB03F1CB1A13447D
:101CD00000200A44FF21A063E36084F8441062609E
:101CE00084F8451004F1100003F022FB04F12400F5
:101CF00003F01EFB02F00EF884F84C50204638BD6D
:101D0000F8B5074615460E4669B100FB01F05030A4
:101D1000FFF7A6FF044690B3002200F1500380F8BD
:101D20004620036007E05020FFF79AFF044630B3D7
:101D300084F846602460C4E90F7601F0E1FFD4E93D
:101D40000F132268A26001FB03F1CB1A1344002099
:101D50000A44FF21A063E36084F84410626084F8C1
:101D6000451004F1100003F0E3FA04F1240003F03D
:101D7000DFFA01F0CFFF84F84C502046F8BD002474
:101D80002046F8BD2DE9F04F044685B01D4601926E
:101D9000884601F0B5FFA26BE36BA84F4FF0000936
:101DA0009A424E46C0F08B80022D00F006810198C9
:101DB000002800F03081B9F1000F00F0958001F0AB
:101DC000A9FF01F04DF901F09BFF94F84430FF2B7F
:101DD00008BF84F8446094F84530FF2B08BF84F8AE
:101DE000456001F097FF01A902A801F067FC0028F7
:101DF00040F0188101F084FFA26BE36B9A4277D028
:101E000001F088FF01F07CFF94F845304FFA83FA27
:101E1000BAF1000F1ADD636AC3B104F1240907E0C7
:101E20000AF1FF33DBB24FFA83FA7BB1636A6BB11D
:101E3000484601F0E9FB0028F2D001F077FC0AF1F6
:101E4000FF33DBB24FFA83FA002BEFD1FF2384F884
:101E5000453001F05FFF01F053FF94F844304FFA32
:101E600083FABAF1000F1ADD2369C3B104F1100936
:101E700007E00AF1FF33DBB24FFA83FA7BB1236943
:101E80006BB1484601F0C0FB0028F2D001F04EFCD7
:101E90000AF1FF33DBB24FFA83FA002BEFD1FF23B5
:101EA00084F8443001F036FF01F080F901F028FF9A
:101EB000A26BE36B9A424FF00109BFF475AF226C3D
:101EC000A66B002A40F0FC8025680136002D00F04A
:101ED0001881A663636A002B40F08C8001F01AFF22
:101EE000012005B0BDE8F08F02A801F0DBFB66E73A
:101EF00004F1100901F00EFF4846019901F008FBBA
:101F000001F0FEFE94F845A04FFA8AFABAF1000FEC
:101F10001CDD636AD3B104F1240B08E00AF1FF3A37
:101F20005FFA8AF34FFA83FA83B1636A73B1584652
:101F300001F06AFB0028F1D00AF1FF3A01F0F6FB4C
:101F40005FFA8AF34FFA83FA002BEED1FF2384F86D
:101F5000453001F0DFFE01F0D3FE94F844304FFA33
:101F600083FABAF1000F06DC15E00AF1FF33DBB2A9
:101F70004FFA83FA7BB123696BB1484601F044FB09
:101F80000028F2D001F0D2FB0AF1FF33DBB24FFAA6
:101F900083FA002BEFD1FF2384F8443001F0BAFE1E
:101FA00001F004F9002881D14FF080537B6040BFDD
:101FB000BFF34F8FBFF36F8F78E7226CA66B002AB9
:101FC00082D04146E06804F0F2F8236CE2682168B0
:101FD0005B421A448A42E26080F08980626813445E
:101FE000E360022D00F083800136A663636A002B54
:101FF0003FF474AF04F1240001F006FB00283FF425
:102000006DAF0E4B4FF080525A6040BFBFF34F8F01
:10201000BFF36F8F62E7009001F07CFE009805B07F
:10202000BDE8F08F01F06CFE94F845506DB2002DC4
:1020300018DD636AB3B104F1240607E000ED00E0A7
:10204000013DEBB25DB26BB1636A5BB1304601F04A
:10205000DBFA0028F4D0013D01F068FBEBB25DB281
:10206000002BF1D1FF2384F8453001F053FE01F03D
:1020700047FE94F844506DB2002D16DD2369A3B1DC
:1020800004F1100605E0013DEBB25DB26BB12369CE
:102090005BB1304601F0B8FA0028F4D0013D01F000
:1020A00045FBEBB25DB2002BF1D1FF2384F8443045
:1020B00001F030FE01F07AF8002005B0BDE8F08FA5
:1020C00041465DBBA06804F072F8A368216C6268A9
:1020D0000B44934206F10106A360FFF4FAAEA66337
:1020E000636A2268A260002B3FF4F8AE82E7002EFC
:1020F0007FF4EFAE0123A363636A002B3FF4EEAEDF
:1021000078E7606801F084FBA663636A6560002B72
:102110007FF470AF00287FF474AFDFE6E06804F06E
:1021200046F8236CE26821685B421A448A42E26006
:10213000BFF457AF52E700BFF8B50C4679B300259E
:102140000123216081F84630C1E90F35064601F0D0
:10215000D7FDD4E90F322168A56303FB02F39A1A75
:102160000A440B44FF27C4E90131E26084F844705B
:1021700004F1100084F8457003F0DAF804F124004B
:1021800003F0D6F801F0C6FDC4E90055E56084F817
:102190004C602B462A4629462046FFF7F3FD204691
:1021A000F8BD00BF2DE9F0418C4682B004461746C9
:1021B000EFF31186402282F31188806BE26B90422C
:1021C00021D3022B05D0002086F3118802B0BDE890
:1021D000F08194F84550226CD4F838806DB252BB2F
:1021E000236808F10108002B4FD06B1CC4F838801D
:1021F00037D001356DB284F84550012086F311883F
:1022000002B0BDE8F08194F84550226CD4F83880D3
:102210006DB2002AE4D073B9A06803F0C8FFA368C8
:10222000216C62680B44934208F10108A360DCD37F
:102230002368A360D9E76146E068019303F0B7FF24
:10224000206CE2682168019B404202448A42E260BD
:1022500002D262681044E060022B10D008F101083D
:10226000C3E7636A002BC8D004F1240001F0CCF965
:102270000028C2D0002FC0D001203860A4E7B8F1F8
:10228000000F08BF4FF00108AFE76068019301F04D
:10229000BFFA019B6360A8E738B5EFF311844023D0
:1022A00083F31188826BC36B93420ED990F845304B
:1022B00001325BB282635A1C0BD001335BB280F8EF
:1022C0004530012084F3118838BD002084F3118843
:1022D00038BD436A002BF4D024300D4601F094F948
:1022E0000028EED0002DECD001202860EAE700BFE6
:1022F0002DE9F047044684B08846019201F000FDC4
:10230000D4F83890B9F1000F40F09380019B002B76
:1023100000F00A8102A801F0C5F9B34F4E4604F15E
:10232000240501F0F7FC00F09BFE01F0E9FC94F8B5
:102330004430FF2B08BF84F8446094F84530FF2BED
:1023400008BF84F8456001F0E5FC01A902A801F08E
:10235000B5F9002840F0878001F0D2FCA36B002B78
:1023600040F0E88001F0D6FC0199284601F0D0F851
:1023700001F0C6FC94F845304FFA83F9B9F1000F2B
:1023800006DC15E009F1FF33DBB24FFA83F97BB1CC
:10239000636A6BB1284601F037F90028F2D001F0EA
:1023A000C5F909F1FF33DBB24FFA83F9002BEFD106
:1023B000FF2384F8453001F0ADFC01F0A1FC94F856
:1023C00044304FFA83FABAF1000F1ADD2369C3B122
:1023D00004F1100907E00AF1FF33DBB24FFA83FA88
:1023E0007BB123696BB1484601F00EF90028F2D0A9
:1023F00001F09CF90AF1FF33DBB24FFA83FA002BAC
:10240000EFD1FF2384F8443001F084FC00F0CEFECD
:1024100000287ED14FF080537B6040BFBFF34F8FC9
:10242000BFF36F8F01F06CFCD4F83890B9F1000F56
:1024300076D0226C52B1E168636811449942E16040
:1024400024BF2168E160404603F0B1FE09F1FF338B
:10245000A3632369002B40F0C98001F05BFC0120DD
:1024600004B0BDE8F08701F04BFC94F845304FFA1A
:1024700083F9B9F1000F06DC15E009F1FF33DBB297
:102480004FFA83F97BB1636A6BB1284601F0BCF85F
:102490000028F2D001F04AF909F1FF33DBB24FFA1C
:1024A00083F9002BEFD1FF2384F8453001F032FC93
:1024B00001F026FC94F844304FFA83FABAF1000F89
:1024C0001ADD2369C3B104F1100907E00AF1FF33F3
:1024D000DBB24FFA83FA7BB123696BB1484601F056
:1024E00093F80028F2D001F021F90AF1FF33DBB2B2
:1024F0004FFA83FA002BEFD1FF2384F8443001F028
:1025000009FC00F053FE01F0FBFBA36B63B101F08B
:1025100001FC01F0F5FBD4F83890B9F1000F88D137
:10252000019B002B7FF4FDAE01F0F4FB002004B012
:10253000BDE8F08701F0EEFB01F0E2FB94F84530D6
:102540004FFA83F9B9F1000F06DC15E009F1FF330A
:10255000DBB24FFA83F97BB1636A6BB1284601F0B5
:1025600053F80028F2D001F0E1F809F1FF33DBB2B3
:102570004FFA83F9002BEFD1FF2384F8453001F0A7
:10258000C9FB01F0BDFB94F844304FFA83FABAF16D
:10259000000F1ADD2369C3B104F1100907E00AF145
:1025A000FF33DBB24FFA83FA7BB123696BB1484644
:1025B00001F02AF80028F2D001F0B8F80AF1FF3350
:1025C000DBB24FFA83FA002BEFD1FF2384F84430BB
:1025D00001F0A0FB00F0EAFD01F092FBD4F8389086
:1025E000B9F1000F9CD024E700ED00E004F11000E9
:1025F00001F00AF800283FF430AF054B4FF080524D
:102600005A6040BFBFF34F8FBFF36F8F25E700BF06
:1026100000ED00E02DE9F043044685B0002601916D
:1026200001F06EFBA36BB24FB0463546002B40F075
:10263000F380019B002B00F05D81B8F1000F00F0EA
:10264000FC8001F067FB00F00BFD01F059FB94F8F2
:102650004430FF2B08BF84F8445094F84530FF2BDA
:1026600008BF84F8455001F055FB01A902A801F00C
:1026700025F800286CD101F043FBA36B002B40F040
:10268000E08001F047FB2368002B00F03C8104F15F
:1026900024094846019900F03BFF01F031FB94F812
:1026A00045304FFA83F8B8F1000F06DC15E008F169
:1026B000FF33DBB24FFA83F87BB1636A6BB14846F4
:1026C00000F0A2FF0028F2D001F030F808F1FF334B
:1026D000DBB24FFA83F8002BEFD1FF2384F84530AB
:1026E00001F018FB01F00CFB94F844304FFA83F82A
:1026F000B8F1000F1ADD2369C3B104F1100907E036
:1027000008F1FF33DBB24FFA83F87BB123696BB179
:10271000484600F079FF0028F2D001F007F808F1F0
:10272000FF33DBB24FFA83F8002BEFD1FF2384F89D
:10273000443001F0EFFA00F039FD002864D14FF089
:1027400080537B6040BFBFF34F8FBFF36F8F5BE061
:1027500001F0D6FA94F845304FFA83F8B8F1000F3B
:102760001ADD636AC3B104F1240907E008F1FF33FD
:10277000DBB24FFA83F87BB1636A6BB1484600F075
:1027800043FF0028F2D000F0D1FF08F1FF33DBB2A5
:102790004FFA83F8002BEFD1FF2384F8453001F086
:1027A000B9FA01F0ADFA94F844304FFA83F8B8F171
:1027B000000F1ADD2369C3B104F1100907E008F125
:1027C000FF33DBB24FFA83F87BB123696BB1484624
:1027D00000F01AFF0028F2D000F0A8FF08F1FF3344
:1027E000DBB24FFA83F8002BEFD1FF2384F844309B
:1027F00001F090FA00F0DAFC01F082FAA36B002BF2
:1028000000F08A8001F086FA01F07AFAA36B4FF0AB
:102810000108002B3FF40DAF2268013BA363002A9F
:1028200000F09E802369002B40F0898001F072FA4D
:102830000126304605B0BDE8F08302A800F032FF63
:10284000FFE601F067FA01F05BFA94F845304FFAC1
:1028500083F8B8F1000F1ADD636AC3B104F12409EB
:1028600007E008F1FF33DBB24FFA83F87BB1636A0C
:102870006BB1484600F0C8FE0028F2D000F056FFC9
:1028800008F1FF33DBB24FFA83F8002BEFD1FF23BF
:1028900084F8453001F03EFA01F032FA94F8443001
:1028A0004FFA83F8B8F1000F1ADD2369C3B104F1C0
:1028B000100907E008F1FF33DBB24FFA83F87BB170
:1028C00023696BB1484600F09FFE0028F2D000F06B
:1028D0002DFF08F1FF33DBB24FFA83F8002BEFD165
:1028E000FF2384F8443001F015FA00F05FFC8BE719
:1028F00000ED00E0009301F00DFA009B1E4630460B
:1029000005B0BDE8F08301F0FBF9606800F03EFF20
:10291000064601F0FFF9BAE601F0FCF9002E88D076
:1029200001F0EEF9616A19B1236B1968C1F1050173
:10293000606800F099FF002601F0ECF979E704F1F6
:10294000100000F061FE00283FF470AF064B4FF01E
:1029500080525A6040BFBFF34F8FBFF36F8F65E760
:1029600000F0B8FF60605DE700ED00E010B50446E0
:1029700001F0C6F9A46B01F0CDF9204610BD00BFEF
:10298000104B5A68904208D0DA68904208BF012282
:1029900004D090F8463093B170470022002110B463
:1029A00003EBC20443F8321090F84630616013B173
:1029B0005DF8044B70475DF8044BFFF763B9FFF710
:1029C00061B900BF0CA20020074B1A681AB19A68BF
:1029D00002B17047012210B403EBC20443F8321075
:1029E00060605DF8044B70470CA2002070B505468E
:1029F0000C46164601F084F995F84430FF2B04BFCD
:102A0000002385F8443095F84530FF2B04BF0023A0
:102A100085F8453001F07EF9AB6B2BB93246214683
:102A200005F1240000F0B0FD01F06AF995F8454089
:102A300064B2002C16DD6B6AA3B105F1240605E033
:102A4000013CE3B25CB26BB16B6A5BB1304600F043
:102A5000DBFD0028F4D0013C00F068FEE3B25CB27C
:102A6000002BF1D1FF2385F8453001F053F901F037
:102A700047F995F8444064B2002C16DD2B69A3B1E8
:102A800005F1100605E0013CE3B25CB26BB12B69C5
:102A90005BB1304600F0B8FD0028F4D0013C00F0F6
:102AA00045FEE3B25CB2002BF1D1FF2385F8443040
:102AB000BDE8704001F02EB92DE9F041044601F067
:102AC0001FF9344A344D1368013313602B68002B0F
:102AD0002FD0324EE36A32682AB331483149076851
:102AE0000A689F4238BF03602F48013203EB83031B
:102AF0000A6000EB8300E263211D02F029FC01F073
:102B000009F933686BB12A68E36AD26A9A4208D23B
:102B1000264B4FF080525A6040BFBFF34F8FBFF338
:102B20006F8FBDE8F0812A68D26A9A4298BF2C6004
:102B3000D3E72C601368012B02D0E36A174ECCE771
:102B40001948DFF894801A4F144E02F0F1FB19482F
:102B500002F0EEFB184802F0EBFB184802F0E8FB2D
:102B6000174802F0E5FB404602F0E2FB384602F06F
:102B7000DFFB144802F0DCFB134802F0D9FB1348DA
:102B800002F0D6FB124B134AC2F800801F60E36AC2
:102B9000A3E700BFEC9700207C9700204C98002012
:102BA00000980020FC9700208897002000ED00E0AE
:102BB000189800209C970020B0970020C497002010
:102BC000D897002038980020649800205098002062
:102BD0008497002080970020049800202DE9F84376
:102BE000DDE90964002C60D016B93046BDE8F883F1
:102BF0000D469700984602233A4684F851308146A4
:102C000026633046A52103F0F6FA2A78236B84F870
:102C10003420043F2A781F4427F0070702B36B785B
:102C200084F835306B78DBB1AB7884F83630AB782C
:102C3000B3B1EB7884F83730EB788BB12B7984F82B
:102C400038302B7963B16B7984F839306B793BB1CB
:102C5000AB7984F83A30AB7913B1EB7984F83B3037
:102C6000089D042D28BF04250026E5626564201D0B
:102C700084F83B60A66402F067FBC5F1050504F12A
:102C8000180002F061FBE66442464946A5612461F2
:102C900084F850606462384600F0F6FF20602046F9
:102CA000FFF70AFF2046BDE8F8832046BDE8F88319
:102CB0002DE9F0479600804630460D469946099F1B
:102CC000FEF7CEFF002869D082465420FEF7C8FFE9
:102CD000044600285BD00023C0F830A0324650469E
:102CE00084F85130A52103F086FA2A78236B84F802
:102CF0003420043E2A781E4426F0070A02B36B787B
:102D000084F835306B78DBB1AB7884F83630AB784B
:102D1000B3B1EB7884F83730EB788BB12B7984F84A
:102D200038302B7963B16B7984F839306B793BB1EA
:102D3000AB7984F83A30AB7913B1EB7984F83B3056
:102D4000089D042D28BF04250026E5626564201D2A
:102D500084F83B60A66402F0F7FAC5F1050504F1BA
:102D6000180002F0F1FAE664A561246184F850606D
:102D700064624A464146504600F086FF206007B133
:102D80003C602046FFF798FE0120BDE8F0875046E2
:102D9000FEF778FF4FF0FF30BDE8F0874FF0FF30CF
:102DA000F3E700BF70B504464C4E00F0A9FF002CBD
:102DB00039D0251D284602F0F5FAA36A1BB104F1AB
:102DC000180002F0EFFA29464548464D02F0C0FAD5
:102DD00094F85030012B04BF002384F8503000F0E9
:102DE00099FF2B6893B93368A34200D070BD2B685C
:102DF000DBB93B493C4A09681268914226D03B4BFB
:102E00001B682BB33A4B01221A6070BD00F078FFAB
:102E1000384B1A68126892B9374B4FF0FF321A607C
:102E200000F078FFDFE73468C3E7344B4FF080529F
:102E30005A6040BFBFF34F8FBFF36F8F70BD1A68EA
:102E40002D4BD268D26852681A60E9E7336070BDD2
:102E5000274A13603268336812681B6B9A4236D96E
:102E6000274C284922689300981880000858E0B938
:102E7000551EAB0058198000085830BB951EAB009A
:102E800058198000085800BBD51EAB0058198000A7
:102E90000858D0B9151FAB00581980000858A0B9C0
:102EA000053A930098188000085813449B00CD18E9
:102EB00008336868406868600B44984204BF406803
:102EC0006860C3683360226070BD2A46EDE73068F1
:102ED0003168343101F094FEC2E700BF7C970020D6
:102EE000509800204C980020EC970020F897002084
:102EF0007C980020809700203098002000ED00E0B2
:102F0000009800208897002080B170B51B4D2B6879
:102F100083420AD0044600F0F3FE194B62699A42DC
:102F200005D0BDE8704000F0F5BE70BD7047A36AE3
:102F3000144A9342F5D0002BF3D1261D304602F0FF
:102F400031FA114AE36A116810488B4288BF136056
:102F500003EB830300EB8300314602F0F9F92B68A1
:102F6000E26ADB6A9A42DCD3094B4FF080525A6026
:102F700040BFBFF34F8FBFF36F8FD2E77C97002026
:102F80005098002038980020009800208897002052
:102F900000ED00E070B584B0002503AA02A901A8E5
:102FA000CDE9015501F030FE019C002C46D002987D
:102FB000002843D0039E20630223B600A521324699
:102FC00084F8513003F017F9236B1F4A6263201D08
:102FD00084F83850043E84F83B50E562C4E911554A
:102FE0001E4402F0B1F904F1180002F0ADF926F028
:102FF00007060523A3612A461449E5643046246187
:10300000646284F8505000F03FFE20602046FFF7D5
:1030100053FD0F4B1C6000F0DBFD012811D1402354
:1030200083F311880B490C4A0C4B4FF0FF340C60B2
:1030300010601D6000F03EFE04B070BD044B002225
:103040001A6004B070BD00BF49444C453D330400D4
:103050002C980020309800204C9800207898002070
:10306000024A136801331360704700BFF8970020CD
:10307000014B1868704700BF78980020024A136817
:1030800018441060704700BF789800202DE9F04F79
:103090003B4B1B6883B0002B42D13A4B1F68013772
:1030A0001F60002F4AD0384B01931B68BB423BD8AE
:1030B000364EDFF8EC80DFF8ECA0DFF8EC9000256E
:1030C00025E03368DB68DC68636804F1040B9F4229
:1030D000584651D302F066F9A36A04F118000BB107
:1030E00002F060F9E36AD8F8002003EB8300934212
:1030F00059460AEB800088BFC8F8003002F028F972
:10310000D9F80030E26ADB6A9A4228BF01253368A9
:103110001B68002BD5D1019A4FF0FF33136004E0F8
:103120001B4A13680133136000251A4B1B68002BE0
:103130000CBF2846012003B0BDE8F08F134E164B9C
:103140003168164A186830601960136801331360DB
:1031500033681B683BB90C4B01931A464FF0FF33A1
:1031600013601346A1E73368074ADB680192DB6806
:103170005B681360134698E7019A1360D5E700BFB8
:10318000F897002078980020309800208097002041
:10319000F49700207C980020849700203498002029
:1031A00000980020889700207C9700202DE9F047A8
:1031B00000F0A6FD354B1A68013A1A601C68002C15
:1031C00057D1334B1B68002B53D0DFF8E0A0314EB2
:1031D000314FDFF8DC90DFF8DC80336813B3F3683D
:1031E000DC68251D04F1180002F0DCF8284602F026
:1031F000D9F8E36A3A6803EB83009342294609EB66
:10320000800088BF3B6002F0A3F8D8F80030E26A83
:10321000DB6A9A424FF00103DFD3CAF8003033680B
:10322000002BDCD13CB11D4B1A6812683ABB1C4B19
:103230004FF0FF321A601B4D2C6844B10126FFF796
:1032400025FF08B1CAF80060013CF8D12C60DAF81B
:10325000003073B1144B4FF080525A6040BFBFF33F
:103260004F8FBFF36F8F012400F054FD2046BDE85F
:10327000F087002400F04EFD2046BDE8F0871A6874
:10328000074BD268D26852681A60D4E7F8970020DA
:10329000EC970020389800200098002080970020AC
:1032A00030980020F497002000ED00E07C9800208A
:1032B000889700207C97002070B548B9184B4FF0D4
:1032C00080525A6040BFBFF34F8FBFF36F8F70BD06
:1032D000144A15491368154E013313600D680446EE
:1032E0003068043002F05EF8336864195C600FD215
:1032F0000F4B18683168043102F03AF80D4B1A6828
:10330000944238BF1C60FFF751FF0028D6D070BD33
:10331000094B18683168043102F02AF8F3E700BF5E
:1033200000ED00E0F8970020789800207C970020BE
:103330008097002030980020849700202DE9F84FD6
:103340003C4E3D4D3D4CDFF80891DFF80881DFF839
:1033500008B14FF0805A2368D3B100F0D1FCF36874
:10336000DF68381D02F01EF82B68013B2B602368D4
:10337000013B236000F0CEFC97F85130002B37D092
:10338000012BE8D13846FEF77DFC2368002BE4D101
:103390002B4B1B68012B06D9CBF804A040BFBFF311
:1033A0004F8FBFF36F8F00F041FED9F8003033BB71
:1033B000D8F80030DB6A002BCDD1214B1B68012BE4
:1033C000C9D8204B204A1B6812689B1A012BC2D90E
:1033D0001E4A136801331360D9F80030BBB1D8F826
:1033E0000030DB6A0BB9164B1B68FFF7DFFEB2E754
:1033F000386BFEF747FC3846FEF744FCABE7D8F8DD
:103400000030DB6A002BA6D10D4B1B68A3E7D8F870
:103410000030DB6A002BE8D1094B1B68012BE4D894
:10342000084B1868084B1B68C01A0128DDD900F04A
:10343000DDFCDAE764980020EC970020F09700208C
:10344000889700203098002078980020F897002076
:10345000009800207C97002000ED00E0274B1B68BF
:10346000002B40D1264A70B5264C13602268236891
:1034700012681B6B9A423AD9234D24492A6893005B
:10348000981880000858E0B9561EB30098198000BB
:10349000085830BB961EB30098198000085800BB2E
:1034A000D61EB300981980000858D0B9161FB30073
:1034B000981980000858A0B9053A93009818800020
:1034C000085813449B00CE18083370684068706039
:1034D0000B44984204BF40687060C36823602A6050
:1034E00070BD3246EDE7064B01221A607047206836
:1034F0002168343101F084FBBEE700BFF89700205B
:103500007C9800207C97002000980020889700205D
:1035100070B5174D2B680C4603F1180101F028FF18
:10352000144B1E682868043001F03CFF631C17D060
:103530002B68A4195C600BD20F4B18682968043102
:1035400001F016FF0D4B1A68944238BF1C6070BD25
:103550000B4B18682968BDE87040043101F008BFC2
:10356000296808480431BDE8704001F0F1BE00BF91
:103570007C970020789800208097002030980020C9
:10358000849700205098002070B5194D2B680C4688
:10359000164603F1180101F0DBFE164B5EB11B6805
:1035A0002868043001F0FEFE296813480431BDE8A4
:1035B000704001F0CDBE1E682868043001F0F2FEB4
:1035C0002B68A4195C600BD20C4B18682968043175
:1035D00001F0CEFE0A4B1A68944238BF1C6070BDE1
:1035E000084B18682968BDE87040043101F0C0BE7E
:1035F0007C97002078980020509800208097002029
:10360000309800208497002038B5C368DC6804F146
:103610001805284601F0C6FE1A4B1B682BBB251D5A
:10362000284601F0BFFE184AE36A116817488B422A
:1036300088BF136003EB8303294600EB830001F08E
:1036400087FE134BE26A1B68DB6A9A4282BF114B0A
:1036500001201860104B1A68126898BF00204AB900
:103660000E4B4FF0FF321A6038BD29460C4801F06E
:103670006FFEE6E71A68094BD268D26852681A6092
:1036800038BD00BFF89700200098002088970020E0
:103690007C9700207C9800208097002030980020A4
:1036A00038980020034A044B12681B68C0E90023C5
:1036B000704700BF3498002078980020F8B50D4678
:1036C000044600F01DFB2B681649581C0A6813D0ED
:1036D000DFF854C0D4E90060DCF80070BE4201D0CD
:1036E00090421AD9121A93420BD800232B6001255D
:1036F00000F010FB2846F8BD002500F00BFB284623
:10370000F8BDDCF800009B1A0A682B60C4E90002CF
:10371000002500F0FFFA2846F8BD012500F0FAFA6E
:103720002846F8BD7898002034980020014B0122EB
:103730001A6070477C980020084B186860B9084BE5
:103740001B6853B9074A084B10681B68013B984235
:1037500014BF0120022070470020704738980020D5
:103760007C98002050980020EC970020054B1B68A7
:1037700033B1054B1B68002B0CBF022000207047A3
:10378000012070474C980020F897002018B3F8B536
:103790001C4CC36A2268D26A934214D28269002AFE
:1037A00004DB2268D26AC2F105028261164D4269C9
:1037B00003EB830305EB83039A420DD02368DB6A96
:1037C000C3620120F8BD2368406CDB6A98422CBFBD
:1037D00000200120F8BD7047061D0746304601F065
:1037E000E1FD2268094BD06A1A68F862904200D95C
:1037F000186000EB800005EB8000314601F0A8FD69
:103800000120F8BD7C9700208897002000980020B8
:1038100050B138B5C16A836C426C013B91428364FC
:1038200000D01BB1002038BD00207047051D0446A4
:10383000284601F0B7FD0A4A636C1168E362C3F1E0
:1038400005008B42A061074888BF136003EB830328
:1038500000EB8300294601F07BFD012038BD00BF4D
:10386000009800208897002048B1426CC36A9142BA
:1038700038BF11468B4202D0826C012A00D07047BB
:10388000826970B5114DC162002A03EB830342695E
:10389000A8BFC1F1050105EB8303A8BF81619A426E
:1038A00000D070BD061D0446304601F07BFD084B7C
:1038B000E06A1A68904288BF186000EB800005EB50
:1038C00080003146BDE8704001F042BD889700207D
:1038D00000980020044B1A681AB119688A6C0132EA
:1038E0008A641868704700BF7C9700202DE9F04F6C
:1038F000AD4EDFF8C482AD4D89B033681C68002C32
:1039000000F08E80DB681C68FFF7AAFBFFF7B0FBB6
:10391000D8F80030984207465DD38442C8F80000CA
:1039200040F20B810022E11B2868FFF75FF8FFF7E8
:103930003DFC88B99E4A4FF08053536040BFBFF3AF
:103940004F8FBFF36F8F07E0019B03992046984785
:10395000009B002B80F23881286800226946FEF720
:10396000C7FC0028C9D0009B029C002BECDB6369DC
:1039700013B1201D01F016FDFFF77AFBD8F80030D7
:103980009842814643D3009BC8F80090092BE3D8A6
:10399000012202FA03F313F4047F69D113F0C70F75
:1039A00040F0A1809B06D7D594F82C30002BD3D1C2
:1039B0002046FEF767F9CFE7DB68DC68D3F800A0A4
:1039C00004F10409484601F0EDFC636A204698477B
:1039D000E369012B36D033681A68002AECD17549A7
:1039E000C8F800700A6832600B60FFF7DFFBB3E7CE
:1039F000DB68DF68D3F800B007F1040A504601F035
:103A0000D1FC7B6A38469847FB69012B25D0336887
:103A10001A68002AECD167490A6832600B60B2E785
:103A2000FFF71EFBFFF724FBD8F800308342074660
:103A3000D1D8604BC8F800701B681A68B2FA82F2DD
:103A4000520970E7A36953449A45494622D26360FC
:103A50002461306801F08CFCBDE7BB695B449B4589
:103A6000514627D27B603F61306801F081FCCEE790
:103A7000019B246103EB09024A45A36162602CD8D3
:103A8000002B3FF469AF4B4B211D186801F070FC0F
:103A9000286862E72B68002B9DD00023CDE9043A0B
:103AA0000694FFF763FE00231A4604A92868FEF770
:103AB00069F990E72B68002BA9D00023CDE9043BDE
:103AC0000697FFF753FE00231A4604A92868FEF75D
:103AD00059F99CE74B4500D998B13068211D01F098
:103AE00047FC286839E7019BA269246199182CBF1B
:103AF0000120002049456160ECD8A9EB03039A42FC
:103B0000C1D8636A20469847E369012B7FF424AF4C
:103B1000019BA2692868134400283FF41EAF0022CD
:103B2000CDE904230694FFF721FE00231A4604A9D9
:103B30002868FEF727F928680FE7FFF737FB336897
:103B4000DB68D3F80C9009F1040A504601F02AFC16
:103B5000D9F81C30012B04D0D9F8243048469847B6
:103B6000FAE6D9F81830C9F81090E218BA42C9F844
:103B7000042004D95146306801F0FAFBECE73F1B02
:103B8000BB421BD82B68002BE6D00023CDE90434C0
:103B9000CDF81890FFF7EAFD00231A4604A928681B
:103BA000FEF7F0F8D8E700BF80980020049B0020C3
:103BB00000ED00E084980020B09A0020034B5146AD
:103BC000186801F0D5FBC7E7029CD0E68498002076
:103BD000F0B5204C89B000F093F82568FDB100F0F5
:103BE00099F82068C8B1002407AA06A905A8CDE95C
:103BF000054401F017F8DDE905300221CDE9001098
:103C0000079A0293144915482346FEF7E7FF144A22
:103C10000346001B18BF0120136009B0F0BD114F0F
:103C2000114E384601F084FB304601F081FB0F4A0B
:103C30000F4900950F4B17600E600F4A102120208E
:103C4000FEF72EF820600028C9D00C49FEF7BCFE14
:103C5000C5E700BF049B002038A80400ED3804002D
:103C6000089B0020889A00209C9A002080980020C1
:103C700084980020B49A00208898002030A804007E
:103C8000402383F31188FEE730B46FF002034FF056
:103C90008075074C40F8045C40F80C4C40F8081C58
:103CA00040F8202C40F8243C30BC4438704700BF1A
:103CB000813C04000F4C08B5E02384F8223000F06A
:103CC00077F80D4B0D4A00211960D4F8883043F481
:103CD0007003C4F88830536843F04043536023694D
:103CE00043F01003236100F04FF9402383F3118860
:103CF000FEE700BF00ED00E00C9B002030EF00E08D
:103D0000402383F31188024A13680133136070471C
:103D10000C9B0020034A1368013B13600BB983F32B
:103D2000118870470C9B002041DF704712DF7047FD
:103D300070B51B4B00251D6082B01B680193019B71
:103D4000EFF31186402383F31188164A164BD2F8FD
:103D500004451D601B680093009BFFF789F9241A36
:103D600024F07F44012C0DD844B1FFF78FF90546AC
:103D700025B10E4B4FF080525A6040BF86F3118838
:103D800002B070BDFFF7F2FC0228EED1013CFFF754
:103D90007DF9013C631C45EA0005F8D1E8E700BF66
:103DA00040110140001001400011014000ED00E011
:103DB0000B4B0C4930B41F200B4DC3F808050122F2
:103DC0000224E020C3F804232A601A60C3F84443A5
:103DD00081F811034FF400330B6030BC704700BF13
:103DE0000010014000E100E0081001402DE9F04121
:103DF000804684B0EFF3108272B6584CA36883B942
:103E0000574B58480121A160D3F880100140216030
:103E1000C3F88000D3F8841061604FF0FF31C3F81D
:103E2000841002B962B6504ED6F80475FFF784FCD0
:103E300000283DD04D4A4E49424528BF4246BB1856
:103E400023F07F4301200025C6F80803C6F840355B
:103E50000D600B6801934FF480330199C6F8043369
:103E6000BFF34F8FB8F1000F54D13F4B404D414944
:103E70004FF48030C3F80803002028602D680395B4
:103E8000039D08600968029101210298C3F8041398
:103E9000D3F804353249DB1B23F07F45954228BF18
:103EA00015464FF40033012DC1F8803111D827D0C9
:103EB000A3685BB1EFF3108372B6294A21681160E1
:103EC000616851600022A26003B962B604B0BDE827
:103ED000F081681EFFF7D2F8274BDB68DA010FD5B7
:103EE000264A1368DB070BD5254B516803FB05F504
:103EF000A5F57425A5F51075AD0A01EB851555607E
:103F0000FFF7C4F80028D3D01E4B4FF080525A6000
:103F100040BFCDE7F1EE103A23F09F03E1EE103AF7
:103F2000F1EE103A0E4B04A84FF480614026C3F81E
:103F30008461C3F8841100F8045DFFF7F7FE9DF873
:103F40000C1039B920BFD3F80001D3F80411014394
:103F5000F8D08AE7FFF7E8FE87E700BF20A200203D
:103F600000E100E0FC06FFBD00100140FDFFFF0086
:103F70004011014000110140F0ED00E0001000E0B0
:103F800040420F0000ED00E00748006880F3088819
:103F900062B661B6BFF34F8FBFF36F8F4FF0E00093
:103FA00080F3118800DF00BF00600200064B196833
:103FB0000868B0E8F04F80F30988BFF36F8F4FF0C7
:103FC000000080F3118870477C970020EFF3098090
:103FD000BFF36F8F144B1A681EF0100F08BF20ED4F
:103FE000108A20E9F04F10604DF8043D4FF040007A
:103FF00080F31188BFF34F8FBFF36F8FFFF72EFA57
:104000004FF0000080F3118808BC19680868B0E818
:10401000F04F1EF0100F08BFB0EC108A80F3098833
:10402000BFF36F8F704700BF7C970020704700BFC1
:1040300079B3931E222B2CD8F0B48AB001AF3C4642
:1040400070B1B0FBF2F602FB1605EBB2092D94BF7E
:1040500030335733DBB2304604F8013B0028F0D14F
:10406000302301E004F8013BBC42FBD00FD94A1ECB
:10407000234613F8010D02F8010FBB42F9D1E41AEF
:104080000C440023084623700AB0F0BC70470C466D
:10409000F7E70020704700BF0A490B4A0B4B9B1AF9
:1040A00003DD043BC858D050FBDC094809494FF0F8
:1040B000AD32026004300439FBD100F055FCE2F768
:1040C000C7F8000060AB0400006000202C640020F2
:1040D00000F8032000080000FEE7FEE7FEE7FEE729
:1040E000FEE7FEE7FEE7FEE7FEE7FEE708B5002095
:1040F000E2F7E8F8EDF7E4FD0E4B43B10E4B7BB170
:10410000EDF72CFF00F06CFDFDF72AFAF8E7EDF76C
:1041100025FF00F065FDEDF721FF00F061FDF6E7FA
:10412000EDF71CFF00F05CFDEDF718FF00F058FD07
:10413000F6E700BF000000006115040000B583B081
:1041400000F0BAFEFCF7DCFB0E4B019301234FF4A9
:1041500080620D4900930D480023FEF7A9FD4FF43E
:10416000407000F05DFEFEF715FFBFF34F8F08496A
:10417000084BCA6802F4E0621343CB60BFF34F8F71
:1041800000BFFDE7109B002040A80400ED400400A4
:1041900000ED00E00400FA0538B507480C46154666
:1041A000E2F71AFA00B938BD2A4621460248BDE8AE
:1041B0003840E2F7E9B800BF48640020FDF704BDCD
:1041C000FDF702BDFDF71ABDFDF718BD084A094904
:1041D00008B513681844884202D81060184608BD14
:1041E00001F064FF0C2303604FF0FF33184608BD55
:1041F0001062002000F80320114B1A78EAB9017808
:10420000104810B40A464FF0804402F00102C1F396
:104210004001C4F88015C4F878250268D20706D496
:10422000E021012280F80013C0F880210260012201
:1042300005481A705DF8044B70470448704700BF8A
:104240001CA2002000E100E00000AD0B0C00AD0B53
:104250000268074B4FF0804010B400214FF46074A7
:10426000C0F80843196002B11A605DF8044B70474A
:104270001C9B00204FF080434FF46072C3F804236E
:10428000704700BF10B54FF0804386B0D3F80443A9
:10429000620705D5D3F8082103F58473002A4ED1AF
:1042A000A30603D52A4B1A68002A3FD1600603D51E
:1042B000284B1A68002A2FD1210602D5264B1A68EE
:1042C0000ABBE20502D5254B1A6892B9A3050ED5A3
:1042D000234B1A685AB100221A601A68214B0592C2
:1042E000059A1B68022006B0BDE81040184706B0CA
:1042F00010BD00221A601B4A1B680493012013683A
:10430000049A9847E2E700201860164A1B68039356
:104310001368039A9847D4E700221A60124A1B6870
:10432000029301201368029A9847C5E7002018609D
:104330000D4A1B6801931368019A9847B6E700225B
:104340001A600A4A1B6800931368009A9847A7E707
:1043500014010040180100401C01004020010040F1
:10436000240100401C9B0020189B0020149B00206F
:104370002DE9F04F04799D4DE6003719BF0005EB9C
:10438000070E83B09EF81CC0BCF1000F40F0E58022
:1043900091F80CC00068EA51CEF80430BCF1010F6E
:1043A0000B7840F2DE801F2B87BF03F01F08DFF879
:1043B00040E298464FF0A04E012707FA08F7CEF8E2
:1043C00008751F2B8BBF03F01F071F46DFF820E285
:1043D0004FF0A04E07F5E0774FF001084EF8278028
:1043E0004F78FF2F00F0E9801F2F8ABF07F01F09C9
:1043F000B946DFF8FC81009798BF4FF0A04809F557
:10440000E07A4FF0010E0EFA09FE4FF00309C8F8EA
:104410000CE548F82A9091F802E0BEF1FF0F00F099
:10442000D580BEF11F0F91F80EA088BFDFF8C0B194
:10443000CDF804E08EBF0EF01F08F0464FF0A04B01
:1044400008F5E0784FEA8A0A4BF828A006EB040842
:1044500005EB880888F820E091F803E088F81FE071
:10446000BEF1FF0F2AD091F80490F046B9F1000F89
:1044700040F08680BEF11F0F87BF0EF01F0B5C4F10
:10448000F3464FF0A0474FF0010A0AFA0BFAC7F8BB
:1044900008A5BEF11F0F86BF0EF01F08DFF850A160
:1044A0004FF0A04A08F5E07806EB040E4FF0030B3E
:1044B00005EB8E0E4AF828B08EF81E9091F80DE0AC
:1044C000C0F80835009BD1F80880C0F80C351EF103
:1044D000000318BF0123019FC0F81075BCF1020F43
:1044E000C0F824857FD0BCF1030F79D0BCF1010F57
:1044F00056D0C0F854358B79C0F8C035002A58D052
:1045000040220723C0F80423C0F800354A79000B85
:1045100043B25201002BD1B2C0B25BDB5A09920008
:1045200002F1604203F16043012702F5614203F5A5
:10453000614300F01F0007FA00F083F80013C2F88F
:1045400080011060344405EB84052A4800220123D1
:104550006A772B7703B0BDE8F08F274803B0BDE83A
:10456000F08F1F2B87BF03F01F08DFF884E0984609
:104570004FF0A04E012707FA08F7CEF80C7520E798
:10458000BEF11F0F87BF0EF01F0B194FF3464FF000
:10459000A0474FF0010A0AFA0BFAC7F80CA578E712
:1045A00043F00203C0F854358B79C0F8C035002AB7
:1045B000A6D10723C0F80035C4E791F802E04FF018
:1045C000FF37BEF1FF0F00977FF42BAF4FF0FF379F
:1045D00001973BE7094B00F00F0003441976B1E760
:1045E00043F0060385E743F0040382E7209B0020A5
:1045F000000300500000AD0B0500AD0BFCEC00E02B
:10460000F0B40479294A0368E1000D19AD00565948
:10461000EEB11F0B7EB2002E11DB7609203601238E
:10462000DFF89CC007F01F0703FA07F74CF8267065
:10463000BFF34F8FBFF36F8F555903683DB1081912
:1046400002EB80001A4DC3F80853407F10BB0819D5
:1046500002EB800090F82000FF280BD01F288ABFB3
:1046600000F01F004FF0A045124D00F5E07002264B
:1046700045F82060104800258342C3F8005502D158
:104680000E4B01201860214402EB810200231377B6
:10469000F0BC704701205861D3F804010028FBD01A
:1046A000081902EB800000254577D0E7209B002009
:1046B000520108000003005000F0024004F00240E4
:1046C00000E100E02DE9F04F0479644F4FEAC40C9B
:1046D0000CEB04039B008646F8180E46417F83B01E
:1046E000002940F0918057F803909046B9F1000FEF
:1046F00004D012F0140F04BF012343770CEB040520
:1047000007EB850596E80F0095F81FA005F10C0B47
:10471000BAF1FF0F8BE80F0010D0AA7F5346002A92
:1047200076D0BAF11F0F86BF0AF01F034C494FF035
:10473000A041012202FA03F3C1F8083532686AB1D8
:1047400002F06043B3F1005F08D0644407EB8407D4
:10475000002344487B7703B0BDE8F08FB16821B1F6
:1047600001F06043B3F1005FEFD1DEF8003075680F
:10477000F068C3F844250022C3F84855C3F834153F
:10478000C3F83805C3F81821D3F818210192019A0B
:1047900018F0010218BF0122C3F8502518F00202D8
:1047A00018BF012218F0080FC3F8402504BF0122EA
:1047B0001A61B9F1000F0BD02B48402218F0040FFA
:1047C00014BFC3F80823C3F8042303B0BDE8F08F77
:1047D000D3F81821002AFBD0BAF1FF0F2CD0644483
:1047E00007EB8407BB7F4BB3BAF11F0F84BF0AF0FE
:1047F0001F0A1B4A1C4898BF4FF0A042012303FA2E
:104800000AF3C2F80C35A6E7184803B0BDE8F08FEC
:10481000BAF11F0F4FF0010288BF0AF01F0302FA1E
:1048200003F388BF0E49326898BF4FF0A041C1F82A
:104830000C35002A84D191E70B488CE7BAF11F0FA1
:1048400084BF0AF01F0A064A074898BF4FF0A042EB
:10485000012303FA0AF3C2F808357CE7209B002005
:10486000000300500A00AD0B0000AD0B0B00AD0BB8
:10487000194BD3F8182102B970470021174AC3F821
:104880001811D3F81811D37F82B0FF2B0191019931
:104890000DD0917F99B11F2B86BF03F01F031048E5
:1048A0004FF0A040012101FA03F3C0F80C350023BA
:1048B00053771372D2E900310A4802B018471F2B10
:1048C00086BF03F01F0306484FF0A040012101FA04
:1048D00003F3C0F80835EAE700300240209B0020CF
:1048E00000030050289B00201B4BD3F8182102B96D
:1048F00070470021194AC3F81811D3F8181192F81B
:10490000433082B0FF2B019101990ED092F84210F2
:10491000A9B11F2B86BF03F01F0311484FF0A04021
:10492000012101FA03F3C0F80C35002382F841306D
:1049300082F82C30D2E909310A4802B018471F2BFF
:1049400086BF03F01F0306484FF0A040012101FA83
:1049500003F3C0F80835E8E700F00240209B002090
:10496000000300504C9B0020604B1B6830B45C1C63
:1049700037D05F4A082B126800F08F805B4B5C4A8F
:104980001B681268082B15D0591C23D0584A12688E
:10499000082B12D0574AD2F8883043F47003C2F87B
:1049A0008830BFF34F8FBFF36F8F534B534A1A605A
:1049B00030BC7047002A00F08280032AEAD84FF00A
:1049C0008043D3F80024D20744BF6FF00102C3F83C
:1049D0000024DFE74A4A4B4B12681B78C2F30312EC
:1049E000D6E7484A464B12781B68082AC3F30313DC
:1049F00001D1032B53D9424A424B12681B78C2F3B0
:104A00000312082BBAD1032AB8D84FF080523E4B7C
:104A1000D2F80414C3F82015D2F80814C3F82415EA
:104A2000D2F80C14C3F82815D2F81014C3F82C15BA
:104A3000D2F81414C3F83015D2F81814C3F834158A
:104A4000D2F81C14C3F84015D2F82014C3F844154A
:104A5000D2F82414C3F84815D2F82814C3F84C151A
:104A6000D2F82C14C3F85015D2F83014C3F85415EA
:104A7000D2F83414C3F86015D2F83814C3F86415AA
:104A8000D2F83C14C3F86815D2F84014C3F86C157A
:104A9000D2F84424C3F8702570E7032A0CD8134BCE
:104AA0001B684FF080420021581CC2F80C11C2F85C
:104AB0001011C2F838159ED00D4A1268A1E7134CA8
:104AC0001349144D25601448144AFB24C1F81845B5
:104AD00001681268124C21F00F0102F00F020A4324
:104AE0004FF400710260216050E700BF30010010F8
:104AF0003401001000ED00E0146200200090D003AB
:104B0000E80F00F0E00F00F000C000408C560040BD
:104B100000F0004048810300E40E004058020010FD
:104B20004096024070B4284C284B2568284CA3FBC3
:104B300005639B0C02FB03F254F82000254B1F2851
:104B4000A3FB02324FEA920234D80123002903FA70
:104B500000F114BF084600204FF0A04401E0013AE4
:104B600025D0D4F810350B408342F8D001E0013A4B
:104B70001DD0D4F810350B408342F8D1002002E05C
:104B80000130824213D0D4F810650E40B342F7D002
:104B900070B1114A43F2C823A2FB052503FB00F0C4
:104BA000AD0900F57A50B0FBF5F070BC70470020FD
:104BB00070BC704720380123002903FA00F114BFAC
:104BC00008460020054CCCE71462002083DE1B431E
:104BD0002CA704004FECC44ED34D621000030050CC
:104BE00008B5E1F775FB054B4FF080525A6040BFA6
:104BF000BFF34F8FBFF36F8F08BD00BF00ED00E024
:104C0000704700BF704700BF044B036010B46423BB
:104C1000034C0C6013605DF8044B7047689B0020E8
:104C2000BC9B0020054B036010B44FF48073044C10
:104C30000C6013605DF8044B704700BF4C9D002072
:104C4000A09D002070B51F4C84B04FF0FF3203A927
:104C50002068FDF74DFB0028F7D00398037A4568DC
:104C6000052B0DD8DFE803F0272A221C1503D0E915
:104C70000361D0E90523C06900903046A847039836
:104C800003681BB11846FCF7B9FF0398FCF7B6FFA1
:104C9000DBE7D0E90523D0E90301A8470398EFE754
:104CA000D0E90412C068A8470398E9E7D0E90301F6
:104CB000A8470398E4E7A8470398E1E7C068A84736
:104CC0000398DDE7A4A100202DE9F0432D4B2E4CE5
:104CD0005B6885B0C3F30803019001AF2068002B27
:104CE00044D0002339461A46FDF75CFA01283AD031
:104CF000DFF89880D8F80000002240000421FCF77B
:104D0000FFFF064678B3DFF88890D9F80000FEF779
:104D100049F8FEF7F5FF02E03046FDF733F80022D0
:104D200003A92068FDF7E4FA00230546642203A9DD
:104D30000028F1D12068FDF723FE2660FEF7EAFF88
:104D4000D9F80000FEF7E0F8D8F800300D4A2068E6
:104D50005B00C8F800305368C3F30803394653B901
:104D60006422FDF70FF805B0BDE8F08339466422F0
:104D7000FDF708F8BAE72B462A46FDF713FA05B007
:104D8000BDE8F08300ED00E0A4A10020A0A1002078
:104D9000A8A100202DE9F8439DF8205006460F46B3
:104DA00091469846CDB1A8000C30FCF70DFF0446A3
:104DB00088B10023C0F804900572036006B177B98A
:104DC0002DB1AA00414604F10C0001F0F0F9204693
:104DD000FFF77AFF0120BDE8F8831020E5E73846A9
:104DE000FCF7F2FE81462060A0B13A46314601F060
:104DF000DEF9002DEBD0691EC9B208EB8101A8F1E4
:104E0000040353F8042FB24208BFC3F8009099423C
:104E1000F7D1D6E72046FCF7F1FE4846DBE700BFB6
:104E200030B540230B4D83B00446002218460421C0
:104E30002B60FCF765FF084B084918600223CDE999
:104E40000031A2B2002306490648FDF731FF03B046
:104E500030BD00BFA0A10020A4A10020A8A1002077
:104E600048A80400454C040011DF704708B504460B
:104E7000FFF7FAFF0D4B4FF080414FF0FF32C3F8C0
:104E80008020C3F88021C3F88420C3F88421C1F8AE
:104E90001C45BFF34F8F0649064BCA6802F4E06217
:104EA0001343CB60BFF34F8F00BFFDE700E100E08D
:104EB00000ED00E00400FA054FF08043194AD3F8F2
:104EC0000014194830B41160D3F80054D3F800240A
:104ED000164C17492A43C3F80024D4F84025026031
:104EE00001224FF40030C3F818259A60C1F8800001
:104EF000BFF34F8FBFF36F8F0E4C03F588334FF026
:104F0000A0454FF480304FF0FF31C3F84803C3F899
:104F100008035A609A60C5F80815C4F8081530BC33
:104F2000704700BFACA10020B0A1002000A000404D
:104F300000E100E00003005008B54E20FFF796FFA7
:104F40002F281BD83C4B53F820301F2B86BF03F073
:104F50001F033A4A4FF0A0420E290FD8DFE801F0B4
:104F6000655F59534D474039322B241D160F0800F9
:104F700003F5E07340F2037142F82310704703F524
:104F8000E07340F2036142F82310704703F5E073C9
:104F900040F2035142F82310704703F5E07340F2EA
:104FA000034142F82310704703F5E07340F20331E8
:104FB00042F82310704703F5E07340F2032142F8F2
:104FC0002310704703F5E07340F2031142F82310F9
:104FD000704703F5E0734FF4403142F823107047F7
:104FE00003F5E0734FF4003142F82310704703F5E6
:104FF000E073134942F82310704703F5E073114939
:1050000042F82310704703F5E073042142F823109F
:10501000704703F5E0730C2142F82310704703F545
:10502000E073032142F82310704703F5E073002179
:1050300042F82310704700BF2CA704000003005063
:10504000040002000C0003002F2811D80A4B53F86B
:1050500020301F2B88BF03F01F034FF001028CBFCD
:1050600006484FF0A04002FA03F311B1C0F808352A
:105070007047C0F80C3570472CA70400000300509F
:105080002F2818D80D4B53F820201F2A8ABF0C490F
:105090004FF0A04102F01F02D1F814050123934004
:1050A000034214BFD1F80425D1F81025134214BFD0
:1050B0000120002070470020704700BF2CA704008B
:1050C000000300502F280DD8074B53F820201F2A2B
:1050D00086BF02F01F0205494FF0A0410123934013
:1050E000C1F80C35704700BF2CA704000003005026
:1050F0002F280DD8074B53F820201F2A86BF02F017
:105100001F0205494FF0A04101239340C1F8083523
:10511000704700BF2CA704000003005030B40160AA
:105120000022BFF35B8F4260BFF35B8F0168826038
:10513000FF254FF0FF340582C2608274C1F86445D8
:1051400030BC7047214B5B6809B90020704710B430
:10515000BFF35B8F4368BFF35B8F994200F1040498
:1051600016D0BFF35B8F4368BFF35B8F83B90368CF
:10517000D3F86025D3F86405D2430028D3F8680536
:105180004FEAD272A8BF0132002805DBD3F86C3594
:1051900000205DF8044B7047D3F86C050028F7DA5F
:1051A000002AF5D1D3F80035002BF1D1BFF35B8F86
:1051B00054E8003F002B03D144E80012002AF7D145
:1051C000BFF35B8F0CBF01200020E2E700ED00E0A1
:1051D0001F4B5B6809B90020704710B4BFF35B8FA9
:1051E0004368BFF35B8F8B4200F1040403D00020BF
:1051F0005DF8044B70470368D3F86025D3F8640565
:10520000D2430028D3F868054FEAD272A8BF013212
:10521000002802DBD3F86C35E9E7D3F86C050028E9
:10522000E5DA002AE3D1D3F80035002BDFD1BFF354
:105230005B8F54E8003F8B4203D144E800200028F4
:10524000F7D1BFF35B8F0CBF01200020D0E700BF78
:1052500000ED00E008B509490948FFF75FFF09497B
:105260000948FFF75BFF09490948FFF757FF09495C
:105270000948BDE80840FFF751BF00BF00C001402A
:10528000B4A1002000100240C8A10020002002406C
:10529000DCA1002000D00240F0A1002008B54FF4AE
:1052A0000072002100F0A7FF0022C0F80022C0F821
:1052B000042208BDD0F8002210B4531CD0F80442D8
:1052C000C3F308039C4218BF81545DF8044B18BF18
:1052D000C0F80032704700BF0023C0F80032C0F8A9
:1052E00004327047D0F80432D0F80022934207D03D
:1052F0005A1CC35CC2F30802C0F804221846704767
:105300004FF0FF30704700BFD0F80032D0F80402F1
:10531000181A48BF00F50070704700BFD0F804327B
:10532000D0F80022934214BFC05C4FF0FF307047AA
:1053300000F108034FF0FF310022816002604360FA
:10534000C0E90333704700BF00230361704700BF0B
:105350004368026810B49C688C609C684B600132A2
:10536000616099605DF8044B08610260704700BF9E
:1053700030B40D686B1C11D000F1080200E01A4631
:1053800053681C68AC42FAD904684B6001349960D8
:105390008A6051600861046030BC704702695368DC
:1053A000F2E700BF42688168036910B491608168C8
:1053B0005C684A601A68844208BF5960013A00215B
:1053C00001611A6018685DF8044B70470B4601468E
:1053D000184600F05DBE000010EE102A22F00041D9
:1053E000CB0D7F3B162B1CDC002B10EE100A21DBB3
:1053F000194919410A421CD0DFED187A70EE277A5C
:10540000F5EEC07AF1EE10FA13DD002A04DD4FF458
:10541000000242FA03F3184420EA010300EE103AB6
:105420007047B1F1FF4F04D330EE000A70479FED93
:105430000C0A7047DFED097A70EE277AF5EEC07A34
:10544000F1EE10FAF5DD002AF1DB0029F7EE007A23
:1054500018BFB0EE670A7047FFFF7F00CAF24971BC
:105460000000008010EE102A22F00041CB0D7F3B9F
:10547000162B1CDC002B10EE100A1EDB19491941FB
:105480000A4227D0DFED187A70EE277AF5EEC07A5F
:10549000F1EE10FA1EDD002A04DA4FF4000242FA9F
:1054A00003F3184420EA010300EE103A7047B1F10B
:1054B000FF4F0FD330EE000A7047DFED0B7A70EE2E
:1054C000277AF5EEC07AF1EE10FA03DD002A02DB4E
:1054D0009FED060A70470029FFEE007A18BFB0EE74
:1054E000670A7047FFFF7F00CAF2497100000000A1
:1054F00081F0004102E000BF83F0004330B54FEA85
:1055000041044FEA430594EA050F08BF90EA020FF1
:105510001FBF54EA000C55EA020C7FEA645C7FEA84
:10552000655C00F0E2804FEA5454D4EB5555B8BFA7
:105530006D420CDD2C4480EA020281EA030382EA18
:10554000000083EA010180EA020281EA0303362DAA
:1055500088BF30BD11F0004F4FEA01314FF4801C7D
:105560004CEA113102D0404261EB410113F0004F8F
:105570004FEA03334CEA133302D0524263EB430346
:1055800094EA050F00F0A780A4F10104D5F1200EE4
:105590000DDB02FA0EFC22FA05F2801841F100013F
:1055A00003FA0EF2801843FA05F359410EE0A5F113
:1055B00020050EF1200E012A03FA0EFC28BF4CF044
:1055C000020C43FA05F3C01851EBE37101F00045FA
:1055D00007D54FF0000EDCF1000C7EEB00006EEB07
:1055E0000101B1F5801F1BD3B1F5001F0CD3490891
:1055F0005FEA30004FEA3C0C04F101044FEA4452E8
:1056000012F5800F80F09A80BCF1004F08BF5FEA6E
:10561000500C50F1000041EB045141EA050130BD4E
:105620005FEA4C0C404141EB010111F4801FA4F1F1
:105630000104E9D191F0000F04BF01460020B1FA46
:1056400081F308BF2033A3F10B03B3F120020CDA7E
:105650000C3208DD02F1140CC2F10C0201FA0CF05C
:1056600021FA02F10CE002F11402D8BFC2F1200CC1
:1056700001FA02F120FA0CFCDCBF41EA0C01904077
:10568000E41AA2BF01EB0451294330BD6FEA0404C0
:105690001F3C1CDA0C340EDC04F11404C4F12002AB
:1056A00020FA04F001FA02F340EA030021FA04F3BD
:1056B00045EA030130BDC4F10C04C4F1200220FA14
:1056C00002F001FA04F340EA0300294630BD21FA52
:1056D00004F0294630BD94F0000F83F4801306BF18
:1056E00081F480110134013D4EE77FEA645C18BF0C
:1056F0007FEA655C29D094EA050F08BF90EA020FA3
:1057000005D054EA000C04BF1946104630BD91EA9A
:10571000030F1EBF0021002030BD5FEA545C05D19D
:105720004000494128BF41F0004130BD14F58004DC
:105730003CBF01F5801130BD01F0004545F0FE4150
:1057400041F470014FF0000030BD7FEA645C1ABF85
:10575000194610467FEA655C1CBF0B46024650EABC
:10576000013406BF52EA033591EA030F41F40021E8
:1057700030BD00BF90F0000F04BF0021704730B56E
:105780004FF4806404F132044FF000054FF0000143
:1057900050E700BF90F0000F04BF0021704730B504
:1057A0004FF4806404F1320410F0004548BF4042D9
:1057B0004FF000013EE700BF42004FEAE2014FEA2E
:1057C00031014FEA02701FBF12F07F4393F07F4F09
:1057D00081F06051704732F07F4208BF704793F00C
:1057E0007F4F04BF41F40021704730B54FF460741F
:1057F00001F0004521F000411CE700BF50EA010222
:1058000008BF704730B54FF000050AE050EA0102CA
:1058100008BF704730B511F0004502D5404261EB3A
:1058200041014FF4806404F132045FEA915C3FF47B
:10583000D8AE4FF003025FEADC0C18BF03325FEA18
:10584000DC0C18BF033202EBDC02C2F1200300FAC9
:1058500003FC20FA02F001FA03FE40EA0E0021FAEE
:1058600002F11444BDE600BF70B54FF0FF0C4CF4DC
:10587000E06C1CEA11541DBF1CEA135594EA0C0F8E
:1058800095EA0C0F00F0DEF82C4481EA030621EAC9
:105890004C5123EA4C5350EA013518BF52EA033504
:1058A00041F4801143F4801338D0A0FB02CE4FF0B6
:1058B0000005E1FB02E506F00042E0FB03E54FF0E6
:1058C0000006E1FB03569CF0000F18BF4EF0010EDE
:1058D000A4F1FF04B6F5007F64F5407404D25FEADA
:1058E0004E0E6D4146EB060642EAC62141EA55518D
:1058F0004FEAC52040EA5E504FEACE2EB4F1FD0CCF
:1059000088BFBCF5E06F1ED8BEF1004F08BF5FEA4C
:10591000500E50F1000041EB045170BD06F00046FE
:1059200046EA010140EA020081EA0301B4EB5C04AB
:10593000C2BFD4EB0C0541EA045170BD41F48011A3
:105940004FF0000E013C00F3AB8014F1360FDEBFC8
:10595000002001F0004170BDC4F10004203C35DAA4
:105960000C341BDC04F11404C4F1200500FA05F327
:1059700020FA04F001FA05F240EA020001F00042C8
:1059800021F0004110EBD37021FA04F642EB06013E
:105990005EEA430E08BF20EAD37070BDC4F10C0468
:1059A000C4F1200500FA04F320FA05F001FA04F22C
:1059B00040EA020001F0004110EBD37041F1000118
:1059C0005EEA430E08BF20EAD37070BDC4F1200523
:1059D00000FA05F24EEA020E20FA04F301FA05F28B
:1059E00043EA020321FA04F001F0004121FA04F233
:1059F00020EA020000EBD3705EEA430E08BF20EA03
:105A0000D37070BD94F0000F0FD101F0004640003C
:105A100041EB010111F4801F08BF013CF7D041EABE
:105A2000060195F0000F18BF704703F000465200C2
:105A300043EB030313F4801F08BF013DF7D043EA93
:105A40000603704794EA0C0F0CEA135518BF95EA49
:105A50000C0F0CD050EA410618BF52EA4306D1D1D0
:105A600081EA030101F000414FF0000070BD50EAEF
:105A7000410606BF1046194652EA430619D094EA79
:105A80000C0F02D150EA013613D195EA0C0F05D163
:105A900052EA03361CBF104619460AD181EA0301B7
:105AA00001F0004141F0FE4141F470014FF000006F
:105AB00070BD41F0FE4141F4780170BD70B54FF00A
:105AC000FF0C4CF4E06C1CEA11541DBF1CEA13558A
:105AD00094EA0C0F95EA0C0F00F0A7F8A4EB05046C
:105AE00081EA030E52EA03354FEA013100F0888063
:105AF0004FEA03334FF0805545EA131343EA12632C
:105B00004FEA022245EA111545EA10654FEA0026E0
:105B10000EF000419D4208BF964244F1FD0404F599
:105B2000407402D25B084FEA3202B61A65EB0305F5
:105B30005B084FEA32024FF480104FF4002CB6EBB2
:105B4000020E75EB030E22BFB61A754640EA0C0032
:105B50005B084FEA3202B6EB020E75EB030E22BF72
:105B6000B61A754640EA5C005B084FEA3202B6EBB3
:105B7000020E75EB030E22BFB61A754640EA9C0072
:105B80005B084FEA3202B6EB020E75EB030E22BF42
:105B9000B61A754640EADC0055EA060E18D04FEA00
:105BA000051545EA16754FEA06164FEAC30343EAA0
:105BB00052734FEAC2025FEA1C1CC0D111F4801F6D
:105BC0000BD141EA00014FF000004FF0004CB6E766
:105BD00011F4801F04BF01430020B4F1FD0C88BF05
:105BE000BCF5E06F3FF6AFAEB5EB030C04BFB6EB10
:105BF000020C5FEA500C50F1000041EB045170BD03
:105C00000EF0004E4EEA113114EB5C04C2BFD4EB2F
:105C10000C0541EA045170BD41F480114FF0000EB3
:105C2000013C90E645EA060E8DE60CEA135594EA2F
:105C30000C0F08BF95EA0C0F3FF43BAF94EA0C0F32
:105C40000AD150EA01347FF434AF95EA0C0F7FF4A7
:105C500025AF104619462CE795EA0C0F06D152EAFB
:105C600003353FF4FDAE1046194622E750EA4106DF
:105C700018BF52EA43067FF4C5AE50EA41047FF4F0
:105C80000DAF52EA43057FF4EBAE12E74FEA410253
:105C9000B2F1E04324BFB3F5001CDCF1FE5C0DD98A
:105CA00001F0004C4FEAC0024CEA5070B2F1004FD4
:105CB00040EB830008BF20F00100704711F0804FD7
:105CC00021D113F13872BCBF01F00040704741F49C
:105CD00080114FEA5252C2F11802C2F1200C10FAA0
:105CE0000CF320FA02F018BF40F001004FEAC12384
:105CF0004FEAD32303FA0CFC40EA0C0023FA02F328
:105D00004FEA4303CCE77FEA625307D150EA0133FD
:105D10001EBF4FF0FE4040F44000704701F00040CD
:105D200040F0FE4040F40000704700BF53B94AB94C
:105D3000002908BF00281CBF4FF0FF314FF0FF3093
:105D400000F086B9ADF1080C6DE904CE00F01AF848
:105D5000DDF804E0DDE9022304B07047430803F0F6
:105D60005533C01A830803F0333300F0333018443E
:105D700000EB101000F00F3000EB002000EB0040B3
:105D8000000E70472DE9F047089E04468846002B18
:105D90004BD18A42154667D9B2FA82F24AB1C2F1B2
:105DA000200701FA02F320FA07F7954047EA0308B3
:105DB00094404FEA154E230CB8FBFEF71FFA85FC02
:105DC0000EFB178843EA084307FB0CF1994209D9F7
:105DD000EB1807F1FF3080F01B81994240F21881E7
:105DE000023F2B445B1AA4B2B3FBFEF00EFB103350
:105DF00044EA034400FB0CFCA44509D92C1900F12A
:105E0000FF3380F00781A44540F2048102382C441E
:105E100040EA0740A4EB0C0400271EB1D440002345
:105E2000C6E900433946BDE8F0878B4209D9002E08
:105E300000F0EB800027C6E9000138463946BDE88E
:105E4000F087B3FA83F7002F47D18B4202D3824207
:105E500000F2FA80841A61EB030301209846002EB9
:105E6000E0D0C6E90048DDE702B9FFDEB2FA82F20F
:105E7000002A40F08F80491B4FEA154E1FFA85F823
:105E80000127B1FBFEFC230C0EFB1C1143EA01436E
:105E900008FB0CF1994207D9EB180CF1FF3002D244
:105EA000994200F2CD808446591AA3B2B1FBFEF0AC
:105EB0000EFB101443EA044408FB00F8A04507D980
:105EC0002C1900F1FF3302D2A04500F2B68018462B
:105ED000A4EB080440EA0C409FE7C7F1200CBB404C
:105EE00022FA0CFE4EEA030E01FA07F420FA0CF532
:105EF00021FA0CF34FEA1E482543B3FBF8F92C0CAA
:105F000008FB19331FFA8EFA44EA034309FB0AF42B
:105F10009C4202FA07F200FA07F10BD91EEB0303C9
:105F200009F1FF3080F087809C4240F28480A9F123
:105F3000020973441B1BADB2B3FBF8F008FB10332E
:105F400045EA034400FB0AFAA24508D91EEB040403
:105F500000F1FF336BD2A24569D90238744440EA9C
:105F60000940A0FB0289A4EB0A044C45C2464B46FB
:105F700054D351D0002E69D0B1EB0A0564EB030471
:105F800004FA0CFCFD40FC404CEA0505C6E900544F
:105F9000002747E7C2F1200320FA03F7954001FAF2
:105FA00002F021FA03F34FEA154E3843010CB3FB1C
:105FB000FEF71FFA85F80EFB173341EA034107FB92
:105FC00008F38B4204FA02F407D9691807F1FF3C81
:105FD0002FD28B422DD9023F2944CB1A81B2B3FB79
:105FE000FEF00EFB103341EA034100FB08F38B4245
:105FF00007D9691800F1FF3C17D28B4215D9023836
:106000002944C91A40EA07473BE73746304609E7C3
:106010000746E7E61846FBE64145ABD2B8EB020A75
:1060200069EB0E0201381346A4E76046E9E718461B
:1060300095E76746D1E781467CE702382C4447E77D
:10604000ACF1020C2B442FE7384608E73746E9E667
:10605000704700BF1FB51C46094B1B680546D86832
:1060600052B1084B0091CDE9013207492B46224637
:1060700000F036F801F0F4F8044B1A46F2E700BFDE
:106080002862002054A8040061A804008FA804001E
:1060900010B5054C13462CB10A4601460220AFF359
:1060A000008010BD2046FCE700000000014B18688E
:1060B000704700BF2862002008B5074B044613B1A3
:1060C0000021AFF30080054B1868836A03B198473D
:1060D000204602F097FF00BF0000000090A80400D7
:1060E0000EB403B5014603AB054853F8042B006812
:1060F000019300F069F902B05DF804EB03B070475A
:106100002862002070B50D4E0D4CA41BA410002574
:10611000A54209D10B4E0C4C02F076FFA41BA41033
:106120000025A54205D170BD56F8253098470135A8
:10613000EEE756F8253098470135F2E7F86300207E
:10614000F8630020F863002028640020024B014619
:10615000186800F0B5B800BF28620020024B014665
:10616000186800F05FB800BF2862002082B001B953
:1061700001A942B14BB113780B601278101C18BF03
:10618000012002B070471046FBE76FF00100F8E70E
:1061900030B50024A24201D1002007E0035D0134A4
:1061A0000D1915F8015CAB42F4D0581B30BD10B589
:1061B000431E0A44914200D110BD11F8014B03F86F
:1061C000014FF7E7884210B501EB020307D8421EE2
:1061D00099420AD011F8014B02F8014FF8E78342C7
:1061E000F5D98118D21AD34200D110BD13F8014D50
:1061F00001F8014DF7E702440346934200D170478E
:1062000003F8011BF9E738B502FB01F4214600F061
:1062100057F8054618B122460021FFF7ECFF284643
:1062200038BD000038B50546002945D051F8043C7A
:106230000C1F002BB8BFE41802F09AF81F4A13682D
:10624000104633B9636014602846BDE8384002F058
:1062500090B8A3420CD921686218934204BF1A680F
:106260005B68636004BF521822600460ECE7134669
:106270005A680AB1A242FAD919685818A0420BD13B
:1062800020680144581882421960DDD110685268B4
:106290005A6001441960D7E702D90C232B60D3E779
:1062A000206821188A4204BF11685268626004BFE6
:1062B000091821605C60C7E738BD00BF04A2002058
:1062C00070B5CD1C25F0030508350C2D38BF0C2505
:1062D000002D064601DBA94203D90C2333600020C0
:1062E00070BD02F045F8214A1468214691B9204C4E
:1062F00023681BB9304600F0DFFD20602946304698
:1063000000F0DAFD431C24D10C233360304602F048
:1063100030F8E4E70B685B1B18D40B2B0FD90B602C
:10632000CD50CC18304602F024F804F10B00231DA8
:1063300020F00700C31AD3D05A42E250D0E78C4273
:106340004B6816BF636013600C46EBE70C46496868
:10635000CCE7C41C24F00304A04205D0211A304627
:1063600000F0AAFD0130CFD02560DBE704A20020B9
:1063700008A200209368013B002B10B4936008DA58
:106380009469A34201DB0A2903D15DF8044B00F0B4
:1063900099BE1368581C1060197008465DF8044BCC
:1063A0007047F8B506460F461446D518AC4201D1E1
:1063B000002007E03A4614F8011B3046FFF7DAFFE9
:1063C000431CF3D1F8BD00002DE9F04F9DB00C4601
:1063D00017460393064618B183690BB901F07CFE9A
:1063E0007B4B9C4257D17468A38918075DD52369FC
:1063F000002B5AD00023099320238DF82930302315
:106400008DF82A304FF0010BB846454615F8013B90
:106410000BB1252B54D1B8EB070A0BD053463A46A3
:1064200021463046FFF7BDFF013000F0C280099BD6
:106430005344099398F80030002B00F0BA800023F1
:106440004FF0FF32CDE90523049307938DF85330C5
:106450001A93A846052218F8011B5E4801F038FF80
:10646000049B78BBD90644BF20228DF853201A071D
:1064700044BF2B228DF853202A782A2A2AD0079A43
:10648000A84600200A25414611F8013B303B092B64
:1064900069D960B324E0504B9C4201D1B468A3E7B2
:1064A0004E4B9C4208BFF4689EE72146304600F000
:1064B00069FE00289ED04FF0FF301DB0BDE8F08F80
:1064C000A846A2E7434A801A0BFA00F0184304904A
:1064D0004546BEE7039A111D12680391002A01DBAD
:1064E000079204E0524243F002030792049398F8A3
:1064F00000302E2B0ED198F801302A2B38D1039B77
:106500001A1D1B680392002BB8BF4FF0FF3308F130
:1065100002080593324D98F800100322284601F036
:10652000D7FE40B14023401B03FA00F0049B034315
:1065300008F10108049398F800102A488DF82810F3
:10654000062208F1010701F0C3FE002837D0264BD0
:106550001BBB039B073323F0070308330393099BFB
:106560004B44099350E705FB0232012088468AE735
:10657000002308F10108059319460A25404610F842
:10658000012B303A092A03D9002BC3D00591C1E76A
:1065900005FB012101238046F0E703AB009322466F
:1065A000124B04A9304600F0B7F8B0F1FF3F814626
:1065B000D5D1A3895B063FF57EAF09987DE703AB94
:1065C00000932246094B04A9304600F05BFBECE740
:1065D00014AA04009EA8040034AA0400F4A904002C
:1065E000A4A80400A8A8040019670400A363040079
:1065F0002DE9FF4755EC104B0D9FDDF830A0002D25
:106600000E4691461946B8BF22462B4627F0200772
:10661000BBBF05F100431D4600232D23B8BF144620
:10662000462F0B7004D0452F00D10136022100E027
:10663000032103AB019302AB00933246534645EC72
:10664000104B00F0A1FE472F804602D119F0010F38
:1066500026D0462F08EB060911D198F80030302BD0
:106660000AD1002200232046294602F023FC18B953
:10667000C6F10106CAF80060DAF800309944002239
:1066800000232046294602F015FC38B93022039B2E
:106690004B4505D2591C03911A70F8E7CDF80C90C0
:1066A000039B0E9AA3EB08034046136004B0BDE8B9
:1066B000F087F7B500290446BABF49422D232B23A2
:1066C000092904F8022B437020DD0DF107031F4652
:1066D0000A2691FBF6F506FB15113031092D03F85A
:1066E000011C03F1FF32294609DC3031023B02F87C
:1066F000011CBB42224604D3101A03B0F0BD13465E
:10670000E7E713F8012B04F8012BF2E730231944D3
:106710008370021DC170EFE72DE9F04F8DB00C467C
:10672000DDF8588016461F46054601F05FFD0368F8
:106730000493184600F02BFC00230A93D8F800308D
:106740000590073323F0070303F1080294F818A01B
:10675000D4F800B0C8F80020D3E90023C4E912231C
:10676000D4E9128929F000430793CDF818804FF03F
:10677000FF32A74BDDE9060102F0CEFB70BB4FF004
:10678000FF32A34BDDE9060102F0A8FB30BB00227B
:1067900000234046494602F097FB10B12D2384F8B0
:1067A00043309C4A9C4BBAF1470F8CBF90469846A9
:1067B00003232BF00402236122604FF000090097AD
:1067C00033460BAA2146284600F0E6F9013040F096
:1067D0008D804FF0FF300DB0BDE8F08F42464B4644
:1067E0004046494602F098FB10B18C4A8C4BDAE7E0
:1067F00061684B1C4BF480620AA83ED1062363609B
:106800000023CDE9020309AB009349EC108B0DF195
:1068100023032260CDF804A061682846FFF7E8FE54
:106820000AF0DF03472B804609D1099BD81C02DB05
:106830006268934247DDAAF1020A5FFA8AFABAF166
:10684000650F099924D80139524604F15000099185
:10685000FFF72FFF0A9A1318012A8146236102DCF1
:106860002268D10701D5013323619DF82330002B25
:10687000A5D02D2384F84330A1E7BAF1670F00F0CB
:106880007781BAF1470FBBD10029B9D10123B6E70F
:10689000BAF1660F19D1002963680CDD216113B9C3
:1068A0002268D20702D501330B442361099BA365FB
:1068B0004FF00009D9E713B92268D00701D5023398
:1068C000F3E70123F1E74FF0670ADDE9093293426C
:1068D00005DB22682361D107E8D50133E5E7002B0A
:1068E000D4BFC3F1020301231344DEE723685A0532
:1068F00007D42369424631462846B84701302BD198
:1069000067E7BAF1650F40F2DC8000220023D4E98A
:10691000120102F0CFFA002833D00123414A314658
:106920002846B84701303FF454AFDDE909239A42C5
:1069300002DB2368D8070FD5DDE90423314628465A
:10694000B84701303FF445AF4FF0000804F11A0991
:106950000A9B013B434509DC23689B0700F1038147
:10696000E0680B9B9842B8BF184634E701234A46BB
:1069700031462846B84701303FF42BAF08F10108F3
:10698000E6E7099B002B2BDC0123264A31462846EB
:10699000B84701303FF41DAF099B23B90A9B13B9D7
:1069A0002368D907D8D5DDE9042331462846B847FE
:1069B00001303FF40EAF4FF0000904F11A0A099BB1
:1069C0005B424B4501DC0A9B94E70123524631466A
:1069D0002846B84701303FF4FCAE09F10109EEE763
:1069E0000A9AA36D9A42A8BF1A46002A914607DD6B
:1069F0001346314642462846B84701303FF4E9AED7
:106A000004F11A034FF0000B29EAE979069315E027
:106A1000FFFFEF7FB3A80400AFA80400BBA80400E9
:106A2000B7A80400BFA804000123069A31462846EF
:106A3000B84701303FF4CDAE0BF1010BD4F858A0AC
:106A4000AAEB09035B45EFDCDDE909239A42D04458
:106A500015DB2368DA0712D40A9B0999A3EB0A0213
:106A6000A3EB010A9245A8BF9246BAF1000F0EDCD3
:106A70004FF000082AEAEA7A04F11A0919E0DDE980
:106A8000042331462846B8470130E5D1A1E65346F4
:106A9000424631462846B8470130E9D199E60123FC
:106AA0004A4631462846B84701303FF492AE08F1D5
:106AB0000108DDE909239B1AA3EB0A034345EEDC39
:106AC0004AE70A9A012A01DCDB073AD5012342464C
:106AD00031462846B84701303FF47BAEDDE9042358
:106AE00031462846B847013008F101083FF471AE3D
:106AF0000A9B002203F1FF3AD4E91201002302F0BD
:106B0000D9F9C8B95346424631462846B8470130FC
:106B10000ED15EE60123524631462846B847013081
:106B20003FF457AE08F101080A9B013B4345F1DCF5
:106B30004B4604F15002DEE64FF0000804F11A0A59
:106B4000F2E70123DFE701234A4631462846B847EA
:106B500001303FF43EAE08F10108E3680B9A9B1A3E
:106B60004345F0DCFCE64FF0000804F11909F4E7B6
:106B700000293FF48BAE0023CDE9020309AB00935B
:106B800049EC108B2260CDF804A00DF123032846B8
:106B9000FFF72EFD804648E62DE9F04791461F4657
:106BA0008A680B69DDF820809342B8BF1346C9F8A4
:106BB000003091F8432006460C4612B10133C9F863
:106BC00000302368990642BFD9F800300233C9F873
:106BD0000030256815F0060507D104F1190AE368AD
:106BE000D9F800209B1AAB4228DC94F84330226885
:106BF000003318BF012392062DD404F14302394615
:106C00003046C047013020D02368E568D9F800201D
:106C100003F00603042B08BFAD1AA36822690CBF5A
:106C200025EAE57500259342C4BF9B1AED184FF085
:106C300000091A344D451AD1002008E001235246BC
:106C400039463046C047013003D14FF0FF30BDE830
:106C5000F0870135C3E7E1185A1C302081F8430062
:106C6000224494F8451082F843100233C5E701230B
:106C7000224639463046C0470130E6D009F10109C5
:106C8000D8E700002DE9F04301F1430C0C46097EE2
:106C900085B06E291746064698460C9A00F0B380D8
:106CA00022D8632936D00AD8002900F0B9805829A3
:106CB00000F0838004F1420584F8421032E0642938
:106CC00001D06929F6D120681368050603F1040193
:106CD0002AD51B681160002B03DA2D225B4284F851
:106CE00043206F480A2239E0732900F09D8008D8BC
:106CF0006F2920D07029DDD1236843F02003236061
:106D000003E0752917D07829D4D1782384F8453049
:106D1000644855E01368191D1B68116004F14205B1
:106D200084F8423001238CE01B68116010F0400FA2
:106D300018BF1BB2CFE713682568181D106028061E
:106D400001D51B6802E06806FBD51B8854486F29F3
:106D500014BF0A220822002184F843106568A56048
:106D6000002DC0F29580216821F004012160002BE4
:106D70003DD1002D40F08E806546082A0BD1236856
:106D8000DB0708D5236962689A42DEBF302305F825
:106D9000013C05F1FF35ACEB05032361CDF8008024
:106DA0003B4603AA21463046FFF7F6FE01304DD19F
:106DB0004FF0FF3005B0BDE8F083394884F8451046
:106DC000136821681D1D1B6815600A060BD5CA07CC
:106DD00044BF41F0200121601BB9226822F020024B
:106DE00022601022B7E74D0648BF9BB2EFE7654629
:106DF000B3FBF2F102FB1133C35C05F8013D0B4616
:106E00000029F5D1B9E7136825686169181D10607C
:106E100028061B6801D5196002E06A06FBD51980B7
:106E2000002323616546B9E71368191D11601D68C9
:106E300062680021284601F04BFA08B1401B6060EF
:106E400063682361002384F84330A7E723692A4657
:106E500039463046C0470130AAD023689B0713D477
:106E6000E068039B9842B8BF1846A3E701234A464F
:106E700039463046C04701309AD00135E368039A5D
:106E80009B1AAB42F2DCEBE7002504F11909F5E7A8
:106E9000002BACD1037884F8423004F142056CE752
:106EA000C1A80400D2A80400024B0A460146186893
:106EB00001F03CBD2862002038B5064C0023054691
:106EC00008462360FDF782F9431C02D1236803B111
:106ED0002B6038BD2CA200200CB430B5174B0C1E13
:106EE0009DB01D6808DA8B232B604FF0FF301DB07A
:106EF000BDE8304002B070474FF40273ADF8143073
:106F000014BF04F1FF332346049307934FF6FF7336
:106F100002900690ADF81630209A21AB02A92846BF
:106F2000019301F083FD431CBCBF8B232B60002C1D
:106F3000DDD0029B00221A70D9E700BF2862002032
:106F4000C9B2034610F8012B1AB18A42F9D118468A
:106F50007047002918BF0023F9E7034611F8012BF9
:106F600003F8012B002AF9D1704770B503461A4681
:106F700012F8015B4DB14C1E01E0AE4205D014F891
:106F8000016F002EF9D11346F1E7181A70BD0346C0
:106F900013F8012B002AFBD1181A0138704710B5DD
:106FA0006AB10139841810F8013B11F8012F93429E
:106FB00003D1A04201D0002BF5D1981A10BD104684
:106FC000FCE770B50139044602B970BD234611F8DB
:106FD000015F03F8015B561E2DB91444A342F4D09F
:106FE00003F8015BFAE71C463246EDE710B50346AD
:106FF00001448B4202D01A785C1C0AB9181A10BDE1
:107000002346F6E738B503460D4669B9BDE8384072
:10701000FFF796BF431C044629461846FFF790FF2A
:107020000028F7D1204638BD0024F5E770B50346A7
:107030001A4612F8015B3DB14C1E01E0AE4205D08C
:1070400014F8016F002EF9D1181A70BD1346EFE73E
:1070500030B5141E05469BB0184605DA8B232B600D
:107060004FF0FF301BB030BD4FF40273ADF80C3061
:1070700014BF04F1FF332346029305934FF6FF73C9
:1070800000910491ADF80E3002461E9B69462846D9
:1070900001F0CCFC431CBCBF8B232B60002CE1D047
:1070A000009B00221A70DDE707B5009313460A46DD
:1070B000014603480068FFF7CBFF03B05DF804FB0F
:1070C00028620020F8B50E461446054618B18369BB
:1070D0000BB901F001F8214B9C422AD16C68A369DD
:1070E000A360A3891A072ED5236963B32369206897
:1070F000C01A6369F6B28342374604DC214628464B
:1071000000F080FF28BBA368013BA36023685A1CE2
:1071100022601E7063690130834204D0A389DB07BB
:1071200019D50A2E17D12146284600F06BFF90B1E1
:107130000FE00B4B9C4201D1AC68D0E7094B9C425D
:1071400008BFEC68CBE72146284600F01BF8002872
:10715000CCD04FF0FF373846F8BD00BF14AA04006A
:1071600034AA0400F4A9040049B1FF2A85BF8A2388
:1071700003600A704FF0FF3098BF01207047084647
:1071800070470000324B70B51D6806460C4625B1AD
:10719000AB6913B9284600F09FFF2E4B9C420FD1DC
:1071A0006C68B4F90C309AB215072CD4D00611D4FF
:1071B0000922326043F04003A3814FF0FF303EE0EC
:1071C000254B9C4201D1AC68EBE7244B9C4208BFA5
:1071D000EC68E6E7510712D5616B41B104F1440355
:1071E000994202D03046FFF71DF800236363A3895C
:1071F00023F02403A3810023636023692360A38910
:1072000043F00803A38123694BB9A38903F42073D6
:10721000B3F5007F03D02146304601F019F8A2896A
:1072200012F001030CD00023A36063695B42A361E9
:10723000236953B9B4F90C3013F08000BAD170BD92
:10724000920758BF6369A360F2E70020F7E700BF29
:107250002862002014AA040034AA0400F4A904003F
:1072600008B5062001F000FD012001F0CBFE2DE95C
:10727000F74F03690C69A3428046C0F28280013C4B
:1072800001F114074FEA840C00F1140657F824505A
:1072900056F8240006EB0C03013507EB0C090193AB
:1072A000B0FBF5F595B34FF0000A3846B646D34625
:1072B00050F8042B93B205FB03A34FEA134A9BB289
:1072C000ABEB0303120CDEF800B005FB02A213FACD
:1072D0008BF34FEA124A1FFA82FBDEF80020CBEB59
:1072E000124202EB23429BB243EA024381454FEA3A
:1072F000224B4EF8043BDBD256F80C3033B9019BDD
:10730000043B9E421A4630D3C8F81040404601F074
:1073100047FA002825DB013530464FF0000C57F8BE
:10732000042BD0F800E093B2ACEB0303120C13FA79
:107330008EF3C2EB1E4202EB23429BB243EA0243AE
:10734000B9454FEA224C40F8043BE8D256F82420D5
:1073500006EB84032AB9043B9E421A460BD3C8F8B5
:107360001040284603B0BDE8F08F1268043B002AA5
:10737000CAD1013CC5E71268043B002AEFD1013CA9
:10738000EAE70020EEE700002DE9F04F57EC106B24
:1073900097B0456A069104460B921293DDF88080FF
:1073A000CDE900673DB91020FAF70EFC6062C0E934
:1073B00001550560C560636A196851B15A684A6031
:1073C000012393408B60204601F008F8636A002295
:1073D0001A603B1EBBBF23F0004301930023012230
:1073E000ACBFC8F80030C8F80020AF4BDDF804800F
:1073F00033EA080314D1129A42F20F731360009B10
:1074000023B9C8F31300002800F04285219BDFF860
:10741000ACB2002B00F044850BF1030300F03EBD3D
:10742000DDE90067002200233046394601F042FDC5
:10743000814668B1129A01231360219B002B00F052
:1074400024859A4B219A03F1FF3B136000F028BD7D
:1074500014AA15A947EC106B204601F018FAC8F3DE
:107460000A550490002D7CD0C7F3130343F07F5BD3
:10747000B2464BF4401BA5F2FF35CDF84C900022EC
:107480008B4B50465946FEF737F881A3D3E90023CA
:10749000FEF7EAF980A3D3E90023FEF72FF80646AA
:1074A00028460F46FEF776F97DA3D3E90023FEF7C1
:1074B000DBF902460B4630463946FEF71FF8064612
:1074C0000F4601F03FFD0022824600233046394638
:1074D00001F0FAFC48B15046FEF75CF932463B46F3
:1074E00001F0E8FC08B90AF1FF3ABAF1160F59D8D1
:1074F000704901EBCA01DDE90023D1E9000101F087
:1075000001FD002850D00AF1FF3A00230F93149B8D
:107510005D1BB5F1010849BFC5F1010300230593C7
:107520004FF0000858BF0593BAF1000F3EDB00236F
:10753000D044CDF838A00793069B092B00F2908029
:10754000052BC4BF043B0693069BA3F10203CCBFEB
:1075500000250125032B00F28F80DFE803F07D7FFB
:107560003171DDE914531D4405F23240202813DD4A
:10757000C0F14000009B08FA00F805F2124023FA1F
:1075800000F048EA0000FEF7F5F801238246A1F179
:10759000F87B013D139372E7009BC0F1200003FAD2
:1075A00000F0F0E70123B1E70F90B0E7059BA3EBF4
:1075B0000A030593CAF10003079300230E93BBE768
:1075C00001230A930B9B002B59DD02939946666AAF
:1075D00000227260042202F114009842716853D9AB
:1075E000204600F0C7FE636A3060B9F10E0FD3F891
:1075F00000B000F2E680002D00F0E3809DED007BFE
:10760000BAF1000F8DED107B74DD2A4A0AF00F03EA
:1076100002EBC30393ED007B4FEA2A16F0068DEDD3
:10762000087B65D5244BDDE91001D3E90823FEF77B
:1076300045FACDE9000106F00F0603251E4F4CE088
:1076400001230A930B9B534403F1010902934B4618
:10765000012BB8BF0123BAE70023B2E70023F0E70C
:107660000125002306930A954FF0FF3302939946B4
:10767000002212230B92AAE701230A93F4E70123C5
:10768000029399461A46F5E7013171605200A2E76C
:1076900061436F63A787D23FB3C8608B288AC63F18
:1076A000FB799F501344D33F0000F07FC0A8040033
:1076B0000000F83F80AA040058AA0400EDA90400C5
:1076C000F10708D5DDE90801D7E90023FEF7CCF87A
:1076D000CDE90801013576100837002EF0D1DDE93B
:1076E0000823DDE90001FEF7E9F9CDE900011AE020
:1076F0000225A3E700F0A080CAF100069F4BA04F2F
:1077000006F00F0203EBC203D3E90023DDE9100109
:10771000FEF7AAF8CDE90001361100230225002E5C
:107720007FD1002BE1D10F9B002B00F08780DDE99A
:1077300000670022934B3046394601F0C5FB002814
:107740007CD0B9F1000F79D0029B002B35DD0AF116
:10775000FF330893394600228B4B3046FEF784F8FE
:10776000CDE90001029F01352846FEF713F8DDE957
:107770000023FEF779F80022844BFDF7BFFE054693
:10778000A1F15076002F5DD10022814BDDE900018F
:10779000FDF7B2FE2A463346CDE9000101F0B2FB07
:1077A000002840F088822A4606F10043DDE9000106
:1077B00001F08AFB002840F07C82DDE91023CDE94E
:1077C0000023159B002BC0F25081BAF10E0F00F37D
:1077D0004C816A4B03EBCA0393ED007B0B9B002BA0
:1077E0008DED027B80F2D880B9F1000F00F3D480D8
:1077F00040F05E820022664B51EC170BFEF734F826
:10780000DDE9002301F074FB4F464E46002840F0AE
:10781000348231230BF101058BF800300AF1010AA3
:107820002FE2F20705D5D7E90023FEF71DF8013551
:1078300001237610083772E7022574E7CDF820A0FF
:107840004F4691E74D4B03EBC70353E902010A9BF7
:10785000002B47D002460B4600204E49FEF72EF97A
:107860002A463346FDF748FECDE90C015D46DDE9C9
:10787000000101F067FB0646FDF78CFF02460B4650
:10788000DDE90001FDF738FE303605F8016BDDE972
:107890000C23CDE9000101F017FB002863D1DDE9DD
:1078A000002300203749FDF727FEDDE90C2301F016
:1078B0000BFB002840F0B780A5EB0B039F427FF73E
:1078C0007CAF0022304BDDE90C01FDF7CDFF00223B
:1078D000CDE90C012C4BDDE90001FDF7C5FFCDE939
:1078E0000001C4E72A463346FDF7BEFFCDE90C018F
:1078F0000BEB07055E46DDE9000101F023FB0746BF
:10790000FDF748FF303702460B46DDE90001FDF781
:10791000F3FD06F8017BAE42CDE900014FF0000215
:1079200026D11C4BDDE90C01FDF7E8FD02460B46B4
:10793000DDE9000101F0E6FA002874D1DDE90C234D
:1079400000201449FDF7D8FD02460B46DDE9000191
:1079500001F0BAFA00283FF430AF15F8013C302BA3
:1079600005F1FF3202D0DDF820A04AE01546F4E729
:10797000054BFDF779FFCDE90001BCE780AA0400C3
:1079800058AA04000000F03F0000244000001C4002
:10799000000014400000E03FDDE900675D46DDE9DE
:1079A000022330463946FEF789F801F0CBFA8046CB
:1079B000FDF7F0FEDDE90223FDF756FF02460B4618
:1079C0003046394608F13006FDF796FD05F8016BA3
:1079D000A5EB0B06B14502460B4639D1FDF78EFDEE
:1079E000DDE9022306460F4601F08CFAC8B9DDE94D
:1079F00002233046394601F05DFA10B118F0010F4C
:107A00000FD10499204600F0E9FC0023129A2B7054
:107A10000AF101031360219B002B00F041821D60DD
:107A20003EE2CDF820A015F8012C392A05F1FF33EC
:107A300008D19B450AD1089B0133089330238BF86A
:107A400000305B461A7801321A708CE71D46EAE76F
:107A500000229B4BFDF708FF0022002306460F463D
:107A600001F028FA00289AD0CBE70A9A002A00F001
:107A70008B80069A012A6EDC139A002A67D003F2E3
:107A80003343079F059D059A01211A44204605921C
:107A9000984400F043FD0646002D0CDDB8F1000FC0
:107AA00009DD4545059A2B46A8BF4346D21A0592E3
:107AB000ED1AA8EB0308079BEBB10A9B002B67D0DC
:107AC0008FB131463A46204600F0C8FD049A01467F
:107AD0000646204600F02BFD04990890204600F051
:107AE0007DFC089B0493079BDA1B04D00499204675
:107AF00000F0B4FD04900121204600F00FFD0E9B24
:107B00000746002B00F0D0811A460146204600F0BF
:107B1000A5FD069B012B074640DC009B002B39D1BD
:107B2000019BC3F31303002B36D1019B23F00043C9
:107B30001B0D1B052BB1059B0133059308F10108B3
:107B4000012307930E9B002B2AD1012030E0149BC8
:107B5000C3F1360395E7079B09F1FF37BB42BFBF6F
:107B6000079B0797FA1A0E9BBBBF9B180E93DF1B50
:107B70000027B9F1000FB5BF059B059DA3EB0905D3
:107B80004B46B8BF00237EE7079F059D0A9E83E70B
:107B9000079AABE70023D4E7009BD2E700230793C3
:107BA0003B6907EB8303186900F06AFCC0F1200011
:107BB000404410F01F0047D0C0F12003042B3BDDF0
:107BC000059BC0F11C000344059305448044059BBC
:107BD000002B05DD1A460499204600F08DFD049027
:107BE000B8F1000F05DD39464246204600F084FD1D
:107BF00007460F9B53B33946049800F0D1FD002887
:107C000024DA00230A220499204600F0FEFB0A9B96
:107C100004900AF1FF3A002B00F04D810023314619
:107C20000A22204600F0F1FB029B002B06464FDCA7
:107C3000069B022B4CDD11E0C9D0059A1C331A4477
:107C400005921D449844C2E70346F6E7B9F1000FD8
:107C500038DC069B022B35DDCDF80890029B63B91A
:107C600039460522204600F0D0FB0146074604981D
:107C700000F096FD00283FF7CCAD0B9B5D466FEA08
:107C8000030A4FF000093946204600F0A7FB002EFA
:107C90003FF4B7AEB9F1000F05D0B14503D0494666
:107CA000204600F09BFB3146204600F097FBA8E6FB
:107CB00000273E46E1E7DDF820A03E46A9E500BFEB
:107CC000000024400A9BCDF80890002B00F0FA80B9
:107CD000002D05DD31462A46204600F00DFD064602
:107CE000079B002B4CD07168204600F043FB3269A3
:107CF00002320546920006F10C010C30FEF757FAED
:107D000001222946204600F0F7FC009BCDF814B074
:107D100003F00103B1460793064639460498FFF77E
:107D2000A6FA4946054600F13008049800F038FDEF
:107D3000324600903946204600F04CFDC3680246AA
:107D400003BB01460890049800F02AFD089A0346F8
:107D500011462046089300F041FB089BA3B9069A00
:107D600092B9079A82B9B8F1390F29D0009B002B3C
:107D700001DD05F13108059B5D1C83F8008082E779
:107D80003046C2E70123E3E7009A002A04DB25D14D
:107D9000069A1ABB079A0ABB002BECDD0122049954
:107DA000204600F0A9FC3946049000F0F9FC0028B8
:107DB00003DCE0D118F0010FDDD0B8F1390FD8D1D4
:107DC000059B059A5D1C3923137015F8013C392B6E
:107DD00005F1FF324FD00133137054E7059A002BA1
:107DE00002F1010506DDB8F1390FE9D008F101080B
:107DF000059BC2E7029A05F8018CA5EB0B039342A1
:107E000021D000230A220499204600F0FEFAB14551
:107E100004904FF000034FF00A024946204605D176
:107E200000F0F3FA81460646059576E700F0EDFA94
:107E30003146814600230A22204600F0E6FA064633
:107E4000F2E74FF0000901220499204600F054FCAB
:107E50003946049000F0A4FC0028B6DC02D118F0EA
:107E6000010FB2D115F8013C302B05F1FF327FF440
:107E70000AAF1546F6E7934505D131230AF1010A09
:107E80008BF80030FFE615469FE7DFF864B007E0A7
:107E9000219BDFF860B01BB10BF10803219A13603E
:107EA000584617B0BDE8F08F069B012B7FF735AE23
:107EB0000E9B079349E6029B002B03DC069B022BDB
:107EC0003FF7CCAE5D4639460498FFF7D0F900F194
:107ED000300805F8018B029AA5EB0B039A42B0DD3E
:107EE00000230A220499204600F08FFA0490EAE762
:107EF000BFA80400E4A904008A892DE9F0410546E1
:107F000010070C4658D44B68002B05DC0B6C002B7B
:107F100002DC0020BDE8F081E66A002EF9D00023E3
:107F200012F480522F68216A2B6032D0606DA389D1
:107F30005A0705D56368C01A636B0BB1236CC01A6E
:107F400000230246E66A216A2846B047431CA389FB
:107F500006D129681D2948D8294ACA40D60744D5E0
:107F600000226260D9042269226004D5421C01D13A
:107F70002B6803B96065616B2F600029C9D004F1DB
:107F80004403994202D02846FEF74CF90020606372
:107F9000C0E701232846B047411CC8D12B68002BFD
:107FA000C5D01D2B01D0162B01D12F60B1E7A389BD
:107FB00043F04003A381ADE70F69002FA9D09307D9
:107FC0000E6808BF4B690F6018BF0023A6EB0708B7
:107FD0008B60B8F1000F9CDD43463A46216AA66AE1
:107FE0002846B047002806DCA38943F04003A3815C
:107FF0004FF0FF308EE70744A8EB0008E9E700BF29
:108000000100402038B50B6905460C46DBB118B1BC
:1080100083690BB900F060F80C4B9C4209D16C6885
:10802000B4F90C307BB121462846BDE83840FFF753
:1080300063BF074B9C4201D1AC68F1E7054B9C4202
:1080400008BFEC68ECE7002038BD00BF14AA0400AC
:1080500034AA0400F4A90400002310B50446C0E9C2
:108060000033836081814366C281C0E90433836148
:10807000194608225C30FEF7BEF8054B6362054BDB
:10808000A362054BE362054B2462236310BD00BF6E
:10809000A18C0400C38C0400FB8C04001F8D040021
:1080A000014900F085B800BF0580040070B54A1E84
:1080B000682555430E4605F17401FEF701F90446A3
:1080C00040B10021C0E900160C30A06005F1680243
:1080D000FEF791F8204670BD836910B5044633BBA6
:1080E000C0E912330365124B124A1B688262984240
:1080F00004BF0123836100F01FF86060204600F098
:108100001BF8A060204600F017F80022E060042170
:108110006068FFF7A1FF01220921A068FFF79CFF1B
:1081200002221221E068FFF797FF0123A36110BD2F
:1081300090A80400A1800400F8B51B4B1E68B36929
:10814000074613B93046FFF7C7FF4836D6E9013472
:10815000013B03D5336833B13668F7E7B4F90C5007
:108160006DB16834F4E704213846FFF79FFF3060B3
:108170000028F1D10C233B6004462046F8BD0B4B90
:108180006566C4E90055A560C4E90335C4E9055531
:108190000822294604F15C00FEF72DF8C4E90D55CC
:1081A000C4E91255E9E700BF90A804000100FFFFF1
:1081B0002DE9F8438046894600F14804002614B9A9
:1081C0003046BDE8F883D4E90175013F01D5246844
:1081D000F5E7AB89012B07D9B5F90E30013303D090
:1081E00029464046C84706436835EEE7044B1B68FE
:1081F000186A044B002808BF1846F030704700BFCB
:10820000286200208C62002070B50E46B1F90E1075
:10821000002996B014461D4607DA00232B60B38967
:108220001A0610D44FF480630EE06A4600F09EFDFB
:108230000028F2DB019A02F47042A2F500535A4280
:108240005A412A60EEE740230020236016B070BD3B
:108250008B8973B59D0706460C4607D504F1470385
:10826000236023610123636102B070BD01AB6A46E4
:10827000FFF7CAFF009905463046FEF721F848B9D6
:10828000B4F90C309A05EFD423F0030343F0020352
:10829000A381E3E70D4BB362A389206043F0800321
:1082A000A381009B6361019B20615BB1B4F90E1057
:1082B000304600F06DFD28B1A38923F0030343F09D
:1082C0000103A381A3891D43A581CDE7A1800400FB
:1082D00001F0FF01102A2BDB10F0070F08D010F877
:1082E000013B013A8B422DD010F0070F42B3F6D17B
:1082F000F0B441EA012141EA014122F007047FF094
:1083000000070023F0E80256083C85EA010586EAEA
:10831000010685FA47F5A3FA87F586FA47F6A5FA26
:1083200087F68EB9EED1F0BC01F0FF0102F0070232
:1083300032B110F8013B013A83EA010313B1F8D1DD
:108340000020704701387047002D06BF35460338BE
:10835000073815F0010F07D1013015F4807F02BFF7
:10836000013015F4C03F0130F0BC0138704700BF48
:108370007047704770B5456A04460E463DB91020F7
:10838000F9F722FC6062C0E901550560C560656AC5
:10839000EB6883B1636ADB6853F82600B8B9012142
:1083A00001FA06F56A1D92002046FDF72CFF60B128
:1083B000C0E901650EE0212204212046FDF723FFDC
:1083C000636AE860DB68002BE4D1002070BD0268BE
:1083D00043F826200023C0E90333F7E770B5446A69
:1083E00006460D463CB91020F9F7EEFB7062C0E975
:1083F00001440460C4603DB1736A6A68DB6853F885
:108400002210296043F8225070BD2DE9F0410D691A
:108410001F4606460C4601F1140C0023DCF8000050
:1084200081B202FB01710F0C000C02FB007089B2DB
:10843000013301EB00419D424FEA10474CF8041B09
:10844000ECDCD7B1A368AB4212DC61683046013185
:10845000FFF790FF2269023204F10C01804692007E
:108460000C30FDF7A4FE21463046FFF7B7FF444627
:1084700004EB850301355F6125612046BDE8F0818D
:10848000020C12040346B2B90304102013F07F4F0C
:1084900004BF1B02083013F0704F04BF1B010430EF
:1084A00013F0404F04BF9B000230002B06DB5B0043
:1084B00003D5013070470020E8E7202070470368AB
:1084C00013F0070201460BD0DA0723D4980749BFFF
:1084D0005B089B0801200B605CBF0B6002207047AB
:1084E00098B2A8B91B0C102013F0FF0F04BF1B0A91
:1084F00008301A0704BF1B0904309A0704BF9B0801
:108500000230DA0702D45B0806D001300B607047F6
:108510001046E9E7002070472020704710B50C4650
:108520000121FFF727FF01224461026110BD2DE9FF
:10853000F74F14460A6923699A42B8BF0B4688462A
:10854000BCBFA0461C46D8F81070D4F81090D8F8DC
:108550000830D8F8041007EB0906B342B8BF013160
:10856000FFF708FF00F1140505EB860E2B460022ED
:10857000734516D304F1140208F1140102EB8903C8
:1085800001EB87070093009B019293420CD8002EC9
:1085900003DD5EF8043D002B5DD0066103B0BDE84D
:1085A000F08F43F8042BE3E7B2F800B0BBF1000F03
:1085B00023D08946AC464FF0000859F8044BDCF84C
:1085C00000A0A3B21FFA8AFA0BFB03A34FEA144AD6
:1085D000DCF8004043444FEA14480BFB0A8404EBE8
:1085E0001344E2469BB243EA04434F454FEA144822
:1085F0004AF8043B2BD8CCF80480019BB3F802A0C6
:108600000432BAF1000F20D02B688946A8464FF0FB
:10861000000BB9F800C0B8F802400AFB0C445C44F7
:10862000C4469BB243EA04434CF8043B59F8043B6C
:10863000B8F804B01B0C0AFB03B303EB14434F451B
:108640004FEA134B05D8C8F8043004359BE7D446ED
:10865000B3E7E046DDE7013E99E700002DE9F84386
:10866000154612F0030206460F4607D0013A214C88
:10867000002354F82220FFF7C8FE0746AD1035D07E
:10868000746A3CB91020F9F79FFA7062C0E901449E
:108690000460C460D6F82480D8F808404CB940F291
:1086A00071213046FFF73AFF0023C8F8080004465E
:1086B00003604FF00008EB070AD5394622463046E2
:1086C000FFF735FF394681463046FFF787FE4F46B4
:1086D0006D100BD0206838B9224621463046FFF78E
:1086E00026FF2060C0F800800446E4E73846BDE875
:1086F000F88300BF48AB04002DE9F0470C464FEA71
:10870000621A236949680AEB0309A36807461646FB
:1087100009F10105AB4232DB3846FFF72BFE00239F
:10872000804600F114011A4653452BDB20692AEAE2
:10873000EA7A04F1140316F01F0201EB8A0103EB3D
:10874000800C25D0C2F1200E00201E688A4696407B
:1087500030434AF8040B53F8040B9C4520FA0EF002
:1087600014D8486008B109F10205013D3846C8F83F
:1087700010502146FFF732FE4046BDE8F087013138
:108780005B00C7E741F823200133CDE75146DCE722
:10879000043953F8042B41F8042F9C45F9D8E4E739
:1087A00003690A699B1A30B50CD192001430143158
:1087B0008418114454F8045D51F8042D954203D0F7
:1087C00005D30123184630BDA042F3D3FAE74FF09A
:1087D000FF33F7E72DE9F0470D46074611462846D7
:1087E0001446FFF7DDFF061E08D131463846FFF775
:1087F000C1FD0123C0E90436BDE8F087A4BF2346CC
:108800002C4638466168A6BF1D4600260126FFF7A4
:10881000B1FD2B69C660266905F1140904F1140243
:1088200002EB860709EB830800F114054FF0000EF8
:1088300052F804AB59F8044B1EFA8AF1A3B2C91AD4
:10884000230CC3EB1A4303EB214389B24FEA234EB7
:10885000C84541EA0343944645F8043BE8D8BC4583
:1088600004D355F8043D83B10661C5E75CF8041BE9
:108870001EFA81F31A1402EB11429BB243EA02433F
:108880004FEA224E45F8043BE9E7013EE9E72DE9CE
:10889000F7430E46012159EC108B1546FFF76AFD90
:1088A000C9F30A540746C9F3130334BB0193B8F163
:1088B000000327D002A840F8083DFFF700FE00990A
:1088C000F0B1019AC0F1200302FA03F30B43C24056
:1088D0007B610192019BBB61002B14BF022101212E
:1088E0003961C4B1A4F2334404443460C0F13500AA
:1088F0002860384603B0BDE8F08343F48013D5E721
:108900007961E7E701A8FFF7DAFD019B7B610121AF
:1089100039612030E5E707EB8103A0F23240306097
:108920001869FFF7ADFDC0EB4110E1E7F8B5074668
:1089300014460E4621B91146BDE8F840FDF7C0BC0B
:1089400022B9FDF76FFC25462846F8BD00F042FA33
:10895000A0420FD221463846FDF7B2FC054600285A
:10896000F2D031462246FDF722FC31463846FDF76B
:1089700059FCE9E73546E7E72DE9F0478E689E4266
:1089800082460C469046994637D88A8912F4906FF1
:1089900031D0256809696F1A6569022305EB450521
:1089A00095FBF3F509F101033B449D4238BF1D4699
:1089B000530530D52946FDF783FC064650B90C23F4
:1089C000CAF80030A38943F04003A3814FF0FF3081
:1089D000BDE8F0873A462169FDF7E9FBA38923F456
:1089E000906343F08003A381266165613E44ED1BE3
:1089F0002660A5604E464E4500D94E463246414659
:108A00002068FDF7DFFBA3689B1BA36023681E445F
:108A100026600020DCE72A46FFF788FF064600288C
:108A2000E2D121695046FDF7FDFBC8E72DE9F04F83
:108A30009DB0804603938B891D060C4616460FD5C4
:108A40000B696BB94021FDF73BFC2060206128B920
:108A50000C23C8F800304FF0FF30C7E040236361BB
:108A60000023099320238DF8293030238DF82A30F4
:108A70004FF0010B37463D4615F8013B0BB1252B56
:108A80003ED1B7EB060A0BD053463246214640464C
:108A9000FFF772FF013000F0A480099B5344099353
:108AA0003B78002B00F09D8000234FF0FF32CDE992
:108AB0000523049307938DF853301A932F4605220C
:108AC00017F8011B4F48FFF703FC049BD0B9D906E8
:108AD00044BF20228DF853201A0744BF2B228DF863
:108AE00053202A782A2A15D0079A2F4600200A25D3
:108AF000394611F8013B303B092B4DD9B8B10FE095
:108B00002F46B8E73F4A801A0BFA00F0184304904A
:108B10003D46D3E7039A111D12680391002A01DB39
:108B2000079204E0524243F00203079204933B7819
:108B30002E2B0CD17B782A2B33D1039B1A1D1B685B
:108B40000392002BB8BF4FF0FF33023705932E4D31
:108B5000397803222846FFF7BBFB38B14023401B7E
:108B600003FA00F0049B0343013704933978274844
:108B70008DF8281006227E1CFFF7AAFB002838D0AB
:108B8000234B13BB039B073323F0070308330393E3
:108B9000099B4B4409936DE705FB023201200F4608
:108BA000A6E700230137059319460A25384610F831
:108BB000012B303A092A03D9002BC8D00591C6E70A
:108BC00005FB012101230746F0E703AB0093224692
:108BD000104B04A94046FDF79FFDB0F1FF3F8146D1
:108BE000D6D1A3895B063FF536AF09981DB0BDE825
:108BF000F08F03AB00932246064B04A94046FEF7D4
:108C000041F8EAE79EA80400A4A80400A8A804006C
:108C100019670400798904001F2938B504460D46F8
:108C200004D9162303604FF0FF3038BD426C12B1F7
:108C300052F821304BB9204600F030F82A46014660
:108C40002046BDE8384000F017B8012B0AD0591C67
:108C500003D1162303600120E7E7002442F82540F2
:108C6000284698470020E0E7024B01461868FFF7C6
:108C7000D3BF00BF2862002038B5074C002305464B
:108C800008461146236000F0A5F9431C02D1236871
:108C900003B12B6038BD00BF2CA2002000F08AB9C0
:108CA00010B50C46B1F90E1000F09CF80028ABBFCF
:108CB000636DA3891B1823F48053ACBF6365A38144
:108CC00010BD2DE9F0411F468B89DB0505460C469A
:108CD000164605D502230022B1F90E1000F068F8FF
:108CE000A389B4F90E1023F48053A38132463B4686
:108CF0002846BDE8F04100F017B810B50C46B1F9B0
:108D00000E1000F055F8431CA38915BF606523F4CD
:108D1000805343F48053A38118BFA38110BDB1F9E0
:108D20000E1000F013B8000038B5074C0546084691
:108D30001146002222601A46FBF72EFA431C02D18C
:108D4000236803B12B6038BD2CA2002038B5064C37
:108D5000002305460846236000F01CF9431C02D19D
:108D6000236803B12B6038BD2CA2002038B5074C16
:108D70000023054608461146236000F013F9431C02
:108D800002D1236803B12B6038BD00BF2CA20020A4
:108D900038B5064C002305460846236000F012F95A
:108DA000431C02D1236803B12B6038BD2CA20020E4
:108DB00038B5074C054608461146002222601A467F
:108DC00000F010F9431C02D1236803B12B6038BDB9
:108DD0002CA2002051F8043C181F002BBCBF0B58DC
:108DE000C018704738B5074C0546084611460022A2
:108DF00022601A4600F0FEF8431C02D1236803B13A
:108E00002B6038BD2CA200204FF0FF3C06E000BFD5
:108E10004FF0010C02E000BF4FF0010C4DF804CD03
:108E20004FEA410C7FEA6C5C4FEA430C18BF7FEAC3
:108E30006C5C1BD001B050EA410C0CBF52EA430CF1
:108E400091EA030F02BF90EA020F0020704710F171
:108E5000000F91EA030F58BF994208BF90422CBF00
:108E6000D8176FEAE37040F0010070474FEA410CF9
:108E70007FEA6C5C02D150EA013C07D14FEA430C17
:108E80007FEA6C5CD6D152EA033CD3D05DF8040B88
:108E9000704700BF8446104662468C4619466346BA
:108EA00000E000BF01B5FFF7B7FF002848BF10F191
:108EB000000F01BD4DF808EDFFF7F4FF0CBF0120D6
:108EC00000205DF808FB00BF4DF808EDFFF7EAFF52
:108ED00034BF012000205DF808FB00BF4DF808ED0D
:108EE000FFF7E0FF94BF012000205DF808FB00BF02
:108EF0004DF808EDFFF7CEFF94BF012000205DF88C
:108F000008FB00BF4DF808EDFFF7C4FF34BF012098
:108F100000205DF808FB00BF4FEA410C7FEA6C5C63
:108F200002D150EA013C0AD14FEA430C7FEA6C5C63
:108F300002D152EA033C02D14FF0000070474FF0DB
:108F4000010070474FEA410212F5001215D211D507
:108F50006FF47873B3EB625212D94FEAC12343F036
:108F6000004343EA505311F0004F23FA02F018BFB8
:108F7000404270474FF00000704750EA013005D181
:108F800011F0004008BF6FF0004070474FF0000044
:108F9000704700BF024B58221A604FF0FF307047F5
:108FA0002CA20020024B58221A604FF0FF3070476D
:108FB0002CA20020024B58221A604FF0FF3070475D
:108FC0002CA20020024B58221A600020704700BFDC
:108FD0002CA20020024B58221A604FF0FF3070473D
:108FE0002CA20020024B58221A604FF0FF3070472D
:108FF0002CA20020024B58221A604FF0FF3070471D
:109000002CA20020FEE700BFF8B500BFF8BC08BCEA
:109010009E467047F8B500BFF8BC08BC9E46704736
:1090200054696E795553422053657269616C000032
:1090300000000000000000003165020089630200AA
:10904000796302006D630200F16202003D63020079
:1090500011630200D1630200F0FFFFFF0000000077
:109060002965020012010002000000409A232980B5
:10907000000101020301000009020900000100A033
:10908000320000003031323334353637383941421E
:109090004344454648656C746563000048542D6E32
:1090A00035323632000000004164616672756974C1
:1090B000000000004D6173732053746F7261676527
:1090C00000000000312E3000757362640000000063
:1090D000050F3900021810050038B60834A909A098
:1090E000478BFDA0768815B665000101011C1005AF
:1090F00000DF60DDD88945C74C9CD2659D9E648A9F
:109100009F00000306B200020001030000000000FF
:1091100019700200A9700200D57002001D710200D2
:1091200029720200FD720200000000000000000031
:10913000757D020000000000857D0200957D020023
:109140002D7E02007D7F0200000000000000000074
:10915000B5740200CD740200D1740200E9740200FB
:10916000B1750200D9770200000000000000000085
:10917000758C0200998C02009D8C0200C18C02004B
:10918000E98D020069950200000000000000000067
:109190009978020009790200357902005D790200B0
:1091A000917A0200957A02000000000000000000A1
:1091B0004D860200A5860200C1860200E5860200F7
:1091C0003D6D02001D880200000000005F757362A3
:1091D000645F7164656600004F4E00004F464600B4
:1091E0006175746F2D4341443A206368616E6E650A
:1091F0006C20627573792061667465722072657483
:10920000726965732C2061626F727420545800007B
:1092100054585F52455155455354206C656E3D2559
:1092200075207372633D25752073746174653D25E7
:109230006400000073746172745472616E736D69BE
:10924000742829206661696C65642C2073746174CC
:10925000653D25640000000054585F444F4E452092
:1092600061697274696D653D256C752075732C207C
:1092700073656E7420766961207372633D25750095
:10928000545820686172642074696D656F7574202C
:109290002825752062797465732920E280942072F4
:1092A0006573657474696E6720726164696F00002C
:1092B000434144204952512074696D656F75742093
:1092C000E2809420726573657474696E67207261C0
:1092D00064696F002D2D2D006175746F2D4341441D
:1092E00020257300646973706C6179206E616D650F
:1092F00020E28692202725732700000072616469AE
:109300006F205354414E4442590000007261646919
:109310006F20524553554D4520286F6B3D256429DC
:1093200000000000454E5445525F424F4F544C4F91
:10933000414445522072657175657374656420E21D
:10934000809420726573657474696E6720696E74A9
:109350006F204446550000004F54415F4245474945
:109360004E20726563656976656420E280942066AC
:109370006C61736820777269746572206E6F7420F7
:10938000696D706C656D656E746564006672616DA3
:1093900065207061727365206572726F722030781B
:1093A0002530325820287372633D2575290000004E
:1093B000494E464F00000000455252200000000078
:1093C0005741524E000000005B25735D2025730A53
:1093D000000000002E2E2E005B424F4F545D207087
:1093E000726F746F636F6C205541525420757020FA
:1093F0004020256C752062617564202872783D25B7
:10940000642074783D2564290A00000076302E38E7
:109410002E3000002D00000068656C7465635F7479
:10942000313134005B424F4F545D20726573657477
:109430005F726561736F6E3D256420282573290A6C
:109440000000000053583132363220696E697420B2
:109450006661696C21000000436F6E666967206673
:1094600061696C21000000005258207374617274AD
:10947000206661696C210000424F4F5400000000DB
:1094800048656C7465632054313134005B424F4F42
:10949000545D206669726D77617265202573206F57
:1094A0006E20257320726561647920286C6F6F705F
:1094B0002057445420257573290A00003F000000FE
:1094C000257300002F73746174655F6E616D6500B4
:1094D0002F73746174655F73746279002F737461A4
:1094E00074655F61636164000000000000000000BB
:1094F000000000000000000000000000000000006C
:10950000000FFFFFFFFFF8000070000000000E00DA
:1095100000C0000000000300010000000000008007
:109520000200003FFC000040060000FFFF0000209A
:10953000040001FFFF80002008000387FFC0001027
:1095400008000387FFC00010080003CFFFC0000819
:10955000100003FFFFC00008100003FFFFC7C00892
:1095600010000001FFC7F00810007FFFFFC7F808D8
:109570001003FFFFFFC7FE08100FFFFFFFC7FE0825
:10958000101FFFFFFF87FF08103FFFFFFF07FF8847
:10959000107FF00000003F8810FF000000000FC89F
:1095A00010FC00018387C7C811F80003C38FE3C80C
:1095B00011F00003C79C63E811F1F99BE79801E8FB
:1095C00011E1CD9BEF9801E811E18D9BBD9801E879
:1095D00011E186F3BD9801E811E18CF3999C21E833
:1095E00011E1FC63918FE3E811E1F8638187C3E83F
:1095F00011E180E0000007C811F181C000000FC830
:1096000011F0000000003FC810F8001FFFFFFF88A6
:1096100010FC007FFFFFFF88107F01FFFFFFFF08A6
:10962000107FE3FFFFFFFE08103FE3FFFFFFFE0890
:10963000101FE7FFFFFFFC08100FE7FFFFFFF00818
:109640001007E7FFFFFFE0081001E7FFFFFF00083A
:10965000100067FF80000008100007FFFFF80008F7
:10966000100007FFFFF80008100007FFFCF80008D3
:10967000080003FFF8780008080003FFF8780010DE
:10968000080001FFFCF00010040000FFFFE00010E4
:109690000400007FFFC000200200000FFF000060F8
:1096A00001000000000000C00080000000000180F8
:1096B00000600000000003000038000000000C0003
:1096C0000007FFFFFFFFE0000000000000000000B7
:1096D000000000000000000000000000000000008A
:1096E000000000000000000070794D430000000001
:1096F0005354414E44425900726164696F206F6651
:109700006620E28094206177616974696E672052F7
:109710004553554D450000005253534920202D2DEF
:1097200000000000525353492025642020534E521C
:1097300020252E3166000000252E33664D2053462D
:109740002575204257256C750000000043522034D7
:109750002F257520205077722025642064426D00EB
:10976000202054582000000052582000444941470E
:1097700000000000256C753A2530326C753A2530B2
:10978000326C7500557020004352432000000000E9
:10979000524144494F000000252E3366204D487A3F
:1097A0000000000046200000425720256C75202054
:1097B00053462025752020342F2575202025642030
:1097C00064426D0073796E63203078253034582000
:1097D00020707265202575004552524F52000000DE
:1097E0000000FFFF000080000000000008000800EB
:1097F0000000000000000000E8030000FFFFFFFF82
:10980000FFFFFFFFFFFFFFFFFFFFFFFFFFFFFFFF68
:109810000000000000000000E940030001420300D6
:10982000F1410300E1410300D1410300C1410300C4
:10983000B5410300AD410300D1400300A94103003D
:10984000714103005D410300ED4003004D41030001
:10985000FD40030045410300F54003002D42030095
:109860000D42030031410300254103002141030063
:10987000E5400300A9900300000000000000000084
:109880000338FDD8704700000000D9439A999940E9
:109890000A0000000000D9439A9999400000A040B6
:1098A0000000FA420A0010000000D9430000FA420A
:1098B0000907120A0800000022FB12001103210010
:1098C0001106210322021406110B120B110E120EA7
:1098D00011141116220B13152111240D2114211618
:1098E00022152315411341143314521361165216D5
:1098F000531663166416741653583132363100000D
:1099000000000000000000001DCF0200D1D10200C5
:109910005D5C0300E57503002576030065760300B2
:10992000795103004D8D0300E9590300018D0300B7
:109930000156030001580300955803001D5403000D
:1099400009540300BD42030085800300E17C03004D
:10995000E1840300C9870300A588030021430300B5
:10996000954203004D850300E17F03005D81030004
:109970003183030009570300E5560300A556030091
:1099800095510300255E03005D5303006D540300F1
:10999000555403007D53030049570300215603002B
:1099A0007959030055510300255B030099540300C6
:1099B00089530300D9550300697D0300B17D03007D
:1099C000697D0300B17D0300697D0300B17D030063
:1099D000114E0300D5530300A56103006155030038
:1099E00091530300517C0300817C0300E57D03005B
:1099F000A17C0300B5780300C94C0300214B030090
:109A0000714803009D490300CD4403001147030042
:109A1000ED45030079430300FFFFFFFF0000000056
:109A2000800100008001000012AD101B12AD00008B
:109A30000000000000000000D1530300F5550300B2
:109A40005D5C0300E5750300257603006576030081
:109A5000795103004D8D0300E9590300018D030086
:109A60000156030001580300955803001D540300DC
:109A700009540300758C030085800300E17C03001A
:109A8000E1840300C9870300A5880300858C0300D7
:109A90008D8C03004D850300E17F03005D81030091
:109AA0003183030009570300E5560300A556030060
:109AB00095510300255E03005D5303006D540300C0
:109AC000555403007D5303004957030021560300FA
:109AD0007959030055510300255B03009954030095
:109AE00089530300D9550300697D0300B17D03004C
:109AF000697D0300B17D0300697D0300B17D030032
:109B00005D8C0300D5530300A5610300615503007C
:109B100091530300517C0300817C0300E57D030029
:109B2000A17C0300B57803000101000001000100E1
:109B300000000100010000005000B0001801780191
:109B4000B0021803C8053006300C980C0F0603004D
:109B500000122436480416283A4C081A2C3E0C1ED3
:109B600030421022344601132537490517293B4D51
:109B7000091B2D3F0D1F3143112335470214263891
:109B80004A06182A3C4E0A1C2E400E203244031569
:109B900027394B07192B3D4F0B1D2F410F21334503
:109BA0003500420055006B008400AB00D70008016F
:109BB0005601AE011002AC025C0320045805B50644
:109BC0003C08AC0A640D6B101F170F1E160E1D15F6
:109BD0000D1C140C1B130B1A120A1911090000009A
:109BE0000108AC00000000000000000000000000C0
:109BF00000000000458C0300558C0300E98C030035
:109C00005D8C0300558C03004D8D03004D8C0300CB
:109C1000018D0300558C0300558C0300658C0300F7
:109C20006D8C0300558C0300758C0300758C03004C
:109C3000758C03005D8C03005D8C03007D8C03003C
:109C4000858C03008D8C0300658C03006D8C0300F4
:109C5000958C0300958C0300A58C0300A98C030050
:109C6000A98C0300B18C0300BD8C0300BD8C0300E4
:109C7000C18C03006D8C03006D8C0300558C0300B8
:109C8000C98C0300558C0300558C0300C98C03005C
:109C9000D18C0300D58C0300D98C0300D58C030034
:109CA000DD8C0300D58C0300DD8C0300D58C030014
:109CB000DD8C03005D8C0300C98C0300E18C030084
:109CC000558C0300791B040030211203120330214C
:109CD00003122130213003124370340725165261DC
:109CE00052612516340743700734704361521625BC
:109CF00016256152704307343407437052612516AC
:109D0000251652614370340770430734162561529B
:109D10006152162507347043000000000000000067
:109D20000000000000000000791B0400791B040003
:109D3000791B0400791B0400791B0400791B0400C3
:109D4000791B0400791B0400791B0400791B0400B3
:109D5000791B0400791B0400791B0400791B0400A3
:109D6000791B040099900300999003009D900300D3
:109D7000A190030099900300A5900300A99003000F
:109D800000000000003E5B4F5B3E3E6B4F6B3E1C95
:109D90003E7C3E1C183C7E3C181C577D571C1C5EAC
:109DA0007F5E1C00183C1800FFE7C3E7FF00182483
:109DB0001800FFE7DBE7FF30483A060E262979292D
:109DC00026407F050507407F05253F5A3CE73C5A62
:109DD0007F3E1C1C08081C1C3E7F14227F22145F3F
:109DE0005F005F5F06097F017F006689956A60609A
:109DF00060606094A2FFA29408047E040810207E94
:109E0000201008082A1C08081C2A08081E10101018
:109E1000100C1E0C1E0C30383E3830060E3E0E065E
:109E2000000000000000005F0000000700070014B1
:109E30007F147F14242A7F2A122313086462364970
:109E40005620500008070300001C22410000412258
:109E50001C002A1C7F1C2A08083E0808008070305D
:109E600000080808080800006060002010080402CC
:109E70003E5149453E00427F4000724949494621D2
:109E800041494D331814127F1027454545393C4A46
:109E9000494931412111090736494949364649495D
:109EA000291E0000140000004034000000081422A5
:109EB0004114141414140041221408020159090613
:109EC0003E415D594E7C1211127C7F494949363E14
:109ED000414141227F4141413E7F494949417F09FA
:109EE0000909013E414151737F0808087F00417F05
:109EF00041002040413F017F081422417F40404003
:109F0000407F021C027F7F0408107F3E4141413E9A
:109F10007F090909063E4151215E7F09192946261C
:109F20004949493203017F01033F4040403F1F2020
:109F300040201F3F4038403F6314081463030478F7
:109F400004036159494D43007F4141410204081017
:109F500020004141417F0402010204404040404052
:109F6000000307080020545478407F2844443838C0
:109F700044444428384444287F3854545418000832
:109F80007E090218A4A49C787F0804047800447D0C
:109F900040002040403D007F1028440000417F40A9
:109FA000007C047804787C080404783844444438FD
:109FB000FC1824241818242418FC7C0804040848DD
:109FC0005454542404043F44243C4040207C1C202E
:109FD00040201C3C4030403C44281028444C909089
:109FE000907C4464544C44000836410000007700E3
:109FF00000004136080002010204023C2623263CF0
:10A000001EA1A161123A4040207A3854545559217A
:10A010005555794122545478422155547840205462
:10A020005579400C1E5272123955555559395454B0
:10A03000545939555454580000457C410002457D1F
:10A04000420001457C407D1211127DF0282528F048
:10A050007C545545002054547C547C0A097F493275
:10A06000494949323A4444443A324A4848303A41EC
:10A0700041217A3A42402078009DA0A07D3D424295
:10A08000423D3D4040403D3C24FF2424487E49431E
:10A09000662B2FFC2F2BFF0929F620C0887E090391
:10A0A00020545479410000447D413048484A3238B8
:10A0B0004040227A007A0A0A727D0D19317D2629E4
:10A0C000292F28262929292630484D4020380808DC
:10A0D000080808080808382F10C8ACBA2F10283410
:10A0E000FA00007B000008142A142222142A140803
:10A0F0005500550055AA55AA55AAFF55FF55FF0012
:10A100000000FF00101010FF00141414FF001010C6
:10A11000FF00FF1010F010F0141414FC001414F7DA
:10A1200000FF0000FF00FF1414F404FC14141710C7
:10A130001F10101F101F1414141F00101010F00017
:10A140000000001F101010101F10101010F0100051
:10A150000000FF101010101010101010FF10000061
:10A1600000FF140000FF00FF00001F10170000FC9C
:10A1700004F414141710171414F404F40000FF006E
:10A18000F714141414141414F700F71414141714F7
:10A1900010101F101F141414F4141010F010F000FD
:10A1A000001F101F0000001F14000000FC1400001E
:10A1B000F010F01010FF10FF141414FF1410101002
:10A1C0001F00000000F010FFFFFFFFFFF0F0F0F0B5
:10A1D000F0FFFFFF0000000000FFFF0F0F0F0F0F49
:10A1E0003844443844FC4A4A4A347E020206060295
:10A1F0007E027E0263554941633844443C04407EFC
:10A20000201E2006027E020299A5E7A5991C2A4974
:10A210002A1C4C7201724C304A4D4D3030487848FF
:10A2200030BC625A463D3E494949007E0101017EEB
:10A230002A2A2A2A2A44445F444440514A4440403E
:10A24000444A51400000FF0103E080FF000008087D
:10A250006B6B083612362436060F090F06000018FD
:10A26000180000001010003040FF0101001F010124
:10A270001E00191D1712003C3C3C3C000000000071
:10A280000000000000000000A59D0300A5090400D7
:10A29000996A0200DD900300791B0400E19003003D
:10A2A000E590030071940300F59003000991030009
:10A2B0003D930300E1900300219103001D910300F1
:10A2C000A1960300C5950300ED9103000D950300D1
:10A2D000459103006D9203000000000000000000A3
:10A2E000A59D0300A5090400996A0200DD90030002
:10A2F0009DA20300A9A00300F5A1030065A6030029
:10A3000045A70300C5A703003D930300D9A00300A0
:10A3100021910300FDA003003DA9030049A803000B
:10A320002DAA03000D950300459103006D920300D3
:10A33000791B0400791B04000901809611800A3AF8
:10A3400081550A3601082A04000000F02B040000A1
:10A35000014021800A13800A29800A0000000000C1
:10A3600000000000A59D0300A5090400996A0200F1
:10A37000DD9003009DA20300A9A00300F5A1030046
:10A3800065A6030045A70300C5A703003D9303008E
:10A39000D9A0030095AF0300FDA003003DA9030071
:10A3A00049A803002DAA03000D9503004591030061
:10A3B0006D9203001DB1030039B1030000000000DD
:10A3C00000000000A59D0300A5090400996A020091
:10A3D000DD9003009DA20300A9A00300F5A10300E6
:10A3E00065A6030045A70300C5A703003D9303002E
:10A3F000D9A0030089B10300FDA003003DA903001B
:10A4000049A803002DAA03000D9503004591030000
:10A410006D9203001DB1030039B10300000000007C
:10A4200000000000F1B20300F5B2030000000000DC
:10A430000000000085B5030005B40300996A02001E
:10A44000F9B40300B5B4030029B5030045B4030013
:10A450006C66735F63616368655F72656164000069
:10A460006C66735F63616368655F70726F6700003D
:10A470006C66735F63747A5F66696E6400000000E7
:10A480006C66735F63747A5F657874656E640000F0
:10A490006C66735F66696C655F73796E630000005C
:10A4A0006C66735F72656D6F766500006C66735FD6
:10A4B000696E6974000000007063616368652D3E19
:10A4C000626C6F636B203D3D203078666666666621
:10A4D00066666600626C6F636B203C206C66732D51
:10A4E0003E6366672D3E626C6F636B5F636F756E74
:10A4F000740000002F686F6D652F72756E6E657247
:10A500002F2E706C6174666F726D696F2F7061634E
:10A510006B616765732F6672616D65776F726B2D06
:10A5200061726475696E6F61646166727569746E7B
:10A53000726635322F6C69627261726965732F4180
:10A54000646166727569745F4C6974746C654653B6
:10A550002F7372632F6C6974746C6566732F6C66ED
:10A56000732E630068656164203E3D2032202626FC
:10A570002068656164203C3D206C66732D3E6366F7
:10A58000672D3E626C6F636B5F636F756E74000066
:10A590002F0000002E2E0000656E7472792E642E3E
:10A5A00074797065203D3D204C46535F54595045A9
:10A5B0005F524547000000006E626C6F636B203E87
:10A5C0003D2032202626206E626C6F636B203C3D5E
:10A5D000206C66732D3E6366672D3E626C6F636B05
:10A5E0005F636F756E7400006C66732D3E63666703
:10A5F0002D3E6C6F6F6B616865616420252033327E
:10A60000203D3D20300000006C66732D3E63666780
:10A610002D3E6C6F6F6B6168656164203E20300079
:10A620006C66732D3E6366672D3E70726F675F7355
:10A63000697A652025206C66732D3E6366672D3E22
:10A64000726561645F73697A65203D3D203000006A
:10A650006C66732D3E6366672D3E626C6F636B5F45
:10A6600073697A652025206C66732D3E6366672DBD
:10A670003E70726F675F73697A65203D3D203000E0
:10A68000342A6C66735F6E7077322830786666663F
:10A690006666666666202F20286C66732D3E6366AC
:10A6A000672D3E626C6F636B5F73697A652D322A2A
:10A6B000342929203C3D206C66732D3E6366672D4E
:10A6C0003E626C6F636B5F73697A65006C6974746A
:10A6D0006C65667300000000726573000000000086
:10A6E0006410B71DC8206E3BAC30D9269041DC7693
:10A6F000F4516B6B5861B24D3C7105502083B8ED3D
:10A7000044930FF0E8A3D6D68CB361CBB0C2649B60
:10A71000D4D2D38678E20AA01CF2BDBD00000000AE
:10A72000000000006D04040081040400FF0000002C
:10A73000FF00000002000000030000000400000011
:10A7400005000000060000000700000008000000EF
:10A75000090000000A0000000B0000000C000000CF
:10A760000D0000000E0000000F00000010000000AF
:10A77000110000001200000013000000140000008F
:10A78000150000001600000017000000180000006F
:10A79000190000001A0000001B0000001C0000004F
:10A7A0001D0000001E0000001F000000200000002F
:10A7B000210000002200000023000000240000000F
:10A7C00025000000260000002700000028000000EF
:10A7D000290000002A0000002B0000002C000000CF
:10A7E0002D0000002E0000002F00000000000000DF
:10A7F00000000000210904000D0A00000000000014
:10A8000000000000610F0400AD0F04001D0F0400E4
:10A81000350F0400050F0400150F04000D0F040090
:10A82000091004002D120400610E0400590E0400EA
:10A83000546D725100000000546D72205376630015
:10A840006C6F6F700000000043616C6C6261636B41
:10A85000000000002C2066756E6374696F6E3A20EC
:10A8600000617373657274696F6E202225732220F4
:10A870006661696C65643A2066696C65202225739F
:10A88000222C206C696E65202564257325730A00CF
:10A890002C6200204300504F534958002E00232DB6
:10A8A000302B2000686C4C006566674546470049C0
:10A8B0004E4600696E66004E414E006E616E00307D
:10A8C000003031323334353637383941424344452C
:10A8D000460030313233343536373839616263649B
:10A8E0006566000020202020202020202028282805
:10A8F0002828202020202020202020202020202048
:10A90000202020208810101010101010101010108F
:10A9100010101010040404040404040404041010AF
:10A92000101010101041414141414101010101014C
:10A9300001010101010101010101010101010110F8
:10A940001010101010424242424242020202020221
:10A9500002020202020202020202020202020210C9
:10A960001010102000000000000000000000000097
:10A9700000000000000000000000000000000000D7
:10A9800000000000000000000000000000000000C7
:10A9900000000000000000000000000000000000B7
:10A9A00000000000000000000000000000000000A7
:10A9B0000000000000000000000000000000000097
:10A9C0000000000000000000000000000000000087
:10A9D0000000000000000000000000000000000077
:10A9E00000000000496E66696E697479004E614E20
:10A9F0000000000000000000000000000000000057
:10AA00000000000000000000000000000000000046
:10AA10000000000000000000000000000000000036
:10AA20000000000000000000000000000000000026
:10AA30000000000000000000000000000000000016
:10AA40000000000000000000000000000000000006
:10AA500000000000000000000080E03779C341439F
:10AA6000176E05B5B5B89346F5F93FE9034F384D74
:10AA7000321D30F94877825A3CBF737FDD4F157520
:10AA8000000000000000F03F000000000000244033
:10AA900000000000000059400000000000408F400E
:10AAA000000000000088C34000000000006AF84079
:10AAB0000000000080842E4100000000D01263419D
:10AAC0000000000084D797410000000065CDCD4113
:10AAD000000000205FA00242000000E876483742F4
:10AAE000000000A2941A6D42000040E59C30A24292
:10AAF0000000901EC4BCD64200003426F56B0C4307
:10AB00000080E03779C3414300A0D88557347643AD
:10AB100000C84E676DC1AB43003D9160E458E1430E
:10AB2000408CB5781DAF154450EFE2D6E41A4B4483
:10AB300092D54D06CFF08044F64AE1C7022DB544C8
:10AB4000B49DD9794378EA4405000000190000005B
:08AB50007D0000000000000080
:08AB5800F8B6FD7F01000000CA
:10AB6000000000000A00000000000306B200080018
:10AB700001000000A800080002000000A00014006E
:10AB8000030057494E5553420000000000000000EA
:10AB900000008400040007002A00440065007600DD
:10ABA00069006300650049006E0074006500720072
:10ABB00066006100630065004700550049004400DD
:10ABC0007300000050007B0039003700350046005C
:10ABD00034003400440039002D00300044003000BF
:10ABE00038002D0034003300460044002D003800AA
:10ABF0004200330045002D00310032003700430091
:10AC0000410038004100460046004600390044003B
:10AC10007D000000000000000400000010000C0097
:10AC200064730020CC9104000000000000000000CC
:10AC30000000000000000000000000000000000014
:10AC40000000000000000000000000000000000004
:10AC500000000000000000000000000000000000F4
:10AC600000000000000000000000000000000000E4
:10AC70000000000000000000FF1600000000C6C237
:10AC80005051D53324F400000808161200100A01B0
:10AC900000000000000000000000000000000000B4
:10ACA00000000000000000000000000000000000A4
:10ACB0000000000000000000000000800000000014
:10ACC0000D0A526164696F4C696220496E666F0AB1
:10ACD00056657273696F6E3A202022372E372E31F7
:10ACE0002E30220D0A506C6174666F726D3A20220C
:10ACF0004164616672756974206E52463532220D68
:10AD00000A224A756E20313120323032362220221A
:10AD100031363A34323A3235220000000000000069
:10AD2000F1040400D5040400A90404009D040400F7
:10AD3000800000008000000080000000E0000000B3
:10AD40008000000000000000000000000000000083
:10AD500000000000A5050400150604009905040084
:10AD600089050400FFFFFFFFD47E002002000000E1
:10AD700030A200200090D003B4A10020C8A1002080
:10AD8000DCA10020F0A100202C62002000000000C7
:10AD900014AA040034AA0400F4A90400000000006E
:10ADA00000000000000000000000000000000000A3
:10ADB0000000000000000000000000000000000093
:10ADC0000000000000000000000000000000000083
:10ADD0000000000000000000000000000000000073
:10ADE0000000000000000000000000004300000020
:10ADF0000000000000000000000000000000000053
:10AE000000000000000000000000000043000000FF
:10AE10000000000000000000000000000000000032
:10AE200000000000000000000000000043000000DF
:10AE30000000000000000000000000000000000012
:10AE400000000000000000000000000043000000BF
:10AE500000000000000000000000000000000000F2
:10AE6000000000000000000000000000430000009F
:10AE700000000000000000000000000000000000D2
:10AE8000000000000000000000000000430000007F
:10AE900000000000000000000000000000000000B2
:10AEA000000000000000000000000000430000005F
:10AEB0000000000000000000000000000000000092
:10AEC00000000000000000000000000069710400A4
:10AED0006D61040000000000E3A804009CA80400C9
:10AEE0008FA804008FA804008FA804008FA8040076
:10AEF0008FA804008FA804008FA804008FA8040066
:10AF00008FA80400FFFFFFFFFFFFFFFFFFFFFFFF12
:10AF1000FFFF0000010041534349490000000000C9
:10AF20000000000000000000000000000000000021
:10AF300000000000000041534349490000000000A8
:10AF40000000000000000000000000000000000001
:10AF500000000000000000000162020035620200F3
:10AF600025660200DDD10200C92D03001530030063
:10AF7000D9750300198F030049050400450E04002C
:0CAF8000CD1404005552040011620200C0
:0400000340004099E0
:00000001FF
